atmos_pressure, temp_mean, rh_mean, vapor_pressure_mean, wspd_arith_mean
1.000000,-0.483014,-0.030875,-0.506039,-0.157477
-0.483014,1.000000,-0.418060,0.705798,0.219017
-0.030875,-0.418060,1.000000,0.263975,-0.231274
-0.506039,0.705798,0.263975,1.000000,0.108116
-0.157477,0.219017,-0.231274,0.108116,1.000000
