atmos_pressure, temp_mean, rh_mean, vapor_pressure_mean, wspd_arith_mean
1.000000,-0.788595,0.787796,0.484192,-0.783154
-0.788595,1.000000,-0.991483,-0.076311,0.940390
0.787796,-0.991483,1.000000,0.124793,-0.923014
0.484192,-0.076311,0.124793,1.000000,-0.091036
-0.783154,0.940390,-0.923014,-0.091036,1.000000
