atmos_pressure, temp_mean, rh_mean, vapor_pressure_mean, wspd_arith_mean
1.000000,-0.519352,0.193636,-0.253096,-0.264277
-0.519352,1.000000,-0.423517,0.526852,0.181388
0.193636,-0.423517,1.000000,0.445770,-0.211302
-0.253096,0.526852,0.445770,1.000000,-0.034168
-0.264277,0.181388,-0.211302,-0.034168,1.000000
