atmos_pressure, temp_mean, rh_mean, vapor_pressure_mean, wspd_arith_mean
1.000000,0.487826,0.913737,0.795408,0.100989
0.487826,1.000000,0.631917,0.887374,0.630167
0.913737,0.631917,1.000000,0.916967,0.295229
0.795408,0.887374,0.916967,1.000000,0.495398
0.100989,0.630167,0.295229,0.495398,1.000000
