atmos_pressure, temp_mean, rh_mean, vapor_pressure_mean, wspd_arith_mean
1.000000,0.347052,-0.334924,-0.091942,-0.167147
0.347052,1.000000,-0.989912,-0.062639,-0.150686
-0.334924,-0.989912,1.000000,0.150816,0.098313
-0.091942,-0.062639,0.150816,1.000000,0.112389
-0.167147,-0.150686,0.098313,0.112389,1.000000
