atmos_pressure, temp_mean, rh_mean, vapor_pressure_mean, wspd_arith_mean
1.000000,-0.257235,-0.874498,-0.883369,-0.463881
-0.257235,1.000000,-0.004223,0.525692,0.806482
-0.874498,-0.004223,1.000000,0.845232,0.253210
-0.883369,0.525692,0.845232,1.000000,0.644450
-0.463881,0.806482,0.253210,0.644450,1.000000
