atmos_pressure, temp_mean, rh_mean, vapor_pressure_mean, wspd_arith_mean
1.000000,-0.628855,-0.129813,-0.741132,-0.163581
-0.628855,1.000000,-0.415681,0.805039,0.230786
-0.129813,-0.415681,1.000000,0.119388,-0.290748
-0.741132,0.805039,0.119388,1.000000,0.110360
-0.163581,0.230786,-0.290748,0.110360,1.000000
