atmos_pressure, temp_mean, rh_mean, vapor_pressure_mean, wspd_arith_mean
1.000000,-0.558096,0.248456,-0.495445,-0.338937
-0.558096,1.000000,-0.698766,0.704666,0.270222
0.248456,-0.698766,1.000000,-0.044551,-0.343114
-0.495445,0.704666,-0.044551,1.000000,0.065986
-0.338937,0.270222,-0.343114,0.065986,1.000000
