atmos_pressure, temp_mean, rh_mean, vapor_pressure_mean, wspd_arith_mean
1.000000,-0.796810,0.381756,-0.960431,-0.827223
-0.796810,1.000000,-0.845095,0.865896,0.830709
0.381756,-0.845095,1.000000,-0.473218,-0.594107
-0.960431,0.865896,-0.473218,1.000000,0.828712
-0.827223,0.830709,-0.594107,0.828712,1.000000
