atmos_pressure, temp_mean, rh_mean, vapor_pressure_mean, wspd_arith_mean
1.000000,0.543082,-0.896730,-0.891301,0.142039
0.543082,1.000000,-0.771319,-0.328245,0.532999
-0.896730,-0.771319,1.000000,0.839820,-0.417281
-0.891301,-0.328245,0.839820,1.000000,-0.108346
0.142039,0.532999,-0.417281,-0.108346,1.000000
