atmos_pressure, temp_mean, rh_mean, vapor_pressure_mean, wspd_arith_mean, tbrg_precip_total_corr
1.000000,-0.731352,0.418537,-0.763679,0.275670,-0.199730
-0.731352,1.000000,-0.821906,0.780505,-0.366765,0.407761
0.418537,-0.821906,1.000000,-0.365753,0.357129,-0.380298
-0.763679,0.780505,-0.365753,1.000000,-0.179342,0.144559
0.275670,-0.366765,0.357129,-0.179342,1.000000,-0.177227
-0.199730,0.407761,-0.380298,0.144559,-0.177227,1.000000
