atmos_pressure, temp_mean, rh_mean, vapor_pressure_mean, wspd_arith_mean, tbrg_precip_total_corr
1.000000,-0.385426,-0.180711,-0.430379,-0.267972,-0.119230
-0.385426,1.000000,0.111174,0.966031,-0.291639,0.271707
-0.180711,0.111174,1.000000,0.338076,0.174944,-0.029965
-0.430379,0.966031,0.338076,1.000000,-0.245924,0.258064
-0.267972,-0.291639,0.174944,-0.245924,1.000000,-0.019139
-0.119230,0.271707,-0.029965,0.258064,-0.019139,1.000000
