atmos_pressure, temp_mean, rh_mean, vapor_pressure_mean, wspd_arith_mean
1.000000,-0.800815,0.563269,-0.711796,-0.135796
-0.800815,1.000000,-0.875649,0.759998,0.361540
0.563269,-0.875649,1.000000,-0.362688,-0.138329
-0.711796,0.759998,-0.362688,1.000000,0.591152
-0.135796,0.361540,-0.138329,0.591152,1.000000
