atmos_pressure, temp_mean, rh_mean, vapor_pressure_mean, wspd_arith_mean
1.000000,-0.054486,-0.332403,-0.913489,0.032337
-0.054486,1.000000,-0.913349,0.021554,0.315797
-0.332403,-0.913349,1.000000,0.378469,-0.292050
-0.913489,0.021554,0.378469,1.000000,0.126223
0.032337,0.315797,-0.292050,0.126223,1.000000
