atmos_pressure, temp_mean, rh_mean, vapor_pressure_mean, wspd_arith_mean
1.000000,-0.499544,-0.013126,-0.465851,-0.245531
-0.499544,1.000000,-0.355320,0.766835,0.352736
-0.013126,-0.355320,1.000000,0.263050,-0.303999
-0.465851,0.766835,0.263050,1.000000,0.205472
-0.245531,0.352736,-0.303999,0.205472,1.000000
