atmos_pressure, temp_mean, rh_mean, vapor_pressure_mean, wspd_arith_mean
1.000000,0.194027,-0.145739,0.047076,-0.656824
0.194027,1.000000,-0.984607,0.394622,0.084232
-0.145739,-0.984607,1.000000,-0.259552,-0.071959
0.047076,0.394622,-0.259552,1.000000,0.312644
-0.656824,0.084232,-0.071959,0.312644,1.000000
