atmos_pressure, temp_mean, rh_mean, vapor_pressure_mean, wspd_arith_mean
1.000000,-0.567709,0.074483,-0.539979,-0.064825
-0.567709,1.000000,-0.585142,0.736059,0.260060
0.074483,-0.585142,1.000000,-0.005079,-0.252793
-0.539979,0.736059,-0.005079,1.000000,0.194060
-0.064825,0.260060,-0.252793,0.194060,1.000000
