atmos_pressure, temp_mean, rh_mean, vapor_pressure_mean, wspd_arith_mean, tbrg_precip_total_corr
1.000000,-0.619493,-0.536878,-0.986351,-0.265678,-0.416248
-0.619493,1.000000,-0.310426,0.625520,0.442992,0.215162
-0.536878,-0.310426,1.000000,0.547231,-0.202200,0.272890
-0.986351,0.625520,0.547231,1.000000,0.231719,0.412362
-0.265678,0.442992,-0.202200,0.231719,1.000000,-0.071287
-0.416248,0.215162,0.272890,0.412362,-0.071287,1.000000
