atmos_pressure, temp_mean, rh_mean, vapor_pressure_mean, wspd_arith_mean
1.000000,-0.525734,-0.100016,-0.588144,-0.163159
-0.525734,1.000000,-0.482991,0.655148,0.374015
-0.100016,-0.482991,1.000000,0.282551,-0.350889
-0.588144,0.655148,0.282551,1.000000,0.177419
-0.163159,0.374015,-0.350889,0.177419,1.000000
