atmos_pressure, temp_mean, rh_mean, vapor_pressure_mean, wspd_arith_mean
1.000000,-0.437093,-0.096516,-0.553058,-0.395794
-0.437093,1.000000,-0.539521,0.697550,0.313286
-0.096516,-0.539521,1.000000,0.167384,-0.166088
-0.553058,0.697550,0.167384,1.000000,0.219958
-0.395794,0.313286,-0.166088,0.219958,1.000000
