atmos_pressure, temp_mean, rh_mean, vapor_pressure_mean, wspd_arith_mean
1.000000,-0.538697,0.131371,-0.444788,-0.285058
-0.538697,1.000000,-0.469122,0.804683,0.249966
0.131371,-0.469122,1.000000,0.075022,-0.375001
-0.444788,0.804683,0.075022,1.000000,0.060249
-0.285058,0.249966,-0.375001,0.060249,1.000000
