atmos_pressure, temp_mean, rh_mean, vapor_pressure_mean, wspd_arith_mean
1.000000,-0.704113,0.487180,-0.100604,-0.372321
-0.704113,1.000000,-0.586874,0.237659,0.555229
0.487180,-0.586874,1.000000,0.632895,0.099733
-0.100604,0.237659,0.632895,1.000000,0.684385
-0.372321,0.555229,0.099733,0.684385,1.000000
