atmos_pressure, temp_mean, rh_mean, vapor_pressure_mean, wspd_arith_mean, tbrg_precip_total_corr
1.000000,-0.260307,-0.752079,-0.518228,-0.441701,0.345673
-0.260307,1.000000,0.489445,0.877293,0.311255,0.176398
-0.752079,0.489445,1.000000,0.826008,0.425397,-0.108056
-0.518228,0.877293,0.826008,1.000000,0.366340,0.078864
-0.441701,0.311255,0.425397,0.366340,1.000000,-0.207713
0.345673,0.176398,-0.108056,0.078864,-0.207713,1.000000
