atmos_pressure, temp_mean, rh_mean, vapor_pressure_mean, wspd_arith_mean
1.000000,-0.849215,0.749074,-0.795075,-0.912421
-0.849215,1.000000,-0.976103,0.804563,0.904663
0.749074,-0.976103,1.000000,-0.679875,-0.848672
-0.795075,0.804563,-0.679875,1.000000,0.732734
-0.912421,0.904663,-0.848672,0.732734,1.000000
