atmos_pressure, temp_mean, rh_mean, vapor_pressure_mean, wspd_arith_mean
1.000000,-0.786177,0.880150,-0.508054,0.431623
-0.786177,1.000000,-0.803626,0.887407,-0.418071
0.880150,-0.803626,1.000000,-0.440364,0.407528
-0.508054,0.887407,-0.440364,1.000000,-0.307421
0.431623,-0.418071,0.407528,-0.307421,1.000000
