atmos_pressure, temp_mean, rh_mean, vapor_pressure_mean, wspd_arith_mean, tbrg_precip_total_corr
1.000000,-0.107957,0.129103,-0.046802,-0.151384,-0.116622
-0.107957,1.000000,-0.223457,0.964030,-0.120756,0.168012
0.129103,-0.223457,1.000000,-0.028391,-0.103818,-0.021630
-0.046802,0.964030,-0.028391,1.000000,-0.116450,0.166531
-0.151384,-0.120756,-0.103818,-0.116450,1.000000,0.227334
-0.116622,0.168012,-0.021630,0.166531,0.227334,1.000000
