atmos_pressure, temp_mean, rh_mean, vapor_pressure_mean, wspd_arith_mean, tbrg_precip_total_corr
1.000000,-0.210957,-0.185746,-0.379625,-0.675409,-0.197429
-0.210957,1.000000,-0.488439,0.809443,0.206243,0.186993
-0.185746,-0.488439,1.000000,0.059815,-0.039343,-0.025197
-0.379625,0.809443,0.059815,1.000000,0.262903,0.205082
-0.675409,0.206243,-0.039343,0.262903,1.000000,0.107305
-0.197429,0.186993,-0.025197,0.205082,0.107305,1.000000
