atmos_pressure, temp_mean, rh_mean, vapor_pressure_mean, wspd_arith_mean, tbrg_precip_total_corr
1.000000,-0.069805,0.195259,0.084945,-0.316664,0.011193
-0.069805,1.000000,-0.300966,0.912321,0.029771,0.178502
0.195259,-0.300966,1.000000,0.049173,-0.115747,-0.022710
0.084945,0.912321,0.049173,1.000000,-0.027333,0.190808
-0.316664,0.029771,-0.115747,-0.027333,1.000000,0.394235
0.011193,0.178502,-0.022710,0.190808,0.394235,1.000000
