atmos_pressure, temp_mean, rh_mean, vapor_pressure_mean, wspd_arith_mean, tbrg_precip_total_corr
1.000000,-0.322873,-0.438130,-0.411288,-0.425287,0.051122
-0.322873,1.000000,0.387260,0.878715,0.334127,0.286305
-0.438130,0.387260,1.000000,0.749201,0.373971,0.054895
-0.411288,0.878715,0.749201,1.000000,0.383400,0.241004
-0.425287,0.334127,0.373971,0.383400,1.000000,-0.003282
0.051122,0.286305,0.054895,0.241004,-0.003282,1.000000
