atmos_pressure, temp_mean, rh_mean, vapor_pressure_mean, wspd_arith_mean
1.000000,-0.799643,0.455301,-0.457118,-0.865165
-0.799643,1.000000,-0.835080,0.221157,0.912788
0.455301,-0.835080,1.000000,0.318558,-0.644044
-0.457118,0.221157,0.318558,1.000000,0.404636
-0.865165,0.912788,-0.644044,0.404636,1.000000
