atmos_pressure, temp_mean, rh_mean, vapor_pressure_mean, wspd_arith_mean
1.000000,-0.815066,0.791656,0.672131,-0.447231
-0.815066,1.000000,-0.947903,-0.794844,0.341277
0.791656,-0.947903,1.000000,0.945965,-0.405648
0.672131,-0.794844,0.945965,1.000000,-0.420991
-0.447231,0.341277,-0.405648,-0.420991,1.000000
