atmos_pressure, temp_mean, rh_mean, vapor_pressure_mean, wspd_arith_mean
1.000000,-0.427549,0.094883,-0.339997,-0.274661
-0.427549,1.000000,-0.532115,0.766354,0.231758
0.094883,-0.532115,1.000000,0.072452,-0.347511
-0.339997,0.766354,0.072452,1.000000,0.036178
-0.274661,0.231758,-0.347511,0.036178,1.000000
