atmos_pressure, temp_mean, rh_mean, vapor_pressure_mean, wspd_arith_mean, tbrg_precip_total_corr
1.000000,-0.925081,0.584331,-0.878238,-0.521920,0.124598
-0.925081,1.000000,-0.651639,0.953527,0.650575,-0.095929
0.584331,-0.651639,1.000000,-0.434011,-0.369413,0.314054
-0.878238,0.953527,-0.434011,1.000000,0.599552,-0.046722
-0.521920,0.650575,-0.369413,0.599552,1.000000,0.142036
0.124598,-0.095929,0.314054,-0.046722,0.142036,1.000000
