atmos_pressure, temp_mean, rh_mean, vapor_pressure_mean, wspd_arith_mean
1.000000,0.093478,-0.315165,-0.709940,0.412596
0.093478,1.000000,-0.959146,0.105939,0.632169
-0.315165,-0.959146,1.000000,0.164680,-0.740578
-0.709940,0.105939,0.164680,1.000000,-0.430154
0.412596,0.632169,-0.740578,-0.430154,1.000000
