atmos_pressure, temp_mean, rh_mean, vapor_pressure_mean, wspd_arith_mean, tbrg_precip_total_corr
1.000000,-0.004989,0.141599,0.587022,0.200727,nan
-0.004989,1.000000,-0.981000,-0.599493,-0.760646,nan
0.141599,-0.981000,1.000000,0.742423,0.689310,nan
0.587022,-0.599493,0.742423,1.000000,0.232614,nan
0.200727,-0.760646,0.689310,0.232614,1.000000,nan
nan,nan,nan,nan,nan,nan
