atmos_pressure, temp_mean, rh_mean, vapor_pressure_mean, wspd_arith_mean
1.000000,-0.873914,0.587765,-0.854473,-0.186226
-0.873914,1.000000,-0.854862,0.819060,0.065860
0.587765,-0.854862,1.000000,-0.420540,-0.180011
-0.854473,0.819060,-0.420540,1.000000,-0.064452
-0.186226,0.065860,-0.180011,-0.064452,1.000000
