atmos_pressure, temp_mean, rh_mean, vapor_pressure_mean, wspd_arith_mean
1.000000,-0.250728,-0.018871,-0.345322,-0.302582
-0.250728,1.000000,0.475834,0.770817,0.196118
-0.018871,0.475834,1.000000,0.549555,-0.143175
-0.345322,0.770817,0.549555,1.000000,0.095588
-0.302582,0.196118,-0.143175,0.095588,1.000000
