atmos_pressure, temp_mean, rh_mean, vapor_pressure_mean, wspd_arith_mean, tbrg_precip_total_corr
1.000000,0.157141,-0.449643,-0.262792,-0.492846,0.000482
0.157141,1.000000,-0.687744,0.567730,0.204723,0.239438
-0.449643,-0.687744,1.000000,0.183551,0.177865,-0.072570
-0.262792,0.567730,0.183551,1.000000,0.427242,0.271123
-0.492846,0.204723,0.177865,0.427242,1.000000,0.124123
0.000482,0.239438,-0.072570,0.271123,0.124123,1.000000
