atmos_pressure, temp_mean, rh_mean, vapor_pressure_mean, wspd_arith_mean, tbrg_precip_total_corr
1.000000,-0.284852,0.119256,-0.252455,-0.079221,-0.081001
-0.284852,1.000000,-0.188925,0.954997,0.002761,0.135723
0.119256,-0.188925,1.000000,0.039317,-0.277411,-0.078634
-0.252455,0.954997,0.039317,1.000000,-0.096603,0.104429
-0.079221,0.002761,-0.277411,-0.096603,1.000000,0.223007
-0.081001,0.135723,-0.078634,0.104429,0.223007,1.000000
