atmos_pressure, temp_mean, rh_mean, vapor_pressure_mean, wspd_arith_mean
1.000000,-0.562039,0.061583,-0.623154,-0.287608
-0.562039,1.000000,-0.670881,0.575155,0.463304
0.061583,-0.670881,1.000000,0.162555,-0.429755
-0.623154,0.575155,0.162555,1.000000,0.196646
-0.287608,0.463304,-0.429755,0.196646,1.000000
