atmos_pressure, temp_mean, rh_mean, vapor_pressure_mean, wspd_arith_mean
1.000000,-0.543812,-0.074247,-0.654903,-0.255033
-0.543812,1.000000,-0.514802,0.770461,0.263470
-0.074247,-0.514802,1.000000,0.106534,-0.300875
-0.654903,0.770461,0.106534,1.000000,0.114497
-0.255033,0.263470,-0.300875,0.114497,1.000000
