atmos_pressure, temp_mean, rh_mean, vapor_pressure_mean, wspd_arith_mean
1.000000,-0.491048,0.125537,-0.404924,-0.373102
-0.491048,1.000000,-0.438147,0.788894,0.289111
0.125537,-0.438147,1.000000,0.131260,-0.424569
-0.404924,0.788894,0.131260,1.000000,0.052381
-0.373102,0.289111,-0.424569,0.052381,1.000000
