atmos_pressure, temp_mean, rh_mean, vapor_pressure_mean, wspd_arith_mean
1.000000,-0.845993,0.587372,-0.950731,-0.765034
-0.845993,1.000000,-0.920951,0.869359,0.728029
0.587372,-0.920951,1.000000,-0.625948,-0.535821
-0.950731,0.869359,-0.625948,1.000000,0.863360
-0.765034,0.728029,-0.535821,0.863360,1.000000
