atmos_pressure, temp_mean, rh_mean, vapor_pressure_mean, wspd_arith_mean
1.000000,-0.300094,0.233820,-0.335296,-0.438692
-0.300094,1.000000,-0.838622,0.842466,0.476472
0.233820,-0.838622,1.000000,-0.421869,-0.507645
-0.335296,0.842466,-0.421869,1.000000,0.365614
-0.438692,0.476472,-0.507645,0.365614,1.000000
