atmos_pressure, temp_mean, rh_mean, vapor_pressure_mean, wspd_arith_mean
1.000000,-0.912561,0.766043,-0.826598,-0.242453
-0.912561,1.000000,-0.951054,0.674325,0.477801
0.766043,-0.951054,1.000000,-0.449298,-0.639514
-0.826598,0.674325,-0.449298,1.000000,-0.107037
-0.242453,0.477801,-0.639514,-0.107037,1.000000
