atmos_pressure, temp_mean, rh_mean, vapor_pressure_mean, wspd_arith_mean
1.000000,-0.558537,0.003992,-0.545277,-0.173034
-0.558537,1.000000,-0.513609,0.720035,0.352179
0.003992,-0.513609,1.000000,0.146138,-0.320857
-0.545277,0.720035,0.146138,1.000000,0.216886
-0.173034,0.352179,-0.320857,0.216886,1.000000
