atmos_pressure, temp_mean, rh_mean, vapor_pressure_mean, wspd_arith_mean
1.000000,-0.462687,0.084100,-0.400023,-0.344778
-0.462687,1.000000,-0.394191,0.804067,0.152415
0.084100,-0.394191,1.000000,0.155491,-0.364055
-0.400023,0.804067,0.155491,1.000000,-0.027209
-0.344778,0.152415,-0.364055,-0.027209,1.000000
