atmos_pressure, temp_mean, rh_mean, vapor_pressure_mean, wspd_arith_mean
1.000000,-0.755138,0.679584,-0.718089,-0.725662
-0.755138,1.000000,-0.981423,0.839818,0.800830
0.679584,-0.981423,1.000000,-0.730383,-0.803261
-0.718089,0.839818,-0.730383,1.000000,0.598741
-0.725662,0.800830,-0.803261,0.598741,1.000000
