atmos_pressure, temp_mean, rh_mean, vapor_pressure_mean, wspd_arith_mean, tbrg_precip_total_corr
1.000000,-0.340352,-0.305222,-0.253105,-0.147417,0.213169
-0.340352,1.000000,0.686306,0.832107,0.316294,-0.222437
-0.305222,0.686306,1.000000,0.712198,0.001364,-0.327242
-0.253105,0.832107,0.712198,1.000000,0.239099,-0.148783
-0.147417,0.316294,0.001364,0.239099,1.000000,0.059406
0.213169,-0.222437,-0.327242,-0.148783,0.059406,1.000000
