atmos_pressure, temp_mean, rh_mean, vapor_pressure_mean, wspd_arith_mean
1.000000,-0.889712,0.793225,-0.654109,-0.652975
-0.889712,1.000000,-0.944097,0.626592,0.645428
0.793225,-0.944097,1.000000,-0.370116,-0.720365
-0.654109,0.626592,-0.370116,1.000000,0.193104
-0.652975,0.645428,-0.720365,0.193104,1.000000
