atmos_pressure, temp_mean, rh_mean, vapor_pressure_mean, wspd_arith_mean, tbrg_precip_total_corr
1.000000,-0.203226,-0.147890,-0.488318,0.078649,nan
-0.203226,1.000000,-0.483010,0.681959,0.040405,nan
-0.147890,-0.483010,1.000000,0.270014,-0.537741,nan
-0.488318,0.681959,0.270014,1.000000,-0.323197,nan
0.078649,0.040405,-0.537741,-0.323197,1.000000,nan
nan,nan,nan,nan,nan,nan
