atmos_pressure, temp_mean, rh_mean, vapor_pressure_mean, wspd_arith_mean
1.000000,-0.493993,0.082603,-0.414480,-0.148455
-0.493993,1.000000,-0.609513,0.509194,0.443014
0.082603,-0.609513,1.000000,0.277456,-0.324189
-0.414480,0.509194,0.277456,1.000000,0.257190
-0.148455,0.443014,-0.324189,0.257190,1.000000
