atmos_pressure, temp_mean, rh_mean, vapor_pressure_mean, wspd_arith_mean, tbrg_precip_total_corr
1.000000,-0.204307,0.059771,-0.166398,-0.454663,-0.094051
-0.204307,1.000000,-0.529351,0.670914,0.080565,0.101252
0.059771,-0.529351,1.000000,0.234597,-0.037447,-0.072288
-0.166398,0.670914,0.234597,1.000000,0.066388,0.063395
-0.454663,0.080565,-0.037447,0.066388,1.000000,0.056888
-0.094051,0.101252,-0.072288,0.063395,0.056888,1.000000
