atmos_pressure, temp_mean, rh_mean, vapor_pressure_mean, wspd_arith_mean, tbrg_precip_total_corr
1.000000,-0.161032,0.387329,0.016389,-0.388236,-0.124567
-0.161032,1.000000,-0.274481,0.935561,0.136287,0.191971
0.387329,-0.274481,1.000000,-0.003042,-0.199058,-0.100389
0.016389,0.935561,-0.003042,1.000000,0.063196,0.170083
-0.388236,0.136287,-0.199058,0.063196,1.000000,0.366665
-0.124567,0.191971,-0.100389,0.170083,0.366665,1.000000
