atmos_pressure, temp_mean, rh_mean, vapor_pressure_mean, wspd_arith_mean, tbrg_precip_total_corr
1.000000,-0.861511,-0.430020,-0.799949,-0.227640,-0.263985
-0.861511,1.000000,0.211666,0.945739,0.195689,0.402512
-0.430020,0.211666,1.000000,0.291395,0.251853,0.016812
-0.799949,0.945739,0.291395,1.000000,0.109072,0.499536
-0.227640,0.195689,0.251853,0.109072,1.000000,-0.194232
-0.263985,0.402512,0.016812,0.499536,-0.194232,1.000000
