atmos_pressure, temp_mean, rh_mean, vapor_pressure_mean, wspd_arith_mean
1.000000,-0.481294,0.095955,-0.481302,-0.313061
-0.481294,1.000000,-0.542563,0.707736,0.242369
0.095955,-0.542563,1.000000,0.138443,-0.287839
-0.481302,0.707736,0.138443,1.000000,0.103963
-0.313061,0.242369,-0.287839,0.103963,1.000000
