atmos_pressure, temp_mean, rh_mean, vapor_pressure_mean, wspd_arith_mean
1.000000,-0.423214,-0.211829,-0.522016,-0.324138
-0.423214,1.000000,-0.433490,0.787609,0.370737
-0.211829,-0.433490,1.000000,0.117948,-0.253976
-0.522016,0.787609,0.117948,1.000000,0.302235
-0.324138,0.370737,-0.253976,0.302235,1.000000
