atmos_pressure, temp_mean, rh_mean, vapor_pressure_mean, wspd_arith_mean
1.000000,-0.608001,-0.010419,-0.677873,0.052646
-0.608001,1.000000,-0.558021,0.715788,0.129673
-0.010419,-0.558021,1.000000,0.105974,-0.334097
-0.677873,0.715788,0.105974,1.000000,-0.075885
0.052646,0.129673,-0.334097,-0.075885,1.000000
