atmos_pressure, temp_mean, rh_mean, vapor_pressure_mean, wspd_arith_mean, tbrg_precip_total_corr
1.000000,0.013505,-0.103793,0.004053,-0.057299,-0.030091
0.013505,1.000000,-0.306713,0.960065,0.027399,0.170013
-0.103793,-0.306713,1.000000,-0.095326,-0.225614,-0.123903
0.004053,0.960065,-0.095326,1.000000,-0.033174,0.142041
-0.057299,0.027399,-0.225614,-0.033174,1.000000,0.279622
-0.030091,0.170013,-0.123903,0.142041,0.279622,1.000000
