atmos_pressure, temp_mean, rh_mean, vapor_pressure_mean, wspd_arith_mean, tbrg_precip_total_corr
1.000000,-0.446188,-0.248265,-0.443872,-0.397946,-0.051769
-0.446188,1.000000,-0.068909,0.859675,0.090743,0.170684
-0.248265,-0.068909,1.000000,0.431787,-0.494893,-0.531339
-0.443872,0.859675,0.431787,1.000000,-0.208619,-0.156210
-0.397946,0.090743,-0.494893,-0.208619,1.000000,0.346135
-0.051769,0.170684,-0.531339,-0.156210,0.346135,1.000000
