atmos_pressure, temp_mean, rh_mean, vapor_pressure_mean, wspd_arith_mean
1.000000,-0.456847,0.144637,-0.444279,-0.264209
-0.456847,1.000000,-0.658106,0.659754,0.335322
0.144637,-0.658106,1.000000,0.057439,-0.276012
-0.444279,0.659754,0.057439,1.000000,0.253992
-0.264209,0.335322,-0.276012,0.253992,1.000000
