atmos_pressure, temp_mean, rh_mean, vapor_pressure_mean, wspd_arith_mean
1.000000,-0.916858,0.883591,0.823790,-0.853291
-0.916858,1.000000,-0.993402,-0.652035,0.932881
0.883591,-0.993402,1.000000,0.635554,-0.929674
0.823790,-0.652035,0.635554,1.000000,-0.640933
-0.853291,0.932881,-0.929674,-0.640933,1.000000
