atmos_pressure, temp_mean, rh_mean, vapor_pressure_mean, wspd_arith_mean
1.000000,-0.337012,0.001965,-0.288877,-0.327022
-0.337012,1.000000,-0.426375,0.618849,0.317758
0.001965,-0.426375,1.000000,0.375784,-0.282035
-0.288877,0.618849,0.375784,1.000000,0.064840
-0.327022,0.317758,-0.282035,0.064840,1.000000
