atmos_pressure, temp_mean, rh_mean, vapor_pressure_mean, wspd_arith_mean
1.000000,-0.285627,0.221545,-0.080955,-0.358927
-0.285627,1.000000,-0.360233,0.781928,0.145377
0.221545,-0.360233,1.000000,0.225700,-0.333137
-0.080955,0.781928,0.225700,1.000000,-0.071064
-0.358927,0.145377,-0.333137,-0.071064,1.000000
