atmos_pressure, temp_mean, rh_mean, vapor_pressure_mean, wspd_arith_mean
1.000000,-0.405914,0.106006,-0.268560,-0.304765
-0.405914,1.000000,-0.422992,0.724510,0.317047
0.106006,-0.422992,1.000000,0.212637,-0.262960
-0.268560,0.724510,0.212637,1.000000,0.136405
-0.304765,0.317047,-0.262960,0.136405,1.000000
