atmos_pressure, temp_mean, rh_mean, vapor_pressure_mean, wspd_arith_mean
1.000000,-0.085118,-0.875557,-0.800082,-0.530198
-0.085118,1.000000,-0.161230,0.479909,0.675802
-0.875557,-0.161230,1.000000,0.773699,0.288682
-0.800082,0.479909,0.773699,1.000000,0.695107
-0.530198,0.675802,0.288682,0.695107,1.000000
