atmos_pressure, temp_mean, rh_mean, vapor_pressure_mean, wspd_arith_mean
1.000000,-0.490333,-0.002625,-0.576027,-0.248471
-0.490333,1.000000,-0.529670,0.688079,0.366425
-0.002625,-0.529670,1.000000,0.151167,-0.315154
-0.576027,0.688079,0.151167,1.000000,0.220776
-0.248471,0.366425,-0.315154,0.220776,1.000000
