atmos_pressure, temp_mean, rh_mean, vapor_pressure_mean, wspd_arith_mean
1.000000,-0.572279,0.043659,-0.588642,-0.297280
-0.572279,1.000000,-0.545455,0.637834,0.254649
0.043659,-0.545455,1.000000,0.209878,-0.225295
-0.588642,0.637834,0.209878,1.000000,0.126046
-0.297280,0.254649,-0.225295,0.126046,1.000000
