atmos_pressure, temp_mean, rh_mean, vapor_pressure_mean, wspd_arith_mean
1.000000,-0.426173,0.194395,-0.273257,-0.418072
-0.426173,1.000000,-0.589632,0.767906,0.275529
0.194395,-0.589632,1.000000,-0.008146,-0.329440
-0.273257,0.767906,-0.008146,1.000000,0.070873
-0.418072,0.275529,-0.329440,0.070873,1.000000
