atmos_pressure, temp_mean, rh_mean, vapor_pressure_mean, wspd_arith_mean
1.000000,-0.248494,0.072542,-0.188175,-0.264242
-0.248494,1.000000,-0.559931,0.842914,0.185878
0.072542,-0.559931,1.000000,-0.081814,-0.285122
-0.188175,0.842914,-0.081814,1.000000,0.065593
-0.264242,0.185878,-0.285122,0.065593,1.000000
