atmos_pressure, temp_mean, rh_mean, vapor_pressure_mean, wspd_arith_mean
1.000000,0.552657,-0.647608,-0.143662,-0.032487
0.552657,1.000000,-0.988484,0.543006,-0.125891
-0.647608,-0.988484,1.000000,-0.454312,0.077819
-0.143662,0.543006,-0.454312,1.000000,0.175625
-0.032487,-0.125891,0.077819,0.175625,1.000000
