atmos_pressure, temp_mean, rh_mean, vapor_pressure_mean, wspd_arith_mean
1.000000,-0.834117,0.626073,0.082637,0.314684
-0.834117,1.000000,-0.936042,-0.416729,-0.684314
0.626073,-0.936042,1.000000,0.669338,0.834849
0.082637,-0.416729,0.669338,1.000000,0.760318
0.314684,-0.684314,0.834849,0.760318,1.000000
