atmos_pressure, temp_mean, rh_mean, vapor_pressure_mean, wspd_arith_mean
1.000000,-0.222049,0.024583,-0.207170,-0.303484
-0.222049,1.000000,-0.499366,0.723353,0.255250
0.024583,-0.499366,1.000000,0.163885,-0.272615
-0.207170,0.723353,0.163885,1.000000,0.093720
-0.303484,0.255250,-0.272615,0.093720,1.000000
