atmos_pressure, temp_mean, rh_mean, vapor_pressure_mean, wspd_arith_mean
1.000000,-0.613789,0.519238,-0.274693,-0.420467
-0.613789,1.000000,-0.969608,0.696658,0.557670
0.519238,-0.969608,1.000000,-0.601126,-0.519681
-0.274693,0.696658,-0.601126,1.000000,0.210829
-0.420467,0.557670,-0.519681,0.210829,1.000000
