atmos_pressure, temp_mean, rh_mean, vapor_pressure_mean, wspd_arith_mean
1.000000,-0.503759,0.141598,-0.411060,-0.302808
-0.503759,1.000000,-0.526896,0.703912,0.240367
0.141598,-0.526896,1.000000,0.155311,-0.307186
-0.411060,0.703912,0.155311,1.000000,0.054250
-0.302808,0.240367,-0.307186,0.054250,1.000000
