atmos_pressure, temp_mean, rh_mean, vapor_pressure_mean, wspd_arith_mean, tbrg_precip_total_corr
1.000000,-0.239838,0.141294,-0.199045,-0.231750,-0.088812
-0.239838,1.000000,-0.296564,0.928520,0.045853,0.267362
0.141294,-0.296564,1.000000,0.010647,-0.219335,-0.269410
-0.199045,0.928520,0.010647,1.000000,0.003310,0.205348
-0.231750,0.045853,-0.219335,0.003310,1.000000,0.306194
-0.088812,0.267362,-0.269410,0.205348,0.306194,1.000000
