atmos_pressure, temp_mean, rh_mean, vapor_pressure_mean, wspd_arith_mean, tbrg_precip_total_corr
1.000000,-0.377784,-0.027993,-0.442129,-0.779135,-0.136581
-0.377784,1.000000,-0.827678,0.745857,0.146705,0.550411
-0.027993,-0.827678,1.000000,-0.307231,0.346983,-0.650097
-0.442129,0.745857,-0.307231,1.000000,0.443562,0.196562
-0.779135,0.146705,0.346983,0.443562,1.000000,-0.188829
-0.136581,0.550411,-0.650097,0.196562,-0.188829,1.000000
