atmos_pressure, temp_mean, rh_mean, vapor_pressure_mean, wspd_arith_mean, tbrg_precip_total_corr
1.000000,0.731271,-0.864268,-0.872443,0.688313,nan
0.731271,1.000000,-0.946226,-0.807312,0.549332,nan
-0.864268,-0.946226,1.000000,0.953397,-0.753583,nan
-0.872443,-0.807312,0.953397,1.000000,-0.887916,nan
0.688313,0.549332,-0.753583,-0.887916,1.000000,nan
nan,nan,nan,nan,nan,nan
