atmos_pressure, temp_mean, rh_mean, vapor_pressure_mean, wspd_arith_mean
1.000000,-0.233745,-0.013087,-0.217625,-0.356935
-0.233745,1.000000,-0.470458,0.694971,0.277751
-0.013087,-0.470458,1.000000,0.231779,-0.325913
-0.217625,0.694971,0.231779,1.000000,0.037224
-0.356935,0.277751,-0.325913,0.037224,1.000000
