atmos_pressure, temp_mean, rh_mean, vapor_pressure_mean, wspd_arith_mean
1.000000,-0.477398,0.096135,-0.445530,-0.227445
-0.477398,1.000000,-0.584948,0.595950,0.471793
0.096135,-0.584948,1.000000,0.203573,-0.229505
-0.445530,0.595950,0.203573,1.000000,0.402518
-0.227445,0.471793,-0.229505,0.402518,1.000000
