atmos_pressure, temp_mean, rh_mean, vapor_pressure_mean, wspd_arith_mean
1.000000,-0.523831,0.112495,-0.462512,-0.285768
-0.523831,1.000000,-0.633886,0.591552,0.386884
0.112495,-0.633886,1.000000,0.162089,-0.224690
-0.462512,0.591552,0.162089,1.000000,0.297055
-0.285768,0.386884,-0.224690,0.297055,1.000000
