atmos_pressure, temp_mean, rh_mean, vapor_pressure_mean, wspd_arith_mean, tbrg_precip_total_corr
1.000000,-0.115906,-0.282222,-0.301873,-0.726407,0.235580
-0.115906,1.000000,0.268677,0.734901,-0.042988,0.481089
-0.282222,0.268677,1.000000,0.843290,0.071903,-0.147917
-0.301873,0.734901,0.843290,1.000000,0.083292,0.138946
-0.726407,-0.042988,0.071903,0.083292,1.000000,-0.135507
0.235580,0.481089,-0.147917,0.138946,-0.135507,1.000000
