atmos_pressure, temp_mean, rh_mean, vapor_pressure_mean, wspd_arith_mean
1.000000,0.635638,-0.833722,-0.731885,0.781781
0.635638,1.000000,-0.693824,-0.333662,0.719197
-0.833722,-0.693824,1.000000,0.906829,-0.867707
-0.731885,-0.333662,0.906829,1.000000,-0.716918
0.781781,0.719197,-0.867707,-0.716918,1.000000
