atmos_pressure, temp_mean, rh_mean, vapor_pressure_mean, wspd_arith_mean
1.000000,0.051629,-0.350637,-0.747738,-0.094428
0.051629,1.000000,-0.938202,0.289721,0.393705
-0.350637,-0.938202,1.000000,0.043866,-0.282741
-0.747738,0.289721,0.043866,1.000000,0.544047
-0.094428,0.393705,-0.282741,0.544047,1.000000
