atmos_pressure, temp_mean, rh_mean, vapor_pressure_mean, wspd_arith_mean
1.000000,-0.581567,-0.104502,-0.694769,-0.306868
-0.581567,1.000000,-0.459279,0.714373,0.371265
-0.104502,-0.459279,1.000000,0.206482,-0.174132
-0.694769,0.714373,0.206482,1.000000,0.309169
-0.306868,0.371265,-0.174132,0.309169,1.000000
