atmos_pressure, temp_mean, rh_mean, vapor_pressure_mean, wspd_arith_mean
1.000000,-0.474590,-0.037440,-0.468295,-0.352256
-0.474590,1.000000,-0.332236,0.854396,0.265022
-0.037440,-0.332236,1.000000,0.099126,-0.251325
-0.468295,0.854396,0.099126,1.000000,0.203731
-0.352256,0.265022,-0.251325,0.203731,1.000000
