atmos_pressure, temp_mean, rh_mean, vapor_pressure_mean, wspd_arith_mean
1.000000,-0.197817,-0.309475,-0.866216,-0.260890
-0.197817,1.000000,-0.825497,-0.083514,-0.636071
-0.309475,-0.825497,1.000000,0.597501,0.596851
-0.866216,-0.083514,0.597501,1.000000,0.254357
-0.260890,-0.636071,0.596851,0.254357,1.000000
