atmos_pressure, temp_mean, rh_mean, vapor_pressure_mean, wspd_arith_mean
1.000000,-0.416564,0.194711,-0.249019,-0.368156
-0.416564,1.000000,-0.332523,0.815836,0.079325
0.194711,-0.332523,1.000000,0.205416,-0.290008
-0.249019,0.815836,0.205416,1.000000,-0.082997
-0.368156,0.079325,-0.290008,-0.082997,1.000000
