atmos_pressure, temp_mean, rh_mean, vapor_pressure_mean, wspd_arith_mean
1.000000,0.087977,0.097512,0.625381,0.305879
0.087977,1.000000,-0.974908,0.682006,0.047534
0.097512,-0.974908,1.000000,-0.510148,-0.009784
0.625381,0.682006,-0.510148,1.000000,0.170379
0.305879,0.047534,-0.009784,0.170379,1.000000
