atmos_pressure, temp_mean, rh_mean, vapor_pressure_mean, wspd_arith_mean
1.000000,-0.615288,-0.200184,-0.763554,-0.633166
-0.615288,1.000000,-0.348447,0.731602,0.747283
-0.200184,-0.348447,1.000000,0.381062,0.146814
-0.763554,0.731602,0.381062,1.000000,0.837794
-0.633166,0.747283,0.146814,0.837794,1.000000
