atmos_pressure, temp_mean, rh_mean, vapor_pressure_mean, wspd_arith_mean
1.000000,-0.601522,0.001313,-0.581242,-0.257893
-0.601522,1.000000,-0.427249,0.845645,0.323928
0.001313,-0.427249,1.000000,0.046774,-0.230357
-0.581242,0.845645,0.046774,1.000000,0.306069
-0.257893,0.323928,-0.230357,0.306069,1.000000
