atmos_pressure, temp_mean, rh_mean, vapor_pressure_mean, wspd_arith_mean
1.000000,-0.601553,0.007875,-0.560533,-0.254529
-0.601553,1.000000,-0.325394,0.716400,0.224320
0.007875,-0.325394,1.000000,0.351694,-0.214340
-0.560533,0.716400,0.351694,1.000000,0.114229
-0.254529,0.224320,-0.214340,0.114229,1.000000
