atmos_pressure, temp_mean, rh_mean, vapor_pressure_mean, wspd_arith_mean
1.000000,-0.582140,0.040698,-0.601569,-0.280741
-0.582140,1.000000,-0.430937,0.766568,0.231000
0.040698,-0.430937,1.000000,0.159416,-0.240003
-0.601569,0.766568,0.159416,1.000000,0.137439
-0.280741,0.231000,-0.240003,0.137439,1.000000
