atmos_pressure, temp_mean, rh_mean, vapor_pressure_mean, wspd_arith_mean
1.000000,-0.456089,0.126598,-0.439387,-0.387848
-0.456089,1.000000,-0.614879,0.789215,0.228395
0.126598,-0.614879,1.000000,-0.046242,-0.278434
-0.439387,0.789215,-0.046242,1.000000,0.097890
-0.387848,0.228395,-0.278434,0.097890,1.000000
