atmos_pressure, temp_mean, rh_mean, vapor_pressure_mean, wspd_arith_mean
1.000000,-0.426169,-0.079628,-0.404623,-0.316663
-0.426169,1.000000,-0.325391,0.787541,0.125505
-0.079628,-0.325391,1.000000,0.251124,-0.255851
-0.404623,0.787541,0.251124,1.000000,-0.035106
-0.316663,0.125505,-0.255851,-0.035106,1.000000
