atmos_pressure, temp_mean, rh_mean, vapor_pressure_mean, wspd_arith_mean
1.000000,0.389825,0.925196,0.761790,0.142908
0.389825,1.000000,0.299290,0.865572,-0.119005
0.925196,0.299290,1.000000,0.733123,0.145696
0.761790,0.865572,0.733123,1.000000,-0.021754
0.142908,-0.119005,0.145696,-0.021754,1.000000
