atmos_pressure, temp_mean, rh_mean, vapor_pressure_mean, wspd_arith_mean
1.000000,0.462367,-0.455469,-0.066750,0.333943
0.462367,1.000000,-0.993963,0.023313,0.007879
-0.455469,-0.993963,1.000000,0.050772,-0.017549
-0.066750,0.023313,0.050772,1.000000,-0.058879
0.333943,0.007879,-0.017549,-0.058879,1.000000
