atmos_pressure, temp_mean, rh_mean, vapor_pressure_mean, wspd_arith_mean
1.000000,-0.397402,-0.027499,-0.419160,-0.324276
-0.397402,1.000000,-0.419178,0.805071,0.226902
-0.027499,-0.419178,1.000000,0.149823,-0.238233
-0.419160,0.805071,0.149823,1.000000,0.124232
-0.324276,0.226902,-0.238233,0.124232,1.000000
