atmos_pressure, temp_mean, rh_mean, vapor_pressure_mean, wspd_arith_mean
1.000000,-0.585679,0.692960,0.220083,-0.534599
-0.585679,1.000000,-0.978600,0.565490,0.650983
0.692960,-0.978600,1.000000,-0.396169,-0.701908
0.220083,0.565490,-0.396169,1.000000,0.105399
-0.534599,0.650983,-0.701908,0.105399,1.000000
