atmos_pressure, temp_mean, rh_mean, vapor_pressure_mean, wspd_arith_mean
1.000000,-0.669182,-0.101866,-0.689566,-0.184905
-0.669182,1.000000,-0.350663,0.684593,0.162274
-0.101866,-0.350663,1.000000,0.346586,-0.178240
-0.689566,0.684593,0.346586,1.000000,0.096823
-0.184905,0.162274,-0.178240,0.096823,1.000000
