atmos_pressure, temp_mean, rh_mean, vapor_pressure_mean, wspd_arith_mean, tbrg_precip_total_corr
1.000000,-0.567920,0.494443,0.372032,-0.182625,-0.139835
-0.567920,1.000000,-0.950372,-0.805441,-0.318607,0.398477
0.494443,-0.950372,1.000000,0.949691,0.467291,-0.378608
0.372032,-0.805441,0.949691,1.000000,0.573834,-0.324477
-0.182625,-0.318607,0.467291,0.573834,1.000000,-0.309207
-0.139835,0.398477,-0.378608,-0.324477,-0.309207,1.000000
