atmos_pressure, temp_mean, rh_mean, vapor_pressure_mean, wspd_arith_mean, tbrg_precip_total_corr
1.000000,-0.624247,-0.851586,-0.845375,0.062106,0.085283
-0.624247,1.000000,0.404157,0.848396,0.143411,0.142890
-0.851586,0.404157,1.000000,0.791364,-0.209543,-0.287296
-0.845375,0.848396,0.791364,1.000000,-0.091398,-0.084434
0.062106,0.143411,-0.209543,-0.091398,1.000000,0.246548
0.085283,0.142890,-0.287296,-0.084434,0.246548,1.000000
