atmos_pressure, temp_mean, rh_mean, vapor_pressure_mean, wspd_arith_mean
1.000000,-0.550097,-0.120619,-0.669106,-0.315056
-0.550097,1.000000,-0.486372,0.820682,0.194354
-0.120619,-0.486372,1.000000,0.055968,-0.155503
-0.669106,0.820682,0.055968,1.000000,0.152495
-0.315056,0.194354,-0.155503,0.152495,1.000000
