atmos_pressure, temp_mean, rh_mean, vapor_pressure_mean, wspd_arith_mean
1.000000,-0.539834,-0.121276,-0.603100,-0.175619
-0.539834,1.000000,-0.405842,0.696906,0.292238
-0.121276,-0.405842,1.000000,0.308705,-0.311725
-0.603100,0.696906,0.308705,1.000000,0.111877
-0.175619,0.292238,-0.311725,0.111877,1.000000
