atmos_pressure, temp_mean, rh_mean, vapor_pressure_mean, wspd_arith_mean
1.000000,-0.410863,0.012748,-0.367070,-0.347404
-0.410863,1.000000,-0.301429,0.821947,0.158357
0.012748,-0.301429,1.000000,0.225694,-0.326495
-0.367070,0.821947,0.225694,1.000000,-0.005222
-0.347404,0.158357,-0.326495,-0.005222,1.000000
