atmos_pressure, temp_mean, rh_mean, vapor_pressure_mean, wspd_arith_mean, tbrg_precip_total_corr
1.000000,-0.270285,0.057274,-0.242188,-0.422590,-0.132519
-0.270285,1.000000,-0.373549,0.788032,0.273703,0.125624
0.057274,-0.373549,1.000000,0.239513,-0.349467,0.054697
-0.242188,0.788032,0.239513,1.000000,0.105088,0.187581
-0.422590,0.273703,-0.349467,0.105088,1.000000,0.139603
-0.132519,0.125624,0.054697,0.187581,0.139603,1.000000
