atmos_pressure, temp_mean, rh_mean, vapor_pressure_mean, wspd_arith_mean, tbrg_precip_total_corr
1.000000,-0.446837,-0.381561,-0.663362,-0.160217,-0.146672
-0.446837,1.000000,-0.285975,0.740149,0.502770,0.272525
-0.381561,-0.285975,1.000000,0.417009,-0.528116,0.015129
-0.663362,0.740149,0.417009,1.000000,0.153207,0.279638
-0.160217,0.502770,-0.528116,0.153207,1.000000,0.111705
-0.146672,0.272525,0.015129,0.279638,0.111705,1.000000
