atmos_pressure, temp_mean, rh_mean, vapor_pressure_mean, wspd_arith_mean, tbrg_precip_total_corr
1.000000,-0.530645,-0.172746,-0.494371,-0.479185,-0.018447
-0.530645,1.000000,-0.088086,0.972889,0.200166,0.264841
-0.172746,-0.088086,1.000000,0.115130,-0.117960,-0.063606
-0.494371,0.972889,0.115130,1.000000,0.128512,0.278689
-0.479185,0.200166,-0.117960,0.128512,1.000000,0.104351
-0.018447,0.264841,-0.063606,0.278689,0.104351,1.000000
