atmos_pressure, temp_mean, rh_mean, vapor_pressure_mean, wspd_arith_mean
1.000000,-0.879262,0.213536,-0.980514,0.047413
-0.879262,1.000000,-0.626546,0.920882,0.108160
0.213536,-0.626546,1.000000,-0.274139,-0.372326
-0.980514,0.920882,-0.274139,1.000000,-0.048553
0.047413,0.108160,-0.372326,-0.048553,1.000000
