atmos_pressure, temp_mean, rh_mean, vapor_pressure_mean, wspd_arith_mean
1.000000,-0.421051,-0.269343,-0.516875,-0.342375
-0.421051,1.000000,-0.364874,0.792589,0.330798
-0.269343,-0.364874,1.000000,0.184797,-0.142516
-0.516875,0.792589,0.184797,1.000000,0.298260
-0.342375,0.330798,-0.142516,0.298260,1.000000
