atmos_pressure, temp_mean, rh_mean, vapor_pressure_mean, wspd_arith_mean, tbrg_precip_total_corr
1.000000,-0.748456,-0.285757,-0.774413,-0.490419,-0.036921
-0.748456,1.000000,0.013356,0.909393,0.435094,0.136946
-0.285757,0.013356,1.000000,0.414522,-0.174599,-0.197397
-0.774413,0.909393,0.414522,1.000000,0.318572,0.028694
-0.490419,0.435094,-0.174599,0.318572,1.000000,0.001337
-0.036921,0.136946,-0.197397,0.028694,0.001337,1.000000
