atmos_pressure, temp_mean, rh_mean, vapor_pressure_mean, wspd_arith_mean
1.000000,0.641054,-0.331521,0.755448,0.299653
0.641054,1.000000,-0.922102,0.168182,0.331915
-0.331521,-0.922102,1.000000,0.183902,-0.182463
0.755448,0.168182,0.183902,1.000000,0.377934
0.299653,0.331915,-0.182463,0.377934,1.000000
