atmos_pressure, temp_mean, rh_mean, vapor_pressure_mean, wspd_arith_mean, tbrg_precip_total_corr
1.000000,-0.319101,-0.015660,-0.384889,-0.278467,-0.173249
-0.319101,1.000000,-0.642818,0.747131,0.220411,0.064017
-0.015660,-0.642818,1.000000,-0.020148,-0.374650,-0.065752
-0.384889,0.747131,-0.020148,1.000000,-0.024156,-0.020052
-0.278467,0.220411,-0.374650,-0.024156,1.000000,-0.010452
-0.173249,0.064017,-0.065752,-0.020052,-0.010452,1.000000
