atmos_pressure, temp_mean, rh_mean, vapor_pressure_mean, wspd_arith_mean
1.000000,-0.020457,-0.434131,-0.908326,0.117076
-0.020457,1.000000,-0.872003,0.078470,0.216931
-0.434131,-0.872003,1.000000,0.413570,-0.252581
-0.908326,0.078470,0.413570,1.000000,-0.011933
0.117076,0.216931,-0.252581,-0.011933,1.000000
