atmos_pressure, temp_mean, rh_mean, vapor_pressure_mean, wspd_arith_mean
1.000000,-0.471991,0.077913,-0.408775,-0.289637
-0.471991,1.000000,-0.597600,0.503121,0.421221
0.077913,-0.597600,1.000000,0.316749,-0.257196
-0.408775,0.503121,0.316749,1.000000,0.247644
-0.289637,0.421221,-0.257196,0.247644,1.000000
