atmos_pressure, temp_mean, rh_mean, vapor_pressure_mean, wspd_arith_mean
1.000000,-0.445193,-0.025360,-0.442236,-0.348174
-0.445193,1.000000,-0.360002,0.834096,0.200210
-0.025360,-0.360002,1.000000,0.165944,-0.298166
-0.442236,0.834096,0.165944,1.000000,0.042190
-0.348174,0.200210,-0.298166,0.042190,1.000000
