atmos_pressure, temp_mean, rh_mean, vapor_pressure_mean, wspd_arith_mean
1.000000,-0.639310,0.489184,-0.601369,0.425105
-0.639310,1.000000,-0.943071,0.530945,-0.502388
0.489184,-0.943071,1.000000,-0.237545,0.524563
-0.601369,0.530945,-0.237545,1.000000,-0.255270
0.425105,-0.502388,0.524563,-0.255270,1.000000
