atmos_pressure, temp_mean, rh_mean, vapor_pressure_mean, wspd_arith_mean
1.000000,-0.820373,-0.830687,-0.967470,0.370382
-0.820373,1.000000,0.418985,0.906285,-0.529480
-0.830687,0.418985,1.000000,0.759760,-0.269673
-0.967470,0.906285,0.759760,1.000000,-0.497329
0.370382,-0.529480,-0.269673,-0.497329,1.000000
