atmos_pressure, temp_mean, rh_mean, vapor_pressure_mean, wspd_arith_mean, tbrg_precip_total_corr
1.000000,0.707899,-0.760109,-0.670605,0.901942,nan
0.707899,1.000000,-0.944753,-0.633213,0.738054,nan
-0.760109,-0.944753,1.000000,0.850238,-0.788811,nan
-0.670605,-0.633213,0.850238,1.000000,-0.683734,nan
0.901942,0.738054,-0.788811,-0.683734,1.000000,nan
nan,nan,nan,nan,nan,nan
