atmos_pressure, temp_mean, rh_mean, vapor_pressure_mean, wspd_arith_mean
1.000000,-0.704777,0.655659,0.367412,-0.634641
-0.704777,1.000000,-0.991892,-0.173500,0.879658
0.655659,-0.991892,1.000000,0.165745,-0.867416
0.367412,-0.173500,0.165745,1.000000,-0.322254
-0.634641,0.879658,-0.867416,-0.322254,1.000000
