atmos_pressure, temp_mean, rh_mean, vapor_pressure_mean, wspd_arith_mean, tbrg_precip_total_corr
1.000000,-0.252504,0.011245,-0.210041,-0.207362,0.014684
-0.252504,1.000000,-0.239878,0.969093,-0.226762,0.210462
0.011245,-0.239878,1.000000,-0.073029,0.040427,-0.007410
-0.210041,0.969093,-0.073029,1.000000,-0.219461,0.225844
-0.207362,-0.226762,0.040427,-0.219461,1.000000,0.055764
0.014684,0.210462,-0.007410,0.225844,0.055764,1.000000
