atmos_pressure, temp_mean, rh_mean, vapor_pressure_mean, wspd_arith_mean
1.000000,-0.254382,0.334446,-0.060278,-0.020040
-0.254382,1.000000,-0.715356,0.747145,-0.202416
0.334446,-0.715356,1.000000,-0.075331,0.332679
-0.060278,0.747145,-0.075331,1.000000,0.034694
-0.020040,-0.202416,0.332679,0.034694,1.000000
