atmos_pressure, temp_mean, rh_mean, vapor_pressure_mean, wspd_arith_mean
1.000000,-0.292928,0.244749,-0.316007,0.338800
-0.292928,1.000000,-0.953871,0.936011,-0.130867
0.244749,-0.953871,1.000000,-0.788768,0.159093
-0.316007,0.936011,-0.788768,1.000000,-0.071889
0.338800,-0.130867,0.159093,-0.071889,1.000000
