atmos_pressure, temp_mean, rh_mean, vapor_pressure_mean, wspd_arith_mean, tbrg_precip_total_corr
1.000000,-0.650038,0.199624,-0.655639,-0.613404,-0.293018
-0.650038,1.000000,-0.476093,0.787380,0.516941,0.218655
0.199624,-0.476093,1.000000,0.105165,-0.345507,-0.152372
-0.655639,0.787380,0.105165,1.000000,0.406423,0.174329
-0.613404,0.516941,-0.345507,0.406423,1.000000,0.146414
-0.293018,0.218655,-0.152372,0.174329,0.146414,1.000000
