atmos_pressure, temp_mean, rh_mean, vapor_pressure_mean, wspd_arith_mean
1.000000,-0.548150,0.203146,-0.523503,-0.381489
-0.548150,1.000000,-0.665862,0.694583,0.210748
0.203146,-0.665862,1.000000,0.015966,-0.249416
-0.523503,0.694583,0.015966,1.000000,0.073532
-0.381489,0.210748,-0.249416,0.073532,1.000000
