atmos_pressure, temp_mean, rh_mean, vapor_pressure_mean, wspd_arith_mean, tbrg_precip_total_corr
1.000000,-0.250919,-0.149287,-0.214879,-0.216042,-0.086004
-0.250919,1.000000,-0.185462,0.961436,-0.048412,0.179737
-0.149287,-0.185462,1.000000,0.022743,-0.114277,-0.134137
-0.214879,0.961436,0.022743,1.000000,-0.110615,0.134876
-0.216042,-0.048412,-0.114277,-0.110615,1.000000,0.262556
-0.086004,0.179737,-0.134137,0.134876,0.262556,1.000000
