atmos_pressure, temp_mean, rh_mean, vapor_pressure_mean, wspd_arith_mean
1.000000,-0.452604,-0.050571,-0.404397,-0.275578
-0.452604,1.000000,-0.329664,0.784258,0.108389
-0.050571,-0.329664,1.000000,0.246780,-0.273128
-0.404397,0.784258,0.246780,1.000000,-0.038286
-0.275578,0.108389,-0.273128,-0.038286,1.000000
