atmos_pressure, temp_mean, rh_mean, vapor_pressure_mean, wspd_arith_mean
1.000000,-0.427494,0.083900,-0.350397,-0.286833
-0.427494,1.000000,-0.534375,0.753021,0.162882
0.083900,-0.534375,1.000000,0.093914,-0.239137
-0.350397,0.753021,0.093914,1.000000,0.027892
-0.286833,0.162882,-0.239137,0.027892,1.000000
