atmos_pressure, temp_mean, rh_mean, vapor_pressure_mean, wspd_arith_mean, tbrg_precip_total_corr
1.000000,-0.394807,0.478104,-0.240496,-0.126841,-0.044771
-0.394807,1.000000,-0.797494,0.951455,0.153965,0.104609
0.478104,-0.797494,1.000000,-0.593323,-0.251691,-0.224122
-0.240496,0.951455,-0.593323,1.000000,0.105451,0.017921
-0.126841,0.153965,-0.251691,0.105451,1.000000,0.095093
-0.044771,0.104609,-0.224122,0.017921,0.095093,1.000000
