atmos_pressure, temp_mean, rh_mean, vapor_pressure_mean, wspd_arith_mean, tbrg_precip_total_corr
1.000000,-0.292639,0.035567,-0.302006,-0.256314,0.020270
-0.292639,1.000000,-0.466075,0.696715,0.207788,0.128367
0.035567,-0.466075,1.000000,0.270138,-0.218594,0.000189
-0.302006,0.696715,0.270138,1.000000,0.007661,0.150784
-0.256314,0.207788,-0.218594,0.007661,1.000000,-0.035228
0.020270,0.128367,0.000189,0.150784,-0.035228,1.000000
