atmos_pressure, temp_mean, rh_mean, vapor_pressure_mean, wspd_arith_mean
1.000000,-0.367811,-0.062915,-0.431250,-0.385815
-0.367811,1.000000,-0.417565,0.812192,0.240407
-0.062915,-0.417565,1.000000,0.122539,-0.255586
-0.431250,0.812192,0.122539,1.000000,0.134379
-0.385815,0.240407,-0.255586,0.134379,1.000000
