atmos_pressure, temp_mean, rh_mean, vapor_pressure_mean, wspd_arith_mean, tbrg_precip_total_corr
1.000000,-0.947828,-0.772494,-0.944479,-0.115387,nan
-0.947828,1.000000,0.864786,0.999036,-0.203670,nan
-0.772494,0.864786,1.000000,0.885828,-0.391130,nan
-0.944479,0.999036,0.885828,1.000000,-0.217337,nan
-0.115387,-0.203670,-0.391130,-0.217337,1.000000,nan
nan,nan,nan,nan,nan,nan
