atmos_pressure, temp_mean, rh_mean, vapor_pressure_mean, wspd_arith_mean
1.000000,-0.308526,-0.016784,-0.340455,-0.304129
-0.308526,1.000000,-0.506723,0.763106,0.155358
-0.016784,-0.506723,1.000000,0.127661,-0.246680
-0.340455,0.763106,0.127661,1.000000,-0.003512
-0.304129,0.155358,-0.246680,-0.003512,1.000000
