atmos_pressure, temp_mean, rh_mean, vapor_pressure_mean, wspd_arith_mean
1.000000,-0.805281,0.565554,-0.801265,-0.554374
-0.805281,1.000000,-0.875714,0.915559,0.582689
0.565554,-0.875714,1.000000,-0.623554,-0.687418
-0.801265,0.915559,-0.623554,1.000000,0.342359
-0.554374,0.582689,-0.687418,0.342359,1.000000
