atmos_pressure, temp_mean, rh_mean, vapor_pressure_mean, wspd_arith_mean
1.000000,-0.494945,-0.076229,-0.466668,-0.272769
-0.494945,1.000000,-0.265689,0.785946,0.254957
-0.076229,-0.265689,1.000000,0.316955,-0.191406
-0.466668,0.785946,0.316955,1.000000,0.161210
-0.272769,0.254957,-0.191406,0.161210,1.000000
