atmos_pressure, temp_mean, rh_mean, vapor_pressure_mean, wspd_arith_mean
1.000000,-0.669284,-0.014717,-0.702770,-0.335405
-0.669284,1.000000,-0.443567,0.718561,0.339474
-0.014717,-0.443567,1.000000,0.237692,-0.222664
-0.702770,0.718561,0.237692,1.000000,0.267107
-0.335405,0.339474,-0.222664,0.267107,1.000000
