atmos_pressure, temp_mean, rh_mean, vapor_pressure_mean, wspd_arith_mean
1.000000,-0.455665,-0.171331,-0.580031,-0.433320
-0.455665,1.000000,-0.477735,0.686542,0.299228
-0.171331,-0.477735,1.000000,0.251267,-0.072155
-0.580031,0.686542,0.251267,1.000000,0.261987
-0.433320,0.299228,-0.072155,0.261987,1.000000
