atmos_pressure, temp_mean, rh_mean, vapor_pressure_mean, wspd_arith_mean, tbrg_precip_total_corr
1.000000,-0.698126,0.098659,-0.670471,-0.729613,0.089765
-0.698126,1.000000,-0.253356,0.899910,0.812336,-0.028568
0.098659,-0.253356,1.000000,0.169690,-0.303452,-0.124172
-0.670471,0.899910,0.169690,1.000000,0.740442,-0.067319
-0.729613,0.812336,-0.303452,0.740442,1.000000,0.011821
0.089765,-0.028568,-0.124172,-0.067319,0.011821,1.000000
