atmos_pressure, temp_mean, rh_mean, vapor_pressure_mean, wspd_arith_mean, tbrg_precip_total_corr
1.000000,-0.364297,0.065974,-0.454624,-0.166488,-0.130946
-0.364297,1.000000,-0.757053,0.333137,0.321182,-0.161145
0.065974,-0.757053,1.000000,0.311238,-0.376971,0.174182
-0.454624,0.333137,0.311238,1.000000,0.040796,0.004834
-0.166488,0.321182,-0.376971,0.040796,1.000000,-0.011527
-0.130946,-0.161145,0.174182,0.004834,-0.011527,1.000000
