atmos_pressure, temp_mean, rh_mean, vapor_pressure_mean, wspd_arith_mean
1.000000,-0.582639,0.677579,-0.443613,-0.686690
-0.582639,1.000000,-0.834466,0.918460,0.201526
0.677579,-0.834466,1.000000,-0.554470,-0.515488
-0.443613,0.918460,-0.554470,1.000000,-0.031363
-0.686690,0.201526,-0.515488,-0.031363,1.000000
