atmos_pressure, temp_mean, rh_mean, vapor_pressure_mean, wspd_arith_mean
1.000000,-0.581696,0.068735,-0.563151,-0.341484
-0.581696,1.000000,-0.496730,0.795821,0.295174
0.068735,-0.496730,1.000000,0.057710,-0.283755
-0.563151,0.795821,0.057710,1.000000,0.181292
-0.341484,0.295174,-0.283755,0.181292,1.000000
