atmos_pressure, temp_mean, rh_mean, vapor_pressure_mean, wspd_arith_mean
1.000000,-0.756714,-0.014952,-0.880095,-0.612953
-0.756714,1.000000,-0.579224,0.675303,0.496753
-0.014952,-0.579224,1.000000,0.193186,-0.226702
-0.880095,0.675303,0.193186,1.000000,0.358716
-0.612953,0.496753,-0.226702,0.358716,1.000000
