atmos_pressure, temp_mean, rh_mean, vapor_pressure_mean, wspd_arith_mean, tbrg_precip_total_corr
1.000000,-0.752508,-0.338457,-0.792860,-0.652129,0.125728
-0.752508,1.000000,0.044505,0.938705,0.817590,-0.075367
-0.338457,0.044505,1.000000,0.318098,-0.137838,-0.045885
-0.792860,0.938705,0.318098,1.000000,0.749297,-0.120837
-0.652129,0.817590,-0.137838,0.749297,1.000000,-0.115447
0.125728,-0.075367,-0.045885,-0.120837,-0.115447,1.000000
