atmos_pressure, temp_mean, rh_mean, vapor_pressure_mean, wspd_arith_mean, tbrg_precip_total_corr
1.000000,-0.215412,-0.104701,-0.220111,-0.242012,-0.177187
-0.215412,1.000000,-0.166567,0.944072,-0.007207,0.179034
-0.104701,-0.166567,1.000000,0.085584,-0.158125,-0.097167
-0.220111,0.944072,0.085584,1.000000,-0.069406,0.146400
-0.242012,-0.007207,-0.158125,-0.069406,1.000000,0.206376
-0.177187,0.179034,-0.097167,0.146400,0.206376,1.000000
