atmos_pressure, temp_mean, rh_mean, vapor_pressure_mean, wspd_arith_mean
1.000000,-0.331305,-0.054176,-0.384835,-0.283870
-0.331305,1.000000,-0.475082,0.748683,0.095825
-0.054176,-0.475082,1.000000,0.168408,-0.212545
-0.384835,0.748683,0.168408,1.000000,0.017752
-0.283870,0.095825,-0.212545,0.017752,1.000000
