atmos_pressure, temp_mean, rh_mean, vapor_pressure_mean, wspd_arith_mean, tbrg_precip_total_corr
1.000000,0.237744,-0.028892,0.288668,-0.291326,0.121422
0.237744,1.000000,-0.587607,0.650596,0.015308,0.112724
-0.028892,-0.587607,1.000000,0.200465,-0.077317,-0.049178
0.288668,0.650596,0.200465,1.000000,0.015415,0.129052
-0.291326,0.015308,-0.077317,0.015415,1.000000,0.041449
0.121422,0.112724,-0.049178,0.129052,0.041449,1.000000
