atmos_pressure, temp_mean, rh_mean, vapor_pressure_mean, wspd_arith_mean, tbrg_precip_total_corr
1.000000,-0.154078,-0.076188,-0.134208,-0.326260,0.007548
-0.154078,1.000000,-0.145256,0.920230,-0.026399,0.221003
-0.076188,-0.145256,1.000000,0.173447,-0.006908,-0.007774
-0.134208,0.920230,0.173447,1.000000,-0.045106,0.262272
-0.326260,-0.026399,-0.006908,-0.045106,1.000000,0.052898
0.007548,0.221003,-0.007774,0.262272,0.052898,1.000000
