atmos_pressure, temp_mean, rh_mean, vapor_pressure_mean, wspd_arith_mean
1.000000,-0.856531,0.698861,-0.856467,-0.620951
-0.856531,1.000000,-0.956036,0.762457,0.719471
0.698861,-0.956036,1.000000,-0.567213,-0.774061
-0.856467,0.762457,-0.567213,1.000000,0.291290
-0.620951,0.719471,-0.774061,0.291290,1.000000
