atmos_pressure, temp_mean, rh_mean, vapor_pressure_mean, wspd_arith_mean
1.000000,0.087601,-0.081890,-0.186951,0.093263
0.087601,1.000000,-0.980364,-0.819296,0.483980
-0.081890,-0.980364,1.000000,0.902709,-0.493145
-0.186951,-0.819296,0.902709,1.000000,-0.413870
0.093263,0.483980,-0.493145,-0.413870,1.000000
