atmos_pressure, temp_mean, rh_mean, vapor_pressure_mean, wspd_arith_mean
1.000000,-0.477851,0.047004,-0.488058,-0.325569
-0.477851,1.000000,-0.504660,0.654025,0.187267
0.047004,-0.504660,1.000000,0.249787,-0.208382
-0.488058,0.654025,0.249787,1.000000,0.090156
-0.325569,0.187267,-0.208382,0.090156,1.000000
