atmos_pressure, temp_mean, rh_mean, vapor_pressure_mean, wspd_arith_mean
1.000000,-0.523222,0.036583,-0.462921,-0.266571
-0.523222,1.000000,-0.420418,0.805514,0.170065
0.036583,-0.420418,1.000000,0.128576,-0.317838
-0.462921,0.805514,0.128576,1.000000,0.004320
-0.266571,0.170065,-0.317838,0.004320,1.000000
