atmos_pressure, temp_mean, rh_mean, vapor_pressure_mean, wspd_arith_mean
1.000000,-0.438565,0.007393,-0.461594,-0.322664
-0.438565,1.000000,-0.469289,0.807844,0.263230
0.007393,-0.469289,1.000000,0.072495,-0.244355
-0.461594,0.807844,0.072495,1.000000,0.195698
-0.322664,0.263230,-0.244355,0.195698,1.000000
