atmos_pressure, temp_mean, rh_mean, vapor_pressure_mean, wspd_arith_mean, tbrg_precip_total_corr
1.000000,-0.377432,-0.053975,-0.573981,-0.263822,-0.122687
-0.377432,1.000000,-0.626342,0.688011,0.141628,0.296402
-0.053975,-0.626342,1.000000,0.096636,-0.290561,-0.278348
-0.573981,0.688011,0.096636,1.000000,0.002015,0.068216
-0.263822,0.141628,-0.290561,0.002015,1.000000,0.236196
-0.122687,0.296402,-0.278348,0.068216,0.236196,1.000000
