atmos_pressure, temp_mean, rh_mean, vapor_pressure_mean, wspd_arith_mean
1.000000,-0.626585,-0.037631,-0.658166,-0.026820
-0.626585,1.000000,-0.471713,0.734282,0.076572
-0.037631,-0.471713,1.000000,0.181569,-0.289916
-0.658166,0.734282,0.181569,1.000000,-0.116125
-0.026820,0.076572,-0.289916,-0.116125,1.000000
