atmos_pressure, temp_mean, rh_mean, vapor_pressure_mean, wspd_arith_mean, tbrg_precip_total_corr
1.000000,-0.059900,0.035453,-0.027069,-0.284760,-0.171993
-0.059900,1.000000,-0.345226,0.860669,-0.063474,0.063302
0.035453,-0.345226,1.000000,0.130689,-0.073552,0.003478
-0.027069,0.860669,0.130689,1.000000,-0.131225,0.041832
-0.284760,-0.063474,-0.073552,-0.131225,1.000000,0.174865
-0.171993,0.063302,0.003478,0.041832,0.174865,1.000000
