atmos_pressure, temp_mean, rh_mean, vapor_pressure_mean, wspd_arith_mean
1.000000,-0.480895,0.040540,-0.418554,-0.402877
-0.480895,1.000000,-0.360217,0.793436,0.247355
0.040540,-0.360217,1.000000,0.202706,-0.350284
-0.418554,0.793436,0.202706,1.000000,0.046297
-0.402877,0.247355,-0.350284,0.046297,1.000000
