atmos_pressure, temp_mean, rh_mean, vapor_pressure_mean, wspd_arith_mean
1.000000,-0.720717,0.665896,-0.547599,-0.668222
-0.720717,1.000000,-0.978267,0.821185,0.639127
0.665896,-0.978267,1.000000,-0.702438,-0.582745
-0.547599,0.821185,-0.702438,1.000000,0.567279
-0.668222,0.639127,-0.582745,0.567279,1.000000
