atmos_pressure, temp_mean, rh_mean, vapor_pressure_mean, wspd_arith_mean
1.000000,-0.778947,0.792708,0.450385,-0.002892
-0.778947,1.000000,-0.896741,-0.298632,0.190410
0.792708,-0.896741,1.000000,0.675167,0.176583
0.450385,-0.298632,0.675167,1.000000,0.652320
-0.002892,0.190410,0.176583,0.652320,1.000000
