atmos_pressure, temp_mean, rh_mean, vapor_pressure_mean, wspd_arith_mean, tbrg_precip_total_corr
1.000000,-0.837316,0.342971,-0.549876,-0.362567,nan
-0.837316,1.000000,-0.333162,0.711127,-0.009182,nan
0.342971,-0.333162,1.000000,0.425618,-0.087146,nan
-0.549876,0.711127,0.425618,1.000000,-0.074532,nan
-0.362567,-0.009182,-0.087146,-0.074532,1.000000,nan
nan,nan,nan,nan,nan,nan
