atmos_pressure, temp_mean, rh_mean, vapor_pressure_mean, wspd_arith_mean
1.000000,0.357573,0.932422,0.880637,-0.497895
0.357573,1.000000,0.283286,0.696598,0.075877
0.932422,0.283286,1.000000,0.883818,-0.417023
0.880637,0.696598,0.883818,1.000000,-0.301556
-0.497895,0.075877,-0.417023,-0.301556,1.000000
