atmos_pressure, temp_mean, rh_mean, vapor_pressure_mean, wspd_arith_mean
1.000000,0.493504,-0.467087,0.607710,-0.164906
0.493504,1.000000,-0.991351,0.645661,0.086984
-0.467087,-0.991351,1.000000,-0.560633,-0.148627
0.607710,0.645661,-0.560633,1.000000,-0.081168
-0.164906,0.086984,-0.148627,-0.081168,1.000000
