atmos_pressure, temp_mean, rh_mean, vapor_pressure_mean, wspd_arith_mean
1.000000,-0.406098,0.234116,-0.210394,-0.360439
-0.406098,1.000000,-0.427659,0.755745,0.111551
0.234116,-0.427659,1.000000,0.196959,-0.279722
-0.210394,0.755745,0.196959,1.000000,-0.075093
-0.360439,0.111551,-0.279722,-0.075093,1.000000
