atmos_pressure, temp_mean, rh_mean, vapor_pressure_mean, wspd_arith_mean
1.000000,-0.299527,0.266317,0.512249,0.182917
-0.299527,1.000000,-0.994373,-0.681809,0.221304
0.266317,-0.994373,1.000000,0.705131,-0.246785
0.512249,-0.681809,0.705131,1.000000,0.033725
0.182917,0.221304,-0.246785,0.033725,1.000000
