atmos_pressure, temp_mean, rh_mean, vapor_pressure_mean, wspd_arith_mean
1.000000,-0.492201,-0.012472,-0.465584,-0.215229
-0.492201,1.000000,-0.445933,0.627313,0.206750
-0.012472,-0.445933,1.000000,0.339863,-0.176326
-0.465584,0.627313,0.339863,1.000000,0.099918
-0.215229,0.206750,-0.176326,0.099918,1.000000
