atmos_pressure, temp_mean, rh_mean, vapor_pressure_mean, wspd_arith_mean
1.000000,-0.569867,-0.072117,-0.612319,-0.241326
-0.569867,1.000000,-0.396862,0.723355,0.280921
-0.072117,-0.396862,1.000000,0.257899,-0.200578
-0.612319,0.723355,0.257899,1.000000,0.183483
-0.241326,0.280921,-0.200578,0.183483,1.000000
