atmos_pressure, temp_mean, rh_mean, vapor_pressure_mean, wspd_arith_mean
1.000000,-0.733013,0.524259,-0.330295,-0.767367
-0.733013,1.000000,-0.927190,0.274876,0.760826
0.524259,-0.927190,1.000000,0.040929,-0.694332
-0.330295,0.274876,0.040929,1.000000,0.092804
-0.767367,0.760826,-0.694332,0.092804,1.000000
