atmos_pressure, temp_mean, rh_mean, vapor_pressure_mean, wspd_arith_mean
1.000000,-0.643163,-0.070234,-0.666416,-0.208125
-0.643163,1.000000,-0.395768,0.649854,0.169505
-0.070234,-0.395768,1.000000,0.346380,-0.150357
-0.666416,0.649854,0.346380,1.000000,0.112504
-0.208125,0.169505,-0.150357,0.112504,1.000000
