atmos_pressure, temp_mean, rh_mean, vapor_pressure_mean, wspd_arith_mean
1.000000,-0.590216,0.008411,-0.531395,-0.264493
-0.590216,1.000000,-0.377121,0.755617,0.358212
0.008411,-0.377121,1.000000,0.252080,-0.146715
-0.531395,0.755617,0.252080,1.000000,0.324053
-0.264493,0.358212,-0.146715,0.324053,1.000000
