atmos_pressure, temp_mean, rh_mean, vapor_pressure_mean, wspd_arith_mean
1.000000,-0.311166,0.002801,-0.306240,-0.304012
-0.311166,1.000000,-0.438451,0.762438,0.097070
0.002801,-0.438451,1.000000,0.183044,-0.225053
-0.306240,0.762438,0.183044,1.000000,-0.016781
-0.304012,0.097070,-0.225053,-0.016781,1.000000
