atmos_pressure, temp_mean, rh_mean, vapor_pressure_mean, wspd_arith_mean
1.000000,-0.525495,0.020322,-0.522347,-0.245461
-0.525495,1.000000,-0.511041,0.668188,0.293033
0.020322,-0.511041,1.000000,0.220054,-0.254914
-0.522347,0.668188,0.220054,1.000000,0.119129
-0.245461,0.293033,-0.254914,0.119129,1.000000
