atmos_pressure, temp_mean, rh_mean, vapor_pressure_mean, wspd_arith_mean
1.000000,-0.366458,0.039266,-0.300452,-0.324549
-0.366458,1.000000,-0.332194,0.788966,0.222411
0.039266,-0.332194,1.000000,0.251991,-0.306158
-0.300452,0.788966,0.251991,1.000000,0.040812
-0.324549,0.222411,-0.306158,0.040812,1.000000
