atmos_pressure, temp_mean, rh_mean, vapor_pressure_mean, wspd_arith_mean
1.000000,-0.730989,0.632640,-0.438179,-0.788960
-0.730989,1.000000,-0.970094,0.653471,0.686513
0.632640,-0.970094,1.000000,-0.510432,-0.658160
-0.438179,0.653471,-0.510432,1.000000,0.239392
-0.788960,0.686513,-0.658160,0.239392,1.000000
