atmos_pressure, temp_mean, rh_mean, vapor_pressure_mean, wspd_arith_mean
1.000000,-0.673860,0.610156,-0.456167,-0.743838
-0.673860,1.000000,-0.740225,0.748836,0.521614
0.610156,-0.740225,1.000000,-0.119285,-0.740260
-0.456167,0.748836,-0.119285,1.000000,0.082484
-0.743838,0.521614,-0.740260,0.082484,1.000000
