atmos_pressure, temp_mean, rh_mean, vapor_pressure_mean, wspd_arith_mean, tbrg_precip_total_corr
1.000000,-0.670170,0.052269,-0.715969,-0.006054,0.204229
-0.670170,1.000000,-0.516335,0.890252,0.270469,-0.202216
0.052269,-0.516335,1.000000,-0.140570,-0.257507,0.022589
-0.715969,0.890252,-0.140570,1.000000,0.286810,-0.174133
-0.006054,0.270469,-0.257507,0.286810,1.000000,0.109186
0.204229,-0.202216,0.022589,-0.174133,0.109186,1.000000
