atmos_pressure, temp_mean, rh_mean, vapor_pressure_mean, wspd_arith_mean
1.000000,-0.611018,0.063673,-0.556899,-0.148122
-0.611018,1.000000,-0.533323,0.711152,0.225854
0.063673,-0.533323,1.000000,0.111811,-0.124089
-0.556899,0.711152,0.111811,1.000000,0.233559
-0.148122,0.225854,-0.124089,0.233559,1.000000
