atmos_pressure, temp_mean, rh_mean, vapor_pressure_mean, wspd_arith_mean
1.000000,-0.453276,0.010673,-0.393559,-0.393056
-0.453276,1.000000,-0.289703,0.796084,0.112518
0.010673,-0.289703,1.000000,0.277204,-0.278243
-0.393559,0.796084,0.277204,1.000000,-0.036588
-0.393056,0.112518,-0.278243,-0.036588,1.000000
