atmos_pressure, temp_mean, rh_mean, vapor_pressure_mean, wspd_arith_mean, tbrg_precip_total_corr
1.000000,-0.300846,0.020157,-0.272689,-0.044165,-0.036514
-0.300846,1.000000,-0.301993,0.924783,0.021154,0.113383
0.020157,-0.301993,1.000000,0.038476,-0.086101,-0.213747
-0.272689,0.924783,0.038476,1.000000,0.005119,0.037415
-0.044165,0.021154,-0.086101,0.005119,1.000000,0.248154
-0.036514,0.113383,-0.213747,0.037415,0.248154,1.000000
