atmos_pressure, temp_mean, rh_mean, vapor_pressure_mean, wspd_arith_mean
1.000000,-0.818087,-0.323161,-0.926468,-0.834789
-0.818087,1.000000,-0.208902,0.795827,0.683876
-0.323161,-0.208902,1.000000,0.411586,0.109977
-0.926468,0.795827,0.411586,1.000000,0.645380
-0.834789,0.683876,0.109977,0.645380,1.000000
