atmos_pressure, temp_mean, rh_mean, vapor_pressure_mean, wspd_arith_mean, tbrg_precip_total_corr
1.000000,0.229736,-0.367831,-0.112216,-0.215756,0.038356
0.229736,1.000000,-0.691276,0.464555,0.260061,-0.074738
-0.367831,-0.691276,1.000000,0.270364,-0.229278,-0.019381
-0.112216,0.464555,0.270364,1.000000,0.173014,-0.080241
-0.215756,0.260061,-0.229278,0.173014,1.000000,-0.017247
0.038356,-0.074738,-0.019381,-0.080241,-0.017247,1.000000
