atmos_pressure, temp_mean, rh_mean, vapor_pressure_mean, wspd_arith_mean
1.000000,-0.481958,0.487932,-0.268427,-0.441990
-0.481958,1.000000,-0.799544,0.730268,0.388291
0.487932,-0.799544,1.000000,-0.182946,-0.418887
-0.268427,0.730268,-0.182946,1.000000,0.227172
-0.441990,0.388291,-0.418887,0.227172,1.000000
