atmos_pressure, temp_mean, rh_mean, vapor_pressure_mean, wspd_arith_mean, tbrg_precip_total_corr
1.000000,-0.343050,0.193982,-0.265785,-0.322886,-0.077034
-0.343050,1.000000,-0.593903,0.817377,0.325308,0.243732
0.193982,-0.593903,1.000000,-0.065352,-0.346354,-0.037590
-0.265785,0.817377,-0.065352,1.000000,0.111144,0.281812
-0.322886,0.325308,-0.346354,0.111144,1.000000,-0.036211
-0.077034,0.243732,-0.037590,0.281812,-0.036211,1.000000
