atmos_pressure, temp_mean, rh_mean, vapor_pressure_mean, wspd_arith_mean
1.000000,-0.635535,0.278345,-0.754556,0.429570
-0.635535,1.000000,-0.879034,0.377642,-0.584058
0.278345,-0.879034,1.000000,0.082855,0.569181
-0.754556,0.377642,0.082855,1.000000,-0.224922
0.429570,-0.584058,0.569181,-0.224922,1.000000
