atmos_pressure, temp_mean, rh_mean, vapor_pressure_mean, wspd_arith_mean, tbrg_precip_total_corr
1.000000,0.983149,0.314579,0.977469,-0.123802,nan
0.983149,1.000000,0.178165,0.947205,-0.029853,nan
0.314579,0.178165,1.000000,0.484084,0.128280,nan
0.977469,0.947205,0.484084,1.000000,0.009087,nan
-0.123802,-0.029853,0.128280,0.009087,1.000000,nan
nan,nan,nan,nan,nan,nan
