atmos_pressure, temp_mean, rh_mean, vapor_pressure_mean, wspd_arith_mean
1.000000,-0.357149,0.092240,-0.305577,-0.319648
-0.357149,1.000000,-0.454460,0.770301,0.120027
0.092240,-0.454460,1.000000,0.139209,-0.267316
-0.305577,0.770301,0.139209,1.000000,-0.026525
-0.319648,0.120027,-0.267316,-0.026525,1.000000
