atmos_pressure, temp_mean, rh_mean, vapor_pressure_mean, wspd_arith_mean
1.000000,0.266346,-0.199786,0.010410,-0.700221
0.266346,1.000000,-0.957578,0.118047,-0.021848
-0.199786,-0.957578,1.000000,0.153787,0.075918
0.010410,0.118047,0.153787,1.000000,0.311923
-0.700221,-0.021848,0.075918,0.311923,1.000000
