atmos_pressure, temp_mean, rh_mean, vapor_pressure_mean, wspd_arith_mean, tbrg_precip_total_corr
1.000000,-0.685762,-0.740056,-0.844858,0.221270,0.308200
-0.685762,1.000000,0.323555,0.843639,0.196761,-0.203918
-0.740056,0.323555,1.000000,0.727025,-0.323449,-0.024765
-0.844858,0.843639,0.727025,1.000000,0.038668,-0.097275
0.221270,0.196761,-0.323449,0.038668,1.000000,0.054585
0.308200,-0.203918,-0.024765,-0.097275,0.054585,1.000000
