atmos_pressure, temp_mean, rh_mean, vapor_pressure_mean, wspd_arith_mean, tbrg_precip_total_corr
1.000000,-0.264492,-0.031500,-0.190038,-0.251487,-0.074307
-0.264492,1.000000,0.010900,0.956215,-0.042594,0.152446
-0.031500,0.010900,1.000000,0.250103,0.011849,0.027032
-0.190038,0.956215,0.250103,1.000000,-0.067314,0.161072
-0.251487,-0.042594,0.011849,-0.067314,1.000000,0.256707
-0.074307,0.152446,0.027032,0.161072,0.256707,1.000000
