atmos_pressure, temp_mean, rh_mean, vapor_pressure_mean, wspd_arith_mean
1.000000,-0.721619,0.443347,0.062055,-0.132597
-0.721619,1.000000,-0.860824,-0.510280,-0.245589
0.443347,-0.860824,1.000000,0.876248,0.386097
0.062055,-0.510280,0.876248,1.000000,0.417874
-0.132597,-0.245589,0.386097,0.417874,1.000000
