atmos_pressure, temp_mean, rh_mean, vapor_pressure_mean, wspd_arith_mean
1.000000,-0.563400,0.163530,-0.468664,-0.351478
-0.563400,1.000000,-0.518603,0.696817,0.451760
0.163530,-0.518603,1.000000,0.205649,-0.324544
-0.468664,0.696817,0.205649,1.000000,0.257608
-0.351478,0.451760,-0.324544,0.257608,1.000000
