atmos_pressure, temp_mean, rh_mean, vapor_pressure_mean, wspd_arith_mean
1.000000,-0.832769,0.665938,-0.722662,-0.730695
-0.832769,1.000000,-0.937015,0.569730,0.602679
0.665938,-0.937015,1.000000,-0.293395,-0.587027
-0.722662,0.569730,-0.293395,1.000000,0.447982
-0.730695,0.602679,-0.587027,0.447982,1.000000
