atmos_pressure, temp_mean, rh_mean, vapor_pressure_mean, wspd_arith_mean, tbrg_precip_total_corr
1.000000,-0.518042,-0.446763,-0.517972,-0.329158,-0.062198
-0.518042,1.000000,0.235586,0.946736,0.190434,0.031036
-0.446763,0.235586,1.000000,0.506063,0.200809,-0.167684
-0.517972,0.946736,0.506063,1.000000,0.236266,-0.044107
-0.329158,0.190434,0.200809,0.236266,1.000000,0.014929
-0.062198,0.031036,-0.167684,-0.044107,0.014929,1.000000
