atmos_pressure, temp_mean, rh_mean, vapor_pressure_mean, wspd_arith_mean, tbrg_precip_total_corr
1.000000,-0.718093,0.548659,-0.092312,0.880481,nan
-0.718093,1.000000,-0.924495,-0.233783,-0.687195,nan
0.548659,-0.924495,1.000000,0.575186,0.554383,nan
-0.092312,-0.233783,0.575186,1.000000,0.025534,nan
0.880481,-0.687195,0.554383,0.025534,1.000000,nan
nan,nan,nan,nan,nan,nan
