atmos_pressure, temp_mean, rh_mean, vapor_pressure_mean, wspd_arith_mean
1.000000,-0.428099,0.077563,-0.391952,-0.306767
-0.428099,1.000000,-0.460543,0.799411,0.266399
0.077563,-0.460543,1.000000,0.099962,-0.253135
-0.391952,0.799411,0.099962,1.000000,0.172602
-0.306767,0.266399,-0.253135,0.172602,1.000000
