atmos_pressure, temp_mean, rh_mean, vapor_pressure_mean, wspd_arith_mean
1.000000,-0.770361,0.716699,-0.653412,-0.715146
-0.770361,1.000000,-0.982657,0.880610,0.844908
0.716699,-0.982657,1.000000,-0.790699,-0.873181
-0.653412,0.880610,-0.790699,1.000000,0.591723
-0.715146,0.844908,-0.873181,0.591723,1.000000
