atmos_pressure, temp_mean, rh_mean, vapor_pressure_mean, wspd_arith_mean
1.000000,-0.339331,-0.051638,-0.358441,-0.334040
-0.339331,1.000000,-0.344800,0.716532,0.202203
-0.051638,-0.344800,1.000000,0.340335,-0.259152
-0.358441,0.716532,0.340335,1.000000,0.021234
-0.334040,0.202203,-0.259152,0.021234,1.000000
