atmos_pressure, temp_mean, rh_mean, vapor_pressure_mean, wspd_arith_mean
1.000000,-0.795354,0.497522,-0.788292,-0.630154
-0.795354,1.000000,-0.870285,0.695584,0.599824
0.497522,-0.870285,1.000000,-0.257719,-0.458415
-0.788292,0.695584,-0.257719,1.000000,0.492207
-0.630154,0.599824,-0.458415,0.492207,1.000000
