atmos_pressure, temp_mean, rh_mean, vapor_pressure_mean, wspd_arith_mean, tbrg_precip_total_corr
1.000000,0.567762,-0.310504,0.340435,-0.560640,0.294453
0.567762,1.000000,-0.141406,0.676242,-0.317131,-0.043040
-0.310504,-0.141406,1.000000,0.610117,0.235051,-0.403953
0.340435,0.676242,0.610117,1.000000,-0.171434,-0.263813
-0.560640,-0.317131,0.235051,-0.171434,1.000000,-0.116764
0.294453,-0.043040,-0.403953,-0.263813,-0.116764,1.000000
