atmos_pressure, temp_mean, rh_mean, vapor_pressure_mean, wspd_arith_mean
1.000000,-0.608321,0.635413,0.773970,-0.761839
-0.608321,1.000000,-0.983907,-0.848313,0.704849
0.635413,-0.983907,1.000000,0.910357,-0.708078
0.773970,-0.848313,0.910357,1.000000,-0.750829
-0.761839,0.704849,-0.708078,-0.750829,1.000000
