atmos_pressure, temp_mean, rh_mean, vapor_pressure_mean, wspd_arith_mean
1.000000,-0.289445,0.016116,-0.287306,-0.284318
-0.289445,1.000000,-0.489208,0.779155,0.201334
0.016116,-0.489208,1.000000,0.123078,-0.242897
-0.287306,0.779155,0.123078,1.000000,0.041543
-0.284318,0.201334,-0.242897,0.041543,1.000000
