atmos_pressure, temp_mean, rh_mean, vapor_pressure_mean, wspd_arith_mean
1.000000,-0.335419,-0.862777,-0.886007,-0.551986
-0.335419,1.000000,0.120737,0.540367,0.804895
-0.862777,0.120737,1.000000,0.898149,0.337580
-0.886007,0.540367,0.898149,1.000000,0.650862
-0.551986,0.804895,0.337580,0.650862,1.000000
