atmos_pressure, temp_mean, rh_mean, vapor_pressure_mean, wspd_arith_mean
1.000000,-0.142595,-0.091364,-0.722140,0.215388
-0.142595,1.000000,-0.941161,0.195015,-0.197197
-0.091364,-0.941161,1.000000,0.142851,0.083861
-0.722140,0.195015,0.142851,1.000000,-0.313722
0.215388,-0.197197,0.083861,-0.313722,1.000000
