atmos_pressure, temp_mean, rh_mean, vapor_pressure_mean, wspd_arith_mean
1.000000,-0.174651,-0.165379,-0.694728,-0.425518
-0.174651,1.000000,-0.899644,0.235464,-0.028721
-0.165379,-0.899644,1.000000,0.198927,0.284958
-0.694728,0.235464,0.198927,1.000000,0.657694
-0.425518,-0.028721,0.284958,0.657694,1.000000
