atmos_pressure, temp_mean, rh_mean, vapor_pressure_mean, wspd_arith_mean
1.000000,-0.424198,-0.038298,-0.415183,-0.349903
-0.424198,1.000000,-0.325875,0.817753,0.202251
-0.038298,-0.325875,1.000000,0.228790,-0.274215
-0.415183,0.817753,0.228790,1.000000,0.048776
-0.349903,0.202251,-0.274215,0.048776,1.000000
