atmos_pressure, temp_mean, rh_mean, vapor_pressure_mean, wspd_arith_mean, tbrg_precip_total_corr
1.000000,-0.711984,-0.224063,-0.864480,-0.083429,-0.018691
-0.711984,1.000000,-0.316605,0.799087,0.385078,0.031695
-0.224063,-0.316605,1.000000,0.294487,-0.538358,-0.023291
-0.864480,0.799087,0.294487,1.000000,0.093025,0.039966
-0.083429,0.385078,-0.538358,0.093025,1.000000,-0.017601
-0.018691,0.031695,-0.023291,0.039966,-0.017601,1.000000
