atmos_pressure, temp_mean, rh_mean, vapor_pressure_mean, wspd_arith_mean, tbrg_precip_total_corr
1.000000,-0.433209,0.115438,-0.126335,-0.350414,nan
-0.433209,1.000000,-0.813934,-0.527951,-0.116671,nan
0.115438,-0.813934,1.000000,0.922019,0.234496,nan
-0.126335,-0.527951,0.922019,1.000000,0.273692,nan
-0.350414,-0.116671,0.234496,0.273692,1.000000,nan
nan,nan,nan,nan,nan,nan
