atmos_pressure, temp_mean, rh_mean, vapor_pressure_mean, wspd_arith_mean, tbrg_precip_total_corr
1.000000,-0.142939,-0.571444,-0.384081,-0.113153,0.575840
-0.142939,1.000000,-0.184821,0.870886,-0.020235,0.159221
-0.571444,-0.184821,1.000000,0.269947,-0.064858,-0.557471
-0.384081,0.870886,0.269947,1.000000,-0.024498,-0.162528
-0.113153,-0.020235,-0.064858,-0.024498,1.000000,0.028378
0.575840,0.159221,-0.557471,-0.162528,0.028378,1.000000
