atmos_pressure, temp_mean, rh_mean, vapor_pressure_mean, wspd_arith_mean
1.000000,-0.408299,-0.243083,-0.539780,-0.289601
-0.408299,1.000000,-0.445386,0.761940,0.377666
-0.243083,-0.445386,1.000000,0.153445,-0.208481
-0.539780,0.761940,0.153445,1.000000,0.317560
-0.289601,0.377666,-0.208481,0.317560,1.000000
