atmos_pressure, temp_mean, rh_mean, vapor_pressure_mean, wspd_arith_mean
1.000000,-0.448501,-0.157845,-0.555199,-0.399579
-0.448501,1.000000,-0.457628,0.678383,0.295804
-0.157845,-0.457628,1.000000,0.281398,-0.055161
-0.555199,0.678383,0.281398,1.000000,0.256089
-0.399579,0.295804,-0.055161,0.256089,1.000000
