atmos_pressure, temp_mean, rh_mean, vapor_pressure_mean, wspd_arith_mean, tbrg_precip_total_corr
1.000000,-0.968804,-0.947441,-0.940931,-0.201046,-0.293112
-0.968804,1.000000,0.985339,0.988433,0.246591,0.327211
-0.947441,0.985339,1.000000,0.998717,0.129212,0.347764
-0.940931,0.988433,0.998717,1.000000,0.160700,0.347744
-0.201046,0.246591,0.129212,0.160700,1.000000,0.432382
-0.293112,0.327211,0.347764,0.347744,0.432382,1.000000
