atmos_pressure, temp_mean, rh_mean, vapor_pressure_mean, wspd_arith_mean, tbrg_precip_total_corr
1.000000,0.054291,-0.469141,-0.161081,-0.472864,0.028759
0.054291,1.000000,-0.225744,0.902515,-0.333496,0.004020
-0.469141,-0.225744,1.000000,0.190468,0.396782,-0.162057
-0.161081,0.902515,0.190468,1.000000,-0.126119,-0.056905
-0.472864,-0.333496,0.396782,-0.126119,1.000000,-0.063003
0.028759,0.004020,-0.162057,-0.056905,-0.063003,1.000000
