atmos_pressure, temp_mean, rh_mean, vapor_pressure_mean, wspd_arith_mean, tbrg_precip_total_corr
1.000000,-0.248795,0.175437,-0.186785,-0.310031,-0.050209
-0.248795,1.000000,-0.436132,0.917289,0.241016,0.233530
0.175437,-0.436132,1.000000,-0.085076,-0.196899,-0.150875
-0.186785,0.917289,-0.085076,1.000000,0.182448,0.220979
-0.310031,0.241016,-0.196899,0.182448,1.000000,0.209093
-0.050209,0.233530,-0.150875,0.220979,0.209093,1.000000
