atmos_pressure, temp_mean, rh_mean, vapor_pressure_mean, wspd_arith_mean, tbrg_precip_total_corr
1.000000,-0.747982,-0.432556,-0.769004,-0.233048,0.073773
-0.747982,1.000000,0.164795,0.928141,-0.013847,-0.086849
-0.432556,0.164795,1.000000,0.476855,0.172415,-0.451082
-0.769004,0.928141,0.476855,1.000000,-0.011235,-0.173316
-0.233048,-0.013847,0.172415,-0.011235,1.000000,0.056795
0.073773,-0.086849,-0.451082,-0.173316,0.056795,1.000000
