atmos_pressure, temp_mean, rh_mean, vapor_pressure_mean, wspd_arith_mean, tbrg_precip_total_corr
1.000000,-0.346579,0.079810,-0.296683,-0.359981,-0.107198
-0.346579,1.000000,-0.203328,0.972381,0.009526,0.309437
0.079810,-0.203328,1.000000,-0.078013,-0.137065,-0.031333
-0.296683,0.972381,-0.078013,1.000000,-0.043863,0.325468
-0.359981,0.009526,-0.137065,-0.043863,1.000000,0.156979
-0.107198,0.309437,-0.031333,0.325468,0.156979,1.000000
