atmos_pressure, temp_mean, rh_mean, vapor_pressure_mean, wspd_arith_mean, tbrg_precip_total_corr
1.000000,-0.449718,-0.392580,-0.509371,-0.149161,0.009993
-0.449718,1.000000,0.154386,0.794133,0.324807,-0.145930
-0.392580,0.154386,1.000000,0.682454,-0.165159,-0.128691
-0.509371,0.794133,0.682454,1.000000,0.181565,-0.156417
-0.149161,0.324807,-0.165159,0.181565,1.000000,0.188752
0.009993,-0.145930,-0.128691,-0.156417,0.188752,1.000000
