atmos_pressure, temp_mean, rh_mean, vapor_pressure_mean, wspd_arith_mean, tbrg_precip_total_corr
1.000000,-0.596440,-0.221927,-0.780505,-0.158582,-0.061875
-0.596440,1.000000,-0.274113,0.849932,-0.096382,-0.042693
-0.221927,-0.274113,1.000000,0.209879,-0.251009,-0.034908
-0.780505,0.849932,0.209879,1.000000,-0.162491,-0.064115
-0.158582,-0.096382,-0.251009,-0.162491,1.000000,0.498175
-0.061875,-0.042693,-0.034908,-0.064115,0.498175,1.000000
