atmos_pressure, temp_mean, rh_mean, vapor_pressure_mean, wspd_arith_mean
1.000000,-0.397022,0.026654,-0.331299,-0.334384
-0.397022,1.000000,-0.252861,0.825574,0.155854
0.026654,-0.252861,1.000000,0.265483,-0.306358
-0.331299,0.825574,0.265483,1.000000,-0.006412
-0.334384,0.155854,-0.306358,-0.006412,1.000000
