atmos_pressure, temp_mean, rh_mean, vapor_pressure_mean, wspd_arith_mean
1.000000,-0.753525,0.179406,-0.933234,0.482779
-0.753525,1.000000,-0.743307,0.879182,-0.291778
0.179406,-0.743307,1.000000,-0.335158,-0.042907
-0.933234,0.879182,-0.335158,1.000000,-0.447420
0.482779,-0.291778,-0.042907,-0.447420,1.000000
