atmos_pressure, temp_mean, rh_mean, vapor_pressure_mean, wspd_arith_mean, tbrg_precip_total_corr
1.000000,-0.792934,0.189477,-0.704518,-0.655670,-0.094702
-0.792934,1.000000,-0.088686,0.949095,0.827808,-0.050525
0.189477,-0.088686,1.000000,0.209529,0.121083,0.018114
-0.704518,0.949095,0.209529,1.000000,0.870110,-0.046512
-0.655670,0.827808,0.121083,0.870110,1.000000,-0.065540
-0.094702,-0.050525,0.018114,-0.046512,-0.065540,1.000000
