atmos_pressure, temp_mean, rh_mean, vapor_pressure_mean, wspd_arith_mean
1.000000,-0.562624,0.020012,-0.468189,-0.182201
-0.562624,1.000000,-0.495294,0.526889,0.340371
0.020012,-0.495294,1.000000,0.379697,-0.235402
-0.468189,0.526889,0.379697,1.000000,0.186227
-0.182201,0.340371,-0.235402,0.186227,1.000000
