atmos_pressure, temp_mean, rh_mean, vapor_pressure_mean, wspd_arith_mean
1.000000,-0.437943,-0.041899,-0.384861,-0.337907
-0.437943,1.000000,-0.326050,0.760116,0.183133
-0.041899,-0.326050,1.000000,0.291057,-0.258517
-0.384861,0.760116,0.291057,1.000000,0.030412
-0.337907,0.183133,-0.258517,0.030412,1.000000
