atmos_pressure, temp_mean, rh_mean, vapor_pressure_mean, wspd_arith_mean
1.000000,-0.819241,0.259405,-0.941136,-0.887977
-0.819241,1.000000,-0.719992,0.923765,0.809665
0.259405,-0.719992,1.000000,-0.406452,-0.334288
-0.941136,0.923765,-0.406452,1.000000,0.880307
-0.887977,0.809665,-0.334288,0.880307,1.000000
