atmos_pressure, temp_mean, rh_mean, vapor_pressure_mean, wspd_arith_mean
1.000000,-0.170733,-0.380774,-0.925973,0.408064
-0.170733,1.000000,-0.828838,0.247679,0.131000
-0.380774,-0.828838,1.000000,0.332568,-0.319603
-0.925973,0.247679,0.332568,1.000000,-0.279998
0.408064,0.131000,-0.319603,-0.279998,1.000000
