atmos_pressure, temp_mean, rh_mean, vapor_pressure_mean, wspd_arith_mean
1.000000,-0.839008,0.431587,-0.974684,-0.838758
-0.839008,1.000000,-0.843156,0.851310,0.782976
0.431587,-0.843156,1.000000,-0.443888,-0.426718
-0.974684,0.851310,-0.443888,1.000000,0.902233
-0.838758,0.782976,-0.426718,0.902233,1.000000
