atmos_pressure, temp_mean, rh_mean, vapor_pressure_mean, wspd_arith_mean, tbrg_precip_total_corr
1.000000,0.475927,0.116618,0.509046,-0.312336,-0.035441
0.475927,1.000000,-0.249054,0.941589,-0.320504,0.184475
0.116618,-0.249054,1.000000,0.067233,-0.114672,-0.251654
0.509046,0.941589,0.067233,1.000000,-0.353394,0.088233
-0.312336,-0.320504,-0.114672,-0.353394,1.000000,0.234574
-0.035441,0.184475,-0.251654,0.088233,0.234574,1.000000
