atmos_pressure, temp_mean, rh_mean, vapor_pressure_mean, wspd_arith_mean
1.000000,-0.430040,-0.105601,-0.372135,-0.277302
-0.430040,1.000000,-0.183478,0.823153,0.020723
-0.105601,-0.183478,1.000000,0.329140,-0.242873
-0.372135,0.823153,0.329140,1.000000,-0.127532
-0.277302,0.020723,-0.242873,-0.127532,1.000000
