atmos_pressure, temp_mean, rh_mean, vapor_pressure_mean, wspd_arith_mean
1.000000,-0.417905,0.163911,-0.190751,-0.337457
-0.417905,1.000000,-0.414787,0.507406,0.062230
0.163911,-0.414787,1.000000,0.505926,-0.141076
-0.190751,0.507406,0.505926,1.000000,-0.047082
-0.337457,0.062230,-0.141076,-0.047082,1.000000
