atmos_pressure, temp_mean, rh_mean, vapor_pressure_mean, wspd_arith_mean
1.000000,0.242155,-0.297967,0.168325,-0.121088
0.242155,1.000000,-0.949916,0.958485,0.114697
-0.297967,-0.949916,1.000000,-0.822701,-0.015708
0.168325,0.958485,-0.822701,1.000000,0.181892
-0.121088,0.114697,-0.015708,0.181892,1.000000
