atmos_pressure, temp_mean, rh_mean, vapor_pressure_mean, wspd_arith_mean
1.000000,-0.516467,-0.062435,-0.508869,-0.224214
-0.516467,1.000000,-0.407346,0.685208,0.183212
-0.062435,-0.407346,1.000000,0.315314,-0.129032
-0.508869,0.685208,0.315314,1.000000,0.104915
-0.224214,0.183212,-0.129032,0.104915,1.000000
