atmos_pressure, temp_mean, rh_mean, vapor_pressure_mean, wspd_arith_mean
1.000000,-0.453916,0.565416,0.595408,0.012707
-0.453916,1.000000,-0.952784,0.148431,0.669284
0.565416,-0.952784,1.000000,0.128956,-0.490051
0.595408,0.148431,0.128956,1.000000,0.573248
0.012707,0.669284,-0.490051,0.573248,1.000000
