atmos_pressure, temp_mean, rh_mean, vapor_pressure_mean, wspd_arith_mean
1.000000,-0.443552,0.036621,-0.424279,-0.321440
-0.443552,1.000000,-0.427172,0.829968,0.124182
0.036621,-0.427172,1.000000,0.105285,-0.285856
-0.424279,0.829968,0.105285,1.000000,-0.025694
-0.321440,0.124182,-0.285856,-0.025694,1.000000
