atmos_pressure, temp_mean, rh_mean, vapor_pressure_mean, wspd_arith_mean
1.000000,-0.693804,-0.109172,-0.672688,-0.176831
-0.693804,1.000000,-0.305137,0.657174,0.112117
-0.109172,-0.305137,1.000000,0.423559,-0.031529
-0.672688,0.657174,0.423559,1.000000,0.129509
-0.176831,0.112117,-0.031529,0.129509,1.000000
