atmos_pressure, temp_mean, rh_mean, vapor_pressure_mean, wspd_arith_mean
1.000000,-0.570769,0.570687,0.775063,-0.418686
-0.570769,1.000000,-0.993793,-0.684814,0.529139
0.570687,-0.993793,1.000000,0.722809,-0.474405
0.775063,-0.684814,0.722809,1.000000,-0.217676
-0.418686,0.529139,-0.474405,-0.217676,1.000000
