atmos_pressure, temp_mean, rh_mean, vapor_pressure_mean, wspd_arith_mean
1.000000,-0.428521,-0.089160,-0.437548,-0.250167
-0.428521,1.000000,-0.239479,0.786264,0.094664
-0.089160,-0.239479,1.000000,0.358032,-0.207071
-0.437548,0.786264,0.358032,1.000000,-0.023624
-0.250167,0.094664,-0.207071,-0.023624,1.000000
