atmos_pressure, temp_mean, rh_mean, vapor_pressure_mean, wspd_arith_mean
1.000000,-0.507292,0.042247,-0.500717,-0.300880
-0.507292,1.000000,-0.520898,0.794646,0.151742
0.042247,-0.520898,1.000000,0.035071,-0.199260
-0.500717,0.794646,0.035071,1.000000,0.057252
-0.300880,0.151742,-0.199260,0.057252,1.000000
