atmos_pressure, temp_mean, rh_mean, vapor_pressure_mean, wspd_arith_mean
1.000000,-0.775282,0.680602,-0.238354,-0.796738
-0.775282,1.000000,-0.940463,0.331176,0.813158
0.680602,-0.940463,1.000000,-0.023780,-0.685541
-0.238354,0.331176,-0.023780,1.000000,0.452378
-0.796738,0.813158,-0.685541,0.452378,1.000000
