atmos_pressure, temp_mean, rh_mean, vapor_pressure_mean, wspd_arith_mean
1.000000,-0.540690,-0.036208,-0.518809,-0.244607
-0.540690,1.000000,-0.421131,0.772652,0.378014
-0.036208,-0.421131,1.000000,0.184251,-0.189840
-0.518809,0.772652,0.184251,1.000000,0.347663
-0.244607,0.378014,-0.189840,0.347663,1.000000
