atmos_pressure, temp_mean, rh_mean, vapor_pressure_mean, wspd_arith_mean
1.000000,-0.557948,0.665943,0.872114,-0.598402
-0.557948,1.000000,-0.932268,-0.473577,0.547468
0.665943,-0.932268,1.000000,0.692064,-0.556897
0.872114,-0.473577,0.692064,1.000000,-0.517427
-0.598402,0.547468,-0.556897,-0.517427,1.000000
