atmos_pressure, temp_mean, rh_mean, vapor_pressure_mean, wspd_arith_mean
1.000000,-0.382350,0.004419,-0.344530,-0.259348
-0.382350,1.000000,-0.318051,0.776545,0.009994
0.004419,-0.318051,1.000000,0.290824,-0.265919
-0.344530,0.776545,0.290824,1.000000,-0.129723
-0.259348,0.009994,-0.265919,-0.129723,1.000000
