atmos_pressure, temp_mean, rh_mean, vapor_pressure_mean, wspd_arith_mean, tbrg_precip_total_corr
1.000000,-0.508696,0.220849,-0.585166,-0.518307,-0.172160
-0.508696,1.000000,-0.723250,0.821763,0.653186,0.185009
0.220849,-0.723250,1.000000,-0.230072,-0.568828,-0.332632
-0.585166,0.821763,-0.230072,1.000000,0.488587,-0.008723
-0.518307,0.653186,-0.568828,0.488587,1.000000,0.251087
-0.172160,0.185009,-0.332632,-0.008723,0.251087,1.000000
