atmos_pressure, temp_mean, rh_mean, vapor_pressure_mean, wspd_arith_mean
1.000000,-0.612070,-0.026707,-0.563571,-0.212598
-0.612070,1.000000,-0.410437,0.737785,0.314511
-0.026707,-0.410437,1.000000,0.222353,-0.095905
-0.563571,0.737785,0.222353,1.000000,0.300786
-0.212598,0.314511,-0.095905,0.300786,1.000000
