atmos_pressure, temp_mean, rh_mean, vapor_pressure_mean, wspd_arith_mean
1.000000,-0.643870,-0.178835,-0.745761,-0.166072
-0.643870,1.000000,-0.360845,0.746941,0.231562
-0.178835,-0.360845,1.000000,0.273742,-0.127750
-0.745761,0.746941,0.273742,1.000000,0.175194
-0.166072,0.231562,-0.127750,0.175194,1.000000
