atmos_pressure, temp_mean, rh_mean, vapor_pressure_mean, wspd_arith_mean
1.000000,-0.466543,-0.120390,-0.441080,-0.342116
-0.466543,1.000000,-0.156449,0.813844,0.035899
-0.120390,-0.156449,1.000000,0.373058,-0.244835
-0.441080,0.813844,0.373058,1.000000,-0.085119
-0.342116,0.035899,-0.244835,-0.085119,1.000000
