atmos_pressure, temp_mean, rh_mean, vapor_pressure_mean, wspd_arith_mean
1.000000,-0.394836,-0.230391,-0.815071,-0.749303
-0.394836,1.000000,-0.753344,0.109620,0.626157
-0.230391,-0.753344,1.000000,0.568755,-0.163726
-0.815071,0.109620,0.568755,1.000000,0.515294
-0.749303,0.626157,-0.163726,0.515294,1.000000
