atmos_pressure, temp_mean, rh_mean, vapor_pressure_mean, wspd_arith_mean
1.000000,-0.770239,0.387481,-0.883584,-0.753290
-0.770239,1.000000,-0.842069,0.713211,0.658915
0.387481,-0.842069,1.000000,-0.228919,-0.284748
-0.883584,0.713211,-0.228919,1.000000,0.816836
-0.753290,0.658915,-0.284748,0.816836,1.000000
