atmos_pressure, temp_mean, rh_mean, vapor_pressure_mean, wspd_arith_mean
1.000000,-0.432139,-0.284418,-0.528224,-0.253097
-0.432139,1.000000,-0.284878,0.727678,0.324347
-0.284418,-0.284878,1.000000,0.376349,-0.105211
-0.528224,0.727678,0.376349,1.000000,0.275224
-0.253097,0.324347,-0.105211,0.275224,1.000000
