atmos_pressure, temp_mean, rh_mean, vapor_pressure_mean, wspd_arith_mean, tbrg_precip_total_corr
1.000000,0.947001,-0.963121,-0.914919,0.208587,-0.308436
0.947001,1.000000,-0.991151,-0.871498,0.219521,-0.374943
-0.963121,-0.991151,1.000000,0.927873,-0.206424,0.376605
-0.914919,-0.871498,0.927873,1.000000,-0.129812,0.296465
0.208587,0.219521,-0.206424,-0.129812,1.000000,-0.164357
-0.308436,-0.374943,0.376605,0.296465,-0.164357,1.000000
