atmos_pressure, temp_mean, rh_mean, vapor_pressure_mean, wspd_arith_mean
1.000000,-0.745987,0.582343,-0.046971,-0.340570
-0.745987,1.000000,-0.951180,0.096838,0.641181
0.582343,-0.951180,1.000000,0.129409,-0.626910
-0.046971,0.096838,0.129409,1.000000,0.118314
-0.340570,0.641181,-0.626910,0.118314,1.000000
