atmos_pressure, temp_mean, rh_mean, vapor_pressure_mean, wspd_arith_mean, tbrg_precip_total_corr
1.000000,-0.684847,0.304197,-0.724852,-0.507349,-0.180970
-0.684847,1.000000,-0.809682,0.940415,0.771843,0.271459
0.304197,-0.809682,1.000000,-0.609221,-0.630506,-0.229459
-0.724852,0.940415,-0.609221,1.000000,0.792083,0.283623
-0.507349,0.771843,-0.630506,0.792083,1.000000,0.287786
-0.180970,0.271459,-0.229459,0.283623,0.287786,1.000000
