atmos_pressure, temp_mean, rh_mean, vapor_pressure_mean, wspd_arith_mean
1.000000,-0.107256,0.214850,0.784640,-0.461433
-0.107256,1.000000,-0.984281,0.054202,0.556793
0.214850,-0.984281,1.000000,0.063097,-0.581988
0.784640,0.054202,0.063097,1.000000,-0.286415
-0.461433,0.556793,-0.581988,-0.286415,1.000000
