atmos_pressure, temp_mean, rh_mean, vapor_pressure_mean, wspd_arith_mean, tbrg_precip_total_corr
1.000000,-0.308061,-0.102641,-0.354357,-0.105565,-0.185396
-0.308061,1.000000,-0.418574,0.886865,0.164647,0.206253
-0.102641,-0.418574,1.000000,-0.006904,-0.209942,-0.147146
-0.354357,0.886865,-0.006904,1.000000,0.112769,0.131004
-0.105565,0.164647,-0.209942,0.112769,1.000000,0.166816
-0.185396,0.206253,-0.147146,0.131004,0.166816,1.000000
