atmos_pressure, temp_mean, rh_mean, vapor_pressure_mean, wspd_arith_mean
1.000000,-0.687437,0.715897,-0.134237,-0.628231
-0.687437,1.000000,-0.935113,0.557316,0.741921
0.715897,-0.935113,1.000000,-0.244607,-0.555058
-0.134237,0.557316,-0.244607,1.000000,0.636242
-0.628231,0.741921,-0.555058,0.636242,1.000000
