atmos_pressure, temp_mean, rh_mean, vapor_pressure_mean, wspd_arith_mean
1.000000,-0.577120,0.055886,-0.533665,-0.256758
-0.577120,1.000000,-0.432015,0.794505,0.115582
0.055886,-0.432015,1.000000,0.138346,-0.207212
-0.533665,0.794505,0.138346,1.000000,-0.017746
-0.256758,0.115582,-0.207212,-0.017746,1.000000
