atmos_pressure, temp_mean, rh_mean, vapor_pressure_mean, wspd_arith_mean, tbrg_precip_total_corr
1.000000,0.355820,-0.025813,0.334093,-0.122238,0.029902
0.355820,1.000000,-0.025494,0.952164,-0.245855,0.161708
-0.025813,-0.025494,1.000000,0.146901,-0.176972,-0.076603
0.334093,0.952164,0.146901,1.000000,-0.238965,0.147782
-0.122238,-0.245855,-0.176972,-0.238965,1.000000,0.110136
0.029902,0.161708,-0.076603,0.147782,0.110136,1.000000
