atmos_pressure, temp_mean, rh_mean, vapor_pressure_mean, wspd_arith_mean, tbrg_precip_total_corr
1.000000,-0.361198,-0.106477,-0.365740,-0.225321,0.007350
-0.361198,1.000000,-0.456944,0.976882,0.117072,0.138181
-0.106477,-0.456944,1.000000,-0.297704,-0.125766,-0.288282
-0.365740,0.976882,-0.297704,1.000000,0.085106,0.086410
-0.225321,0.117072,-0.125766,0.085106,1.000000,0.148100
0.007350,0.138181,-0.288282,0.086410,0.148100,1.000000
