atmos_pressure, temp_mean, rh_mean, vapor_pressure_mean, wspd_arith_mean
1.000000,-0.784621,0.154294,-0.950242,-0.696328
-0.784621,1.000000,-0.711295,0.738310,0.806053
0.154294,-0.711295,1.000000,-0.067413,-0.593661
-0.950242,0.738310,-0.067413,1.000000,0.518610
-0.696328,0.806053,-0.593661,0.518610,1.000000
