atmos_pressure, temp_mean, rh_mean, vapor_pressure_mean, wspd_arith_mean
1.000000,-0.653124,0.044555,-0.655873,-0.285725
-0.653124,1.000000,-0.466850,0.752811,0.353313
0.044555,-0.466850,1.000000,0.169205,-0.419745
-0.655873,0.752811,0.169205,1.000000,0.135837
-0.285725,0.353313,-0.419745,0.135837,1.000000
