atmos_pressure, temp_mean, rh_mean, vapor_pressure_mean, wspd_arith_mean
1.000000,0.457595,-0.635482,-0.669089,0.295196
0.457595,1.000000,-0.894790,-0.538329,0.418294
-0.635482,-0.894790,1.000000,0.852366,-0.478844
-0.669089,-0.538329,0.852366,1.000000,-0.336097
0.295196,0.418294,-0.478844,-0.336097,1.000000
