atmos_pressure, temp_mean, rh_mean, vapor_pressure_mean, wspd_arith_mean
1.000000,-0.765705,0.624763,-0.735540,-0.519213
-0.765705,1.000000,-0.969419,0.635200,0.766726
0.624763,-0.969419,1.000000,-0.459386,-0.775757
-0.735540,0.635200,-0.459386,1.000000,0.482367
-0.519213,0.766726,-0.775757,0.482367,1.000000
