atmos_pressure, temp_mean, rh_mean, vapor_pressure_mean, wspd_arith_mean
1.000000,-0.552239,-0.106198,-0.642069,-0.306550
-0.552239,1.000000,-0.492229,0.697520,0.275447
-0.106198,-0.492229,1.000000,0.230354,-0.135048
-0.642069,0.697520,0.230354,1.000000,0.232911
-0.306550,0.275447,-0.135048,0.232911,1.000000
