atmos_pressure, temp_mean, rh_mean, vapor_pressure_mean, wspd_arith_mean
1.000000,-0.782519,0.762988,0.754681,-0.522725
-0.782519,1.000000,-0.989379,-0.932357,0.545509
0.762988,-0.989379,1.000000,0.959195,-0.507407
0.754681,-0.932357,0.959195,1.000000,-0.436338
-0.522725,0.545509,-0.507407,-0.436338,1.000000
