atmos_pressure, temp_mean, rh_mean, vapor_pressure_mean, wspd_arith_mean, tbrg_precip_total_corr
1.000000,-0.291586,0.142960,-0.237760,-0.288771,-0.098214
-0.291586,1.000000,-0.520748,0.577747,0.168068,0.160526
0.142960,-0.520748,1.000000,0.363314,-0.338329,-0.144220
-0.237760,0.577747,0.363314,1.000000,-0.063158,0.042819
-0.288771,0.168068,-0.338329,-0.063158,1.000000,0.031893
-0.098214,0.160526,-0.144220,0.042819,0.031893,1.000000
