atmos_pressure, temp_mean, rh_mean, vapor_pressure_mean, wspd_arith_mean, tbrg_precip_total_corr
1.000000,-0.728362,-0.027234,-0.675190,-0.548104,-0.122135
-0.728362,1.000000,-0.072099,0.964227,0.510243,0.276062
-0.027234,-0.072099,1.000000,0.152673,-0.090435,-0.532330
-0.675190,0.964227,0.152673,1.000000,0.487334,0.145393
-0.548104,0.510243,-0.090435,0.487334,1.000000,0.120110
-0.122135,0.276062,-0.532330,0.145393,0.120110,1.000000
