atmos_pressure, temp_mean, rh_mean, vapor_pressure_mean, wspd_arith_mean
1.000000,-0.401972,0.050581,-0.405561,-0.323385
-0.401972,1.000000,-0.594460,0.565289,0.113319
0.050581,-0.594460,1.000000,0.271046,-0.165991
-0.405561,0.565289,0.271046,1.000000,0.016419
-0.323385,0.113319,-0.165991,0.016419,1.000000
