atmos_pressure, temp_mean, rh_mean, vapor_pressure_mean, wspd_arith_mean
1.000000,-0.844854,0.260732,-0.879606,-0.540968
-0.844854,1.000000,-0.619877,0.839010,0.404730
0.260732,-0.619877,1.000000,-0.094486,0.234343
-0.879606,0.839010,-0.094486,1.000000,0.673571
-0.540968,0.404730,0.234343,0.673571,1.000000
