atmos_pressure, temp_mean, rh_mean, vapor_pressure_mean, wspd_arith_mean
1.000000,-0.383507,-0.062354,-0.417595,-0.319650
-0.383507,1.000000,-0.290319,0.831774,0.115004
-0.062354,-0.290319,1.000000,0.225914,-0.228621
-0.417595,0.831774,0.225914,1.000000,-0.008661
-0.319650,0.115004,-0.228621,-0.008661,1.000000
