atmos_pressure, temp_mean, rh_mean, vapor_pressure_mean, wspd_arith_mean
1.000000,-0.399683,-0.019018,-0.374540,-0.229603
-0.399683,1.000000,-0.250265,0.803984,0.097895
-0.019018,-0.250265,1.000000,0.315871,-0.220487
-0.374540,0.803984,0.315871,1.000000,0.003323
-0.229603,0.097895,-0.220487,0.003323,1.000000
