atmos_pressure, temp_mean, rh_mean, vapor_pressure_mean, wspd_arith_mean
1.000000,-0.421131,-0.033964,-0.361549,-0.242558
-0.421131,1.000000,-0.218861,0.805799,0.132926
-0.033964,-0.218861,1.000000,0.334462,-0.243873
-0.361549,0.805799,0.334462,1.000000,0.010276
-0.242558,0.132926,-0.243873,0.010276,1.000000
