atmos_pressure, temp_mean, rh_mean, vapor_pressure_mean, wspd_arith_mean
1.000000,-0.029154,0.023491,-0.090478,-0.175792
-0.029154,1.000000,-0.965703,-0.810248,0.436824
0.023491,-0.965703,1.000000,0.920010,-0.489909
-0.090478,-0.810248,0.920010,1.000000,-0.475436
-0.175792,0.436824,-0.489909,-0.475436,1.000000
