atmos_pressure, temp_mean, rh_mean, vapor_pressure_mean, wspd_arith_mean
1.000000,-0.557710,-0.091279,-0.592162,-0.290469
-0.557710,1.000000,-0.440433,0.683387,0.349629
-0.091279,-0.440433,1.000000,0.278465,-0.131305
-0.592162,0.683387,0.278465,1.000000,0.277349
-0.290469,0.349629,-0.131305,0.277349,1.000000
