atmos_pressure, temp_mean, rh_mean, vapor_pressure_mean, wspd_arith_mean
1.000000,-0.676313,-0.095502,-0.709601,-0.299040
-0.676313,1.000000,-0.364003,0.680636,0.326244
-0.095502,-0.364003,1.000000,0.367901,-0.187053
-0.709601,0.680636,0.367901,1.000000,0.217512
-0.299040,0.326244,-0.187053,0.217512,1.000000
