atmos_pressure, temp_mean, rh_mean, vapor_pressure_mean, wspd_arith_mean
1.000000,-0.424022,-0.111337,-0.392013,-0.172132
-0.424022,1.000000,-0.169166,0.830429,-0.102394
-0.111337,-0.169166,1.000000,0.349358,-0.281250
-0.392013,0.830429,0.349358,1.000000,-0.244055
-0.172132,-0.102394,-0.281250,-0.244055,1.000000
