atmos_pressure, temp_mean, rh_mean, vapor_pressure_mean, wspd_arith_mean
1.000000,-0.780030,0.744758,0.762434,0.049752
-0.780030,1.000000,-0.987747,-0.928863,0.120903
0.744758,-0.987747,1.000000,0.959692,-0.151275
0.762434,-0.928863,0.959692,1.000000,-0.186235
0.049752,0.120903,-0.151275,-0.186235,1.000000
