atmos_pressure, temp_mean, rh_mean, vapor_pressure_mean, wspd_arith_mean
1.000000,-0.569752,-0.192855,-0.631712,-0.260865
-0.569752,1.000000,-0.344124,0.714700,0.300044
-0.192855,-0.344124,1.000000,0.332678,-0.096806
-0.631712,0.714700,0.332678,1.000000,0.244170
-0.260865,0.300044,-0.096806,0.244170,1.000000
