atmos_pressure, temp_mean, rh_mean, vapor_pressure_mean, wspd_arith_mean, tbrg_precip_total_corr
1.000000,-0.402370,0.034803,-0.404123,-0.281587,-0.241174
-0.402370,1.000000,-0.347503,0.944098,0.201343,0.187957
0.034803,-0.347503,1.000000,-0.063629,-0.154127,-0.168429
-0.404123,0.944098,-0.063629,1.000000,0.168396,0.144204
-0.281587,0.201343,-0.154127,0.168396,1.000000,0.422733
-0.241174,0.187957,-0.168429,0.144204,0.422733,1.000000
