atmos_pressure, temp_mean, rh_mean, vapor_pressure_mean, wspd_arith_mean
1.000000,-0.397615,-0.086519,-0.395753,-0.171277
-0.397615,1.000000,-0.254595,0.820326,-0.120167
-0.086519,-0.254595,1.000000,0.285442,-0.237713
-0.395753,0.820326,0.285442,1.000000,-0.241921
-0.171277,-0.120167,-0.237713,-0.241921,1.000000
