atmos_pressure, temp_mean, rh_mean, vapor_pressure_mean, wspd_arith_mean, tbrg_precip_total_corr
1.000000,-0.604760,-0.362380,-0.484711,0.014063,0.184483
-0.604760,1.000000,0.672796,0.907507,0.131366,0.047835
-0.362380,0.672796,1.000000,0.885353,0.006354,0.009064
-0.484711,0.907507,0.885353,1.000000,0.046013,0.022509
0.014063,0.131366,0.006354,0.046013,1.000000,0.005966
0.184483,0.047835,0.009064,0.022509,0.005966,1.000000
