atmos_pressure, temp_mean, rh_mean, vapor_pressure_mean, wspd_arith_mean, tbrg_precip_total_corr
1.000000,-0.549128,-0.025258,-0.553055,-0.196052,-0.136774
-0.549128,1.000000,-0.372128,0.727160,0.012390,0.070480
-0.025258,-0.372128,1.000000,0.323557,-0.234914,0.153975
-0.553055,0.727160,0.323557,1.000000,-0.146893,0.183899
-0.196052,0.012390,-0.234914,-0.146893,1.000000,-0.062187
-0.136774,0.070480,0.153975,0.183899,-0.062187,1.000000
