atmos_pressure, temp_mean, rh_mean, vapor_pressure_mean, wspd_arith_mean, tbrg_precip_total_corr
1.000000,-0.880331,-0.531678,-0.876994,-0.257065,-0.127067
-0.880331,1.000000,0.395370,0.877881,0.055856,0.116099
-0.531678,0.395370,1.000000,0.765840,0.254208,0.033834
-0.876994,0.877881,0.765840,1.000000,0.146357,0.062942
-0.257065,0.055856,0.254208,0.146357,1.000000,0.038838
-0.127067,0.116099,0.033834,0.062942,0.038838,1.000000
