atmos_pressure, temp_mean, rh_mean, vapor_pressure_mean, wspd_arith_mean, tbrg_precip_total_corr
1.000000,-0.230234,-0.335510,-0.316271,-0.182679,-0.152774
-0.230234,1.000000,0.107620,0.971663,-0.155909,0.128404
-0.335510,0.107620,1.000000,0.310794,-0.006540,0.040549
-0.316271,0.971663,0.310794,1.000000,-0.168835,0.139476
-0.182679,-0.155909,-0.006540,-0.168835,1.000000,0.134605
-0.152774,0.128404,0.040549,0.139476,0.134605,1.000000
