atmos_pressure, temp_mean, rh_mean, vapor_pressure_mean, wspd_arith_mean, tbrg_precip_total_corr
1.000000,-0.472572,-0.025689,-0.478785,-0.385724,-0.151876
-0.472572,1.000000,-0.415115,0.773012,0.120818,0.162630
-0.025689,-0.415115,1.000000,0.207033,-0.226113,0.022022
-0.478785,0.773012,0.207033,1.000000,-0.019385,0.216084
-0.385724,0.120818,-0.226113,-0.019385,1.000000,0.039329
-0.151876,0.162630,0.022022,0.216084,0.039329,1.000000
