atmos_pressure, temp_mean, rh_mean, vapor_pressure_mean, wspd_arith_mean
1.000000,-0.592501,-0.113565,-0.572708,-0.179238
-0.592501,1.000000,-0.325627,0.762028,0.246932
-0.113565,-0.325627,1.000000,0.273036,-0.069722
-0.572708,0.762028,0.273036,1.000000,0.235092
-0.179238,0.246932,-0.069722,0.235092,1.000000
