atmos_pressure, temp_mean, rh_mean, vapor_pressure_mean, wspd_arith_mean
1.000000,-0.437783,-0.070926,-0.394426,-0.114194
-0.437783,1.000000,-0.378922,0.750513,-0.053763
-0.070926,-0.378922,1.000000,0.261844,-0.146341
-0.394426,0.750513,0.261844,1.000000,-0.154463
-0.114194,-0.053763,-0.146341,-0.154463,1.000000
