atmos_pressure, temp_mean, rh_mean, vapor_pressure_mean, wspd_arith_mean
1.000000,-0.760599,0.555971,-0.100120,0.044714
-0.760599,1.000000,-0.734320,0.105546,-0.291688
0.555971,-0.734320,1.000000,0.595584,0.270367
-0.100120,0.105546,0.595584,1.000000,0.049624
0.044714,-0.291688,0.270367,0.049624,1.000000
