atmos_pressure, temp_mean, rh_mean, vapor_pressure_mean, wspd_arith_mean
1.000000,-0.526250,0.016165,-0.430498,-0.291157
-0.526250,1.000000,-0.207968,0.814353,0.027058
0.016165,-0.207968,1.000000,0.328114,-0.313069
-0.430498,0.814353,0.328114,1.000000,-0.143948
-0.291157,0.027058,-0.313069,-0.143948,1.000000
