atmos_pressure, temp_mean, rh_mean, vapor_pressure_mean, wspd_arith_mean
1.000000,-0.427061,-0.264955,-0.550240,-0.290358
-0.427061,1.000000,-0.368263,0.650440,0.209948
-0.264955,-0.368263,1.000000,0.409308,-0.055699
-0.550240,0.650440,0.409308,1.000000,0.157438
-0.290358,0.209948,-0.055699,0.157438,1.000000
