atmos_pressure, temp_mean, rh_mean, vapor_pressure_mean, wspd_arith_mean, tbrg_precip_total_corr
1.000000,-0.818431,0.167065,-0.766965,-0.208296,-0.232974
-0.818431,1.000000,-0.376334,0.790139,0.151651,0.181739
0.167065,-0.376334,1.000000,0.213909,-0.198608,-0.074669
-0.766965,0.790139,0.213909,1.000000,0.023385,0.174980
-0.208296,0.151651,-0.198608,0.023385,1.000000,0.091135
-0.232974,0.181739,-0.074669,0.174980,0.091135,1.000000
