atmos_pressure, temp_mean, rh_mean, vapor_pressure_mean, wspd_arith_mean, tbrg_precip_total_corr
1.000000,-0.355195,0.093502,-0.267416,-0.352852,-0.002307
-0.355195,1.000000,-0.290600,0.861598,0.092603,0.037388
0.093502,-0.290600,1.000000,0.161586,-0.318718,-0.148414
-0.267416,0.861598,0.161586,1.000000,-0.090920,-0.072776
-0.352852,0.092603,-0.318718,-0.090920,1.000000,0.021333
-0.002307,0.037388,-0.148414,-0.072776,0.021333,1.000000
