atmos_pressure, temp_mean, rh_mean, vapor_pressure_mean, wspd_arith_mean, tbrg_precip_total_corr
1.000000,-0.719312,-0.034619,-0.676600,-0.259987,-0.109084
-0.719312,1.000000,0.070710,0.957910,0.244864,0.001150
-0.034619,0.070710,1.000000,0.330774,-0.288927,-0.190425
-0.676600,0.957910,0.330774,1.000000,0.165721,-0.059319
-0.259987,0.244864,-0.288927,0.165721,1.000000,0.062006
-0.109084,0.001150,-0.190425,-0.059319,0.062006,1.000000
