atmos_pressure, temp_mean, rh_mean, vapor_pressure_mean, wspd_arith_mean
1.000000,0.259637,-0.374938,-0.368726,0.065997
0.259637,1.000000,-0.868367,-0.521883,0.349815
-0.374938,-0.868367,1.000000,0.874765,-0.464288
-0.368726,-0.521883,0.874765,1.000000,-0.445603
0.065997,0.349815,-0.464288,-0.445603,1.000000
