atmos_pressure, temp_mean, rh_mean, vapor_pressure_mean, wspd_arith_mean
1.000000,-0.415256,0.157693,-0.340720,0.602772
-0.415256,1.000000,-0.901669,-0.490211,-0.532481
0.157693,-0.901669,1.000000,0.805367,0.452843
-0.340720,-0.490211,0.805367,1.000000,0.111723
0.602772,-0.532481,0.452843,0.111723,1.000000
