atmos_pressure, temp_mean, rh_mean, vapor_pressure_mean, wspd_arith_mean
1.000000,-0.558129,0.010980,-0.509211,-0.279681
-0.558129,1.000000,-0.461719,0.619830,0.291290
0.010980,-0.461719,1.000000,0.355792,-0.105572
-0.509211,0.619830,0.355792,1.000000,0.200210
-0.279681,0.291290,-0.105572,0.200210,1.000000
