atmos_pressure, temp_mean, rh_mean, vapor_pressure_mean, wspd_arith_mean
1.000000,-0.589527,-0.018934,-0.557035,-0.160295
-0.589527,1.000000,-0.340386,0.788943,0.012530
-0.018934,-0.340386,1.000000,0.230885,-0.131431
-0.557035,0.788943,0.230885,1.000000,-0.052723
-0.160295,0.012530,-0.131431,-0.052723,1.000000
