atmos_pressure, temp_mean, rh_mean, vapor_pressure_mean, wspd_arith_mean
1.000000,-0.779685,0.157370,-0.853970,-0.651056
-0.779685,1.000000,-0.693863,0.531222,0.809818
0.157370,-0.693863,1.000000,0.219636,-0.499908
-0.853970,0.531222,0.219636,1.000000,0.501608
-0.651056,0.809818,-0.499908,0.501608,1.000000
