atmos_pressure, temp_mean, rh_mean, vapor_pressure_mean, wspd_arith_mean, tbrg_precip_total_corr
1.000000,-0.398705,-0.023382,-0.398655,-0.435121,0.039727
-0.398705,1.000000,-0.094848,0.834800,0.135109,-0.032099
-0.023382,-0.094848,1.000000,0.414354,-0.305918,-0.062544
-0.398655,0.834800,0.414354,1.000000,-0.070162,-0.077772
-0.435121,0.135109,-0.305918,-0.070162,1.000000,0.012254
0.039727,-0.032099,-0.062544,-0.077772,0.012254,1.000000
