atmos_pressure, temp_mean, rh_mean, vapor_pressure_mean, wspd_arith_mean, tbrg_precip_total_corr
1.000000,-0.640515,-0.258122,-0.696439,-0.141796,-0.156372
-0.640515,1.000000,-0.228500,0.840144,0.518199,0.060919
-0.258122,-0.228500,1.000000,0.309491,-0.338125,0.042713
-0.696439,0.840144,0.309491,1.000000,0.339407,0.039150
-0.141796,0.518199,-0.338125,0.339407,1.000000,-0.024301
-0.156372,0.060919,0.042713,0.039150,-0.024301,1.000000
