atmos_pressure, temp_mean, rh_mean, vapor_pressure_mean, wspd_arith_mean
1.000000,-0.657088,-0.025676,-0.672458,-0.274821
-0.657088,1.000000,-0.401478,0.718714,0.251403
-0.025676,-0.401478,1.000000,0.285625,-0.291893
-0.672458,0.718714,0.285625,1.000000,0.086609
-0.274821,0.251403,-0.291893,0.086609,1.000000
