atmos_pressure, temp_mean, rh_mean, vapor_pressure_mean, wspd_arith_mean, tbrg_precip_total_corr
1.000000,-0.502255,0.006691,-0.744508,-0.465225,-0.235425
-0.502255,1.000000,-0.640218,0.496257,0.438624,0.073318
0.006691,-0.640218,1.000000,0.297173,-0.401402,-0.038590
-0.744508,0.496257,0.297173,1.000000,0.188736,0.147747
-0.465225,0.438624,-0.401402,0.188736,1.000000,0.253388
-0.235425,0.073318,-0.038590,0.147747,0.253388,1.000000
