atmos_pressure, temp_mean, rh_mean, vapor_pressure_mean, wspd_arith_mean
1.000000,-0.661946,0.011994,-0.885339,-0.574574
-0.661946,1.000000,-0.691392,0.555960,0.214111
0.011994,-0.691392,1.000000,0.207058,0.282021
-0.885339,0.555960,0.207058,1.000000,0.594410
-0.574574,0.214111,0.282021,0.594410,1.000000
