atmos_pressure, temp_mean, rh_mean, vapor_pressure_mean, wspd_arith_mean, tbrg_precip_total_corr
1.000000,-0.522547,0.540002,0.152704,-0.300654,nan
-0.522547,1.000000,-0.592612,0.213044,-0.032952,nan
0.540002,-0.592612,1.000000,0.659941,-0.094745,nan
0.152704,0.213044,0.659941,1.000000,-0.136589,nan
-0.300654,-0.032952,-0.094745,-0.136589,1.000000,nan
nan,nan,nan,nan,nan,nan
