atmos_pressure, temp_mean, rh_mean, vapor_pressure_mean, wspd_arith_mean, tbrg_precip_total_corr
1.000000,-0.045855,0.056407,0.119779,-0.227241,0.170996
-0.045855,1.000000,-0.992880,-0.888009,0.297068,0.108555
0.056407,-0.992880,1.000000,0.932426,-0.349240,-0.073001
0.119779,-0.888009,0.932426,1.000000,-0.500263,0.065775
-0.227241,0.297068,-0.349240,-0.500263,1.000000,-0.022477
0.170996,0.108555,-0.073001,0.065775,-0.022477,1.000000
