atmos_pressure, temp_mean, rh_mean, vapor_pressure_mean, wspd_arith_mean, tbrg_precip_total_corr
1.000000,-0.840300,-0.319052,-0.831968,0.146176,-0.079702
-0.840300,1.000000,0.228141,0.963787,-0.020608,0.174686
-0.319052,0.228141,1.000000,0.463236,-0.224520,0.070784
-0.831968,0.963787,0.463236,1.000000,-0.052643,0.175002
0.146176,-0.020608,-0.224520,-0.052643,1.000000,0.364210
-0.079702,0.174686,0.070784,0.175002,0.364210,1.000000
