atmos_pressure, temp_mean, rh_mean, vapor_pressure_mean, wspd_arith_mean, tbrg_precip_total_corr
1.000000,-0.263027,-0.073597,-0.288287,-0.032417,-0.133290
-0.263027,1.000000,-0.410286,0.920523,0.176133,0.139772
-0.073597,-0.410286,1.000000,-0.071976,-0.116788,0.004063
-0.288287,0.920523,-0.071976,1.000000,0.181925,0.146596
-0.032417,0.176133,-0.116788,0.181925,1.000000,0.287961
-0.133290,0.139772,0.004063,0.146596,0.287961,1.000000
