atmos_pressure, temp_mean, rh_mean, vapor_pressure_mean, wspd_arith_mean, tbrg_precip_total_corr
1.000000,0.205666,-0.159660,0.184846,-0.195578,-0.063447
0.205666,1.000000,-0.169426,0.942647,-0.091269,0.207234
-0.159660,-0.169426,1.000000,0.082415,-0.108629,-0.118795
0.184846,0.942647,0.082415,1.000000,-0.072915,0.198999
-0.195578,-0.091269,-0.108629,-0.072915,1.000000,0.279452
-0.063447,0.207234,-0.118795,0.198999,0.279452,1.000000
