atmos_pressure, temp_mean, rh_mean, vapor_pressure_mean, wspd_arith_mean
1.000000,-0.533524,-0.027590,-0.484354,-0.420036
-0.533524,1.000000,-0.312409,0.748710,0.316091
-0.027590,-0.312409,1.000000,0.323335,-0.269740
-0.484354,0.748710,0.323335,1.000000,0.141852
-0.420036,0.316091,-0.269740,0.141852,1.000000
