atmos_pressure, temp_mean, rh_mean, vapor_pressure_mean, wspd_arith_mean
1.000000,-0.356454,-0.092056,-0.382219,-0.214791
-0.356454,1.000000,-0.280583,0.814951,-0.097309
-0.092056,-0.280583,1.000000,0.249846,-0.212267
-0.382219,0.814951,0.249846,1.000000,-0.204334
-0.214791,-0.097309,-0.212267,-0.204334,1.000000
