atmos_pressure, temp_mean, rh_mean, vapor_pressure_mean, wspd_arith_mean
1.000000,0.043244,-0.254856,-0.437554,0.359396
0.043244,1.000000,-0.930698,-0.685638,-0.091689
-0.254856,-0.930698,1.000000,0.899084,-0.152623
-0.437554,-0.685638,0.899084,1.000000,-0.399874
0.359396,-0.091689,-0.152623,-0.399874,1.000000
