atmos_pressure, temp_mean, rh_mean, vapor_pressure_mean, wspd_arith_mean
1.000000,0.175534,-0.071491,0.606959,0.632677
0.175534,1.000000,-0.980679,0.029534,0.351422
-0.071491,-0.980679,1.000000,0.137078,-0.324560
0.606959,0.029534,0.137078,1.000000,0.200206
0.632677,0.351422,-0.324560,0.200206,1.000000
