atmos_pressure, temp_mean, rh_mean, vapor_pressure_mean, wspd_arith_mean
1.000000,0.531021,-0.518367,-0.389294,-0.019636
0.531021,1.000000,-0.993357,-0.834484,0.287903
-0.518367,-0.993357,1.000000,0.820448,-0.260347
-0.389294,-0.834484,0.820448,1.000000,-0.366189
-0.019636,0.287903,-0.260347,-0.366189,1.000000
