atmos_pressure, temp_mean, rh_mean, vapor_pressure_mean, wspd_arith_mean, tbrg_precip_total_corr
1.000000,-0.497270,0.335615,-0.305881,-0.485575,-0.071093
-0.497270,1.000000,-0.576512,0.779483,0.706333,0.090124
0.335615,-0.576512,1.000000,0.021149,-0.368567,-0.032690
-0.305881,0.779483,0.021149,1.000000,0.592350,0.104720
-0.485575,0.706333,-0.368567,0.592350,1.000000,0.105495
-0.071093,0.090124,-0.032690,0.104720,0.105495,1.000000
