atmos_pressure, temp_mean, rh_mean, vapor_pressure_mean, wspd_arith_mean
1.000000,-0.486599,-0.223307,-0.483369,-0.148746
-0.486599,1.000000,-0.173308,0.701068,0.191142
-0.223307,-0.173308,1.000000,0.512203,-0.148347
-0.483369,0.701068,0.512203,1.000000,0.079160
-0.148746,0.191142,-0.148347,0.079160,1.000000
