atmos_pressure, temp_mean, rh_mean, vapor_pressure_mean, wspd_arith_mean
1.000000,-0.492317,0.574612,-0.049570,-0.467729
-0.492317,1.000000,-0.980743,0.700042,0.142635
0.574612,-0.980743,1.000000,-0.549169,-0.146488
-0.049570,0.700042,-0.549169,1.000000,0.107133
-0.467729,0.142635,-0.146488,0.107133,1.000000
