atmos_pressure, temp_mean, rh_mean, vapor_pressure_mean, wspd_arith_mean
1.000000,-0.581755,-0.104043,-0.600387,-0.181797
-0.581755,1.000000,-0.346668,0.693294,0.262728
-0.104043,-0.346668,1.000000,0.363564,-0.202771
-0.600387,0.693294,0.363564,1.000000,0.156003
-0.181797,0.262728,-0.202771,0.156003,1.000000
