atmos_pressure, temp_mean, rh_mean, vapor_pressure_mean, wspd_arith_mean
1.000000,-0.660061,-0.110766,-0.663359,-0.175480
-0.660061,1.000000,-0.335250,0.638805,0.165668
-0.110766,-0.335250,1.000000,0.420400,-0.090279
-0.663359,0.638805,0.420400,1.000000,0.160592
-0.175480,0.165668,-0.090279,0.160592,1.000000
