atmos_pressure, temp_mean, rh_mean, vapor_pressure_mean, wspd_arith_mean
1.000000,0.052997,0.852395,0.853022,-0.422732
0.052997,1.000000,-0.214341,0.323824,-0.248795
0.852395,-0.214341,1.000000,0.854265,-0.393614
0.853022,0.323824,0.854265,1.000000,-0.513231
-0.422732,-0.248795,-0.393614,-0.513231,1.000000
