atmos_pressure, temp_mean, rh_mean, vapor_pressure_mean, wspd_arith_mean
1.000000,-0.411858,0.189959,-0.230093,-0.347285
-0.411858,1.000000,-0.377143,0.751401,0.130545
0.189959,-0.377143,1.000000,0.265209,-0.310356
-0.230093,0.751401,0.265209,1.000000,-0.076695
-0.347285,0.130545,-0.310356,-0.076695,1.000000
