atmos_pressure, temp_mean, rh_mean, vapor_pressure_mean, wspd_arith_mean
1.000000,-0.502529,-0.027611,-0.418834,-0.296001
-0.502529,1.000000,-0.342023,0.735225,0.123614
-0.027611,-0.342023,1.000000,0.306621,-0.253759
-0.418834,0.735225,0.306621,1.000000,-0.072423
-0.296001,0.123614,-0.253759,-0.072423,1.000000
