atmos_pressure, temp_mean, rh_mean, vapor_pressure_mean, wspd_arith_mean
1.000000,-0.755338,0.764748,0.544676,-0.697660
-0.755338,1.000000,-0.974560,-0.410374,0.770661
0.764748,-0.974560,1.000000,0.584224,-0.823232
0.544676,-0.410374,0.584224,1.000000,-0.722444
-0.697660,0.770661,-0.823232,-0.722444,1.000000
