atmos_pressure, temp_mean, rh_mean, vapor_pressure_mean, wspd_arith_mean
1.000000,-0.552898,0.098013,-0.377241,-0.204076
-0.552898,1.000000,-0.290424,0.688579,0.389250
0.098013,-0.290424,1.000000,0.442248,-0.190411
-0.377241,0.688579,0.442248,1.000000,0.274533
-0.204076,0.389250,-0.190411,0.274533,1.000000
