atmos_pressure, temp_mean, rh_mean, vapor_pressure_mean, wspd_arith_mean
1.000000,-0.399421,-0.299606,-0.501867,-0.287248
-0.399421,1.000000,-0.283847,0.755251,0.345391
-0.299606,-0.283847,1.000000,0.336992,-0.131124
-0.501867,0.755251,0.336992,1.000000,0.302257
-0.287248,0.345391,-0.131124,0.302257,1.000000
