atmos_pressure, temp_mean, rh_mean, vapor_pressure_mean, wspd_arith_mean
1.000000,0.522719,-0.852875,-0.948819,-0.237855
0.522719,1.000000,-0.856950,-0.543694,0.017166
-0.852875,-0.856950,1.000000,0.887723,0.101946
-0.948819,-0.543694,0.887723,1.000000,0.280441
-0.237855,0.017166,0.101946,0.280441,1.000000
