atmos_pressure, temp_mean, rh_mean, vapor_pressure_mean, wspd_arith_mean
1.000000,0.154774,-0.070663,-0.075390,-0.515972
0.154774,1.000000,-0.971675,-0.840893,0.381597
-0.070663,-0.971675,1.000000,0.923837,-0.393665
-0.075390,-0.840893,0.923837,1.000000,-0.212365
-0.515972,0.381597,-0.393665,-0.212365,1.000000
