atmos_pressure, temp_mean, rh_mean, vapor_pressure_mean, wspd_arith_mean
1.000000,-0.523238,-0.007286,-0.449531,-0.404262
-0.523238,1.000000,-0.278633,0.784794,0.389541
-0.007286,-0.278633,1.000000,0.325697,-0.195748
-0.449531,0.784794,0.325697,1.000000,0.278329
-0.404262,0.389541,-0.195748,0.278329,1.000000
