atmos_pressure, temp_mean, rh_mean, vapor_pressure_mean, wspd_arith_mean
1.000000,-0.854896,0.710348,-0.848625,-0.405047
-0.854896,1.000000,-0.925857,0.905031,0.415871
0.710348,-0.925857,1.000000,-0.678635,-0.189512
-0.848625,0.905031,-0.678635,1.000000,0.598231
-0.405047,0.415871,-0.189512,0.598231,1.000000
