atmos_pressure, temp_mean, rh_mean, vapor_pressure_mean, wspd_arith_mean
1.000000,-0.669709,0.215924,-0.505048,-0.338257
-0.669709,1.000000,-0.529809,0.668867,0.416686
0.215924,-0.529809,1.000000,0.214160,-0.304454
-0.505048,0.668867,0.214160,1.000000,0.254778
-0.338257,0.416686,-0.304454,0.254778,1.000000
