atmos_pressure, temp_mean, rh_mean, vapor_pressure_mean, wspd_arith_mean
1.000000,-0.825031,0.520556,-0.851754,-0.744029
-0.825031,1.000000,-0.851363,0.767090,0.720753
0.520556,-0.851363,1.000000,-0.324651,-0.521182
-0.851754,0.767090,-0.324651,1.000000,0.700116
-0.744029,0.720753,-0.521182,0.700116,1.000000
