atmos_pressure, temp_mean, rh_mean, vapor_pressure_mean, wspd_arith_mean
1.000000,-0.623001,0.549020,-0.581612,-0.286656
-0.623001,1.000000,-0.860594,0.928771,0.741980
0.549020,-0.860594,1.000000,-0.611802,-0.389803
-0.581612,0.928771,-0.611802,1.000000,0.862997
-0.286656,0.741980,-0.389803,0.862997,1.000000
