atmos_pressure, temp_mean, rh_mean, vapor_pressure_mean, wspd_arith_mean
1.000000,-0.366926,0.152095,-0.486643,0.668625
-0.366926,1.000000,-0.963254,-0.335885,-0.520440
0.152095,-0.963254,1.000000,0.541823,0.375354
-0.486643,-0.335885,0.541823,1.000000,-0.428427
0.668625,-0.520440,0.375354,-0.428427,1.000000
