atmos_pressure, temp_mean, rh_mean, vapor_pressure_mean, wspd_arith_mean
1.000000,0.013532,-0.065905,-0.057589,-0.048540
0.013532,1.000000,-0.980413,0.941472,0.799669
-0.065905,-0.980413,1.000000,-0.861998,-0.804162
-0.057589,0.941472,-0.861998,1.000000,0.715350
-0.048540,0.799669,-0.804162,0.715350,1.000000
