atmos_pressure, temp_mean, rh_mean, vapor_pressure_mean, wspd_arith_mean
1.000000,-0.391510,-0.014514,-0.386126,-0.273138
-0.391510,1.000000,-0.386249,0.820958,0.248404
-0.014514,-0.386249,1.000000,0.157986,-0.307606
-0.386126,0.820958,0.157986,1.000000,0.095910
-0.273138,0.248404,-0.307606,0.095910,1.000000
