atmos_pressure, temp_mean, rh_mean, vapor_pressure_mean, wspd_arith_mean
1.000000,-0.361355,-0.000837,-0.328546,-0.271434
-0.361355,1.000000,-0.355737,0.753134,0.090330
-0.000837,-0.355737,1.000000,0.285744,-0.257113
-0.328546,0.753134,0.285744,1.000000,-0.057744
-0.271434,0.090330,-0.257113,-0.057744,1.000000
