atmos_pressure, temp_mean, rh_mean, vapor_pressure_mean, wspd_arith_mean
1.000000,-0.522822,-0.069882,-0.498931,-0.200475
-0.522822,1.000000,-0.379035,0.703528,0.401245
-0.069882,-0.379035,1.000000,0.324803,-0.179653
-0.498931,0.703528,0.324803,1.000000,0.326365
-0.200475,0.401245,-0.179653,0.326365,1.000000
