atmos_pressure, temp_mean, rh_mean, vapor_pressure_mean, wspd_arith_mean
1.000000,-0.695942,0.730081,0.049644,-0.340904
-0.695942,1.000000,-0.841002,0.398259,0.513553
0.730081,-0.841002,1.000000,0.144520,-0.364049
0.049644,0.398259,0.144520,1.000000,0.308685
-0.340904,0.513553,-0.364049,0.308685,1.000000
