atmos_pressure, temp_mean, rh_mean, vapor_pressure_mean, wspd_arith_mean
1.000000,-0.826497,0.663825,-0.904791,-0.029506
-0.826497,1.000000,-0.957184,0.934359,0.281963
0.663825,-0.957184,1.000000,-0.801432,-0.334856
-0.904791,0.934359,-0.801432,1.000000,0.212268
-0.029506,0.281963,-0.334856,0.212268,1.000000
