atmos_pressure, temp_mean, rh_mean, vapor_pressure_mean, wspd_arith_mean
1.000000,-0.785206,-0.216610,-0.645792,-0.763373
-0.785206,1.000000,0.256628,0.786125,0.815895
-0.216610,0.256628,1.000000,0.789184,0.192580
-0.645792,0.786125,0.789184,1.000000,0.666306
-0.763373,0.815895,0.192580,0.666306,1.000000
