atmos_pressure, temp_mean, rh_mean, vapor_pressure_mean, wspd_arith_mean, tbrg_precip_total_corr
1.000000,-0.643308,0.236967,-0.464091,-0.277585,-0.172556
-0.643308,1.000000,-0.531951,0.764473,0.569930,0.369185
0.236967,-0.531951,1.000000,0.104979,-0.747710,-0.195637
-0.464091,0.764473,0.104979,1.000000,0.125466,0.330561
-0.277585,0.569930,-0.747710,0.125466,1.000000,0.171780
-0.172556,0.369185,-0.195637,0.330561,0.171780,1.000000
