atmos_pressure, temp_mean, rh_mean, vapor_pressure_mean, wspd_arith_mean
1.000000,-0.807529,0.598304,-0.889073,-0.653715
-0.807529,1.000000,-0.935720,0.889717,0.489087
0.598304,-0.935720,1.000000,-0.683111,-0.347490
-0.889073,0.889717,-0.683111,1.000000,0.601425
-0.653715,0.489087,-0.347490,0.601425,1.000000
