atmos_pressure, temp_mean, rh_mean, vapor_pressure_mean, wspd_arith_mean
1.000000,-0.838048,0.419012,-0.897664,-0.844362
-0.838048,1.000000,-0.777076,0.815050,0.767787
0.419012,-0.777076,1.000000,-0.276377,-0.256569
-0.897664,0.815050,-0.276377,1.000000,0.943247
-0.844362,0.767787,-0.256569,0.943247,1.000000
