atmos_pressure, temp_mean, rh_mean, vapor_pressure_mean, wspd_arith_mean
1.000000,-0.556049,0.097182,-0.525267,-0.330914
-0.556049,1.000000,-0.498988,0.733381,0.247680
0.097182,-0.498988,1.000000,0.160281,-0.239334
-0.525267,0.733381,0.160281,1.000000,0.147403
-0.330914,0.247680,-0.239334,0.147403,1.000000
