atmos_pressure, temp_mean, rh_mean, vapor_pressure_mean, wspd_arith_mean, tbrg_precip_total_corr
1.000000,-0.676492,-0.486029,-0.796481,-0.649615,-0.258245
-0.676492,1.000000,0.000750,0.893005,0.518273,0.330920
-0.486029,0.000750,1.000000,0.434407,0.280405,0.146241
-0.796481,0.893005,0.434407,1.000000,0.560964,0.379581
-0.649615,0.518273,0.280405,0.560964,1.000000,0.376513
-0.258245,0.330920,0.146241,0.379581,0.376513,1.000000
