atmos_pressure, temp_mean, rh_mean, vapor_pressure_mean, wspd_arith_mean
1.000000,-0.554255,0.096402,-0.488604,-0.238356
-0.554255,1.000000,-0.486642,0.680823,0.399666
0.096402,-0.486642,1.000000,0.262520,-0.297075
-0.488604,0.680823,0.262520,1.000000,0.218118
-0.238356,0.399666,-0.297075,0.218118,1.000000
