atmos_pressure, temp_mean, rh_mean, vapor_pressure_mean, wspd_arith_mean
1.000000,-0.548279,-0.086848,-0.633010,-0.295066
-0.548279,1.000000,-0.470486,0.789008,0.332818
-0.086848,-0.470486,1.000000,0.128652,-0.229793
-0.633010,0.789008,0.128652,1.000000,0.253197
-0.295066,0.332818,-0.229793,0.253197,1.000000
