atmos_pressure, temp_mean, rh_mean, vapor_pressure_mean, wspd_arith_mean
1.000000,-0.403769,0.077636,-0.333415,-0.244133
-0.403769,1.000000,-0.551123,0.739218,0.159197
0.077636,-0.551123,1.000000,0.098340,-0.243542
-0.333415,0.739218,0.098340,1.000000,0.027059
-0.244133,0.159197,-0.243542,0.027059,1.000000
