atmos_pressure, temp_mean, rh_mean, vapor_pressure_mean, wspd_arith_mean
1.000000,-0.507011,-0.081998,-0.516437,-0.183560
-0.507011,1.000000,-0.426268,0.651744,0.218854
-0.081998,-0.426268,1.000000,0.338765,-0.230528
-0.516437,0.651744,0.338765,1.000000,0.060223
-0.183560,0.218854,-0.230528,0.060223,1.000000
