atmos_pressure, temp_mean, rh_mean, vapor_pressure_mean, wspd_arith_mean
1.000000,-0.515855,-0.252927,-0.568905,-0.325979
-0.515855,1.000000,-0.225184,0.366057,0.674154
-0.252927,-0.225184,1.000000,0.820891,0.231575
-0.568905,0.366057,0.820891,1.000000,0.614290
-0.325979,0.674154,0.231575,0.614290,1.000000
