atmos_pressure, temp_mean, rh_mean, vapor_pressure_mean, wspd_arith_mean
1.000000,-0.273702,-0.033311,-0.247409,-0.181623
-0.273702,1.000000,-0.345853,0.842569,0.096626
-0.033311,-0.345853,1.000000,0.155980,-0.400016
-0.247409,0.842569,0.155980,1.000000,-0.102617
-0.181623,0.096626,-0.400016,-0.102617,1.000000
