atmos_pressure, temp_mean, rh_mean, vapor_pressure_mean, wspd_arith_mean
1.000000,-0.728464,0.678205,0.639495,-0.794458
-0.728464,1.000000,-0.992506,-0.646028,0.891456
0.678205,-0.992506,1.000000,0.676618,-0.866784
0.639495,-0.646028,0.676618,1.000000,-0.697472
-0.794458,0.891456,-0.866784,-0.697472,1.000000
