atmos_pressure, temp_mean, rh_mean, vapor_pressure_mean, wspd_arith_mean
1.000000,0.169310,-0.196720,0.116474,-0.084654
0.169310,1.000000,-0.859765,0.945691,0.269744
-0.196720,-0.859765,1.000000,-0.647785,-0.201950
0.116474,0.945691,-0.647785,1.000000,0.270288
-0.084654,0.269744,-0.201950,0.270288,1.000000
