atmos_pressure, temp_mean, rh_mean, vapor_pressure_mean, wspd_arith_mean
1.000000,-0.188010,0.372621,0.072264,-0.267201
-0.188010,1.000000,-0.871099,0.832913,0.525927
0.372621,-0.871099,1.000000,-0.454946,-0.631258
0.072264,0.832913,-0.454946,1.000000,0.247016
-0.267201,0.525927,-0.631258,0.247016,1.000000
