atmos_pressure, temp_mean, rh_mean, vapor_pressure_mean, wspd_arith_mean
1.000000,0.067177,0.822722,0.612254,0.277145
0.067177,1.000000,-0.375518,0.788530,0.050865
0.822722,-0.375518,1.000000,0.271617,0.110309
0.612254,0.788530,0.271617,1.000000,0.116817
0.277145,0.050865,0.110309,0.116817,1.000000
