atmos_pressure, temp_mean, rh_mean, vapor_pressure_mean, wspd_arith_mean
1.000000,-0.431902,-0.060744,-0.458599,-0.170706
-0.431902,1.000000,-0.371679,0.763052,0.209783
-0.060744,-0.371679,1.000000,0.259862,-0.371363
-0.458599,0.763052,0.259862,1.000000,-0.021766
-0.170706,0.209783,-0.371363,-0.021766,1.000000
