atmos_pressure, temp_mean, rh_mean, vapor_pressure_mean, wspd_arith_mean
1.000000,-0.502942,-0.134085,-0.617378,-0.254939
-0.502942,1.000000,-0.506411,0.618922,0.315946
-0.134085,-0.506411,1.000000,0.313837,-0.272467
-0.617378,0.618922,0.313837,1.000000,0.138454
-0.254939,0.315946,-0.272467,0.138454,1.000000
