atmos_pressure, temp_mean, rh_mean, vapor_pressure_mean, wspd_arith_mean
1.000000,-0.258999,-0.744633,-0.915296,-0.020679
-0.258999,1.000000,-0.271614,0.308064,-0.012084
-0.744633,-0.271614,1.000000,0.820209,-0.223504
-0.915296,0.308064,0.820209,1.000000,-0.159938
-0.020679,-0.012084,-0.223504,-0.159938,1.000000
