atmos_pressure, temp_mean, rh_mean, vapor_pressure_mean, wspd_arith_mean
1.000000,-0.820075,-0.536731,-0.897821,0.592171
-0.820075,1.000000,0.056045,0.676041,-0.544959
-0.536731,0.056045,1.000000,0.766983,-0.448014
-0.897821,0.676041,0.766983,1.000000,-0.691725
0.592171,-0.544959,-0.448014,-0.691725,1.000000
