atmos_pressure, temp_mean, rh_mean, vapor_pressure_mean, wspd_arith_mean
1.000000,0.358916,-0.444893,-0.374643,-0.354195
0.358916,1.000000,-0.955038,-0.694719,-0.283769
-0.444893,-0.955038,1.000000,0.864640,0.308454
-0.374643,-0.694719,0.864640,1.000000,0.139686
-0.354195,-0.283769,0.308454,0.139686,1.000000
