atmos_pressure, temp_mean, rh_mean, vapor_pressure_mean, wspd_arith_mean
1.000000,-0.783992,-0.202408,-0.639432,-0.686042
-0.783992,1.000000,0.241582,0.779168,0.792949
-0.202408,0.241582,1.000000,0.784082,0.553839
-0.639432,0.779168,0.784082,1.000000,0.884772
-0.686042,0.792949,0.553839,0.884772,1.000000
