atmos_pressure, temp_mean, rh_mean, vapor_pressure_mean, wspd_arith_mean
1.000000,-0.440459,0.042203,-0.379868,0.615290
-0.440459,1.000000,-0.845243,-0.458457,-0.233875
0.042203,-0.845243,1.000000,0.855786,-0.052138
-0.379868,-0.458457,0.855786,1.000000,-0.323876
0.615290,-0.233875,-0.052138,-0.323876,1.000000
