atmos_pressure, temp_mean, rh_mean, vapor_pressure_mean, wspd_arith_mean, tbrg_precip_total_corr
1.000000,-0.649665,-0.329127,-0.710833,-0.182900,-0.146611
-0.649665,1.000000,-0.203343,0.623101,0.514852,0.223079
-0.329127,-0.203343,1.000000,0.619845,-0.397945,-0.066166
-0.710833,0.623101,0.619845,1.000000,0.100481,0.133878
-0.182900,0.514852,-0.397945,0.100481,1.000000,0.206870
-0.146611,0.223079,-0.066166,0.133878,0.206870,1.000000
