atmos_pressure, temp_mean, rh_mean, vapor_pressure_mean, wspd_arith_mean
1.000000,-0.328603,-0.021129,-0.348946,-0.253048
-0.328603,1.000000,-0.423212,0.753446,0.122731
-0.021129,-0.423212,1.000000,0.224270,-0.239000
-0.348946,0.753446,0.224270,1.000000,-0.031809
-0.253048,0.122731,-0.239000,-0.031809,1.000000
