atmos_pressure, temp_mean, rh_mean, vapor_pressure_mean, wspd_arith_mean
1.000000,-0.646639,0.112972,-0.560502,-0.336542
-0.646639,1.000000,-0.506049,0.657001,0.286974
0.112972,-0.506049,1.000000,0.260104,-0.159900
-0.560502,0.657001,0.260104,1.000000,0.225624
-0.336542,0.286974,-0.159900,0.225624,1.000000
