atmos_pressure, temp_mean, rh_mean, vapor_pressure_mean, wspd_arith_mean
1.000000,-0.398909,-0.071048,-0.421923,-0.180743
-0.398909,1.000000,-0.294795,0.802598,0.000074
-0.071048,-0.294795,1.000000,0.273257,-0.276488
-0.421923,0.802598,0.273257,1.000000,-0.139897
-0.180743,0.000074,-0.276488,-0.139897,1.000000
