atmos_pressure, temp_mean, rh_mean, vapor_pressure_mean, wspd_arith_mean, tbrg_precip_total_corr
1.000000,-0.538507,0.194369,-0.441118,-0.541370,-0.100065
-0.538507,1.000000,-0.109459,0.909727,0.257110,-0.030797
0.194369,-0.109459,1.000000,0.271828,-0.226657,-0.015110
-0.441118,0.909727,0.271828,1.000000,0.159941,-0.043295
-0.541370,0.257110,-0.226657,0.159941,1.000000,0.120263
-0.100065,-0.030797,-0.015110,-0.043295,0.120263,1.000000
