atmos_pressure, temp_mean, rh_mean, vapor_pressure_mean, wspd_arith_mean
1.000000,-0.604857,0.615389,-0.277277,-0.475742
-0.604857,1.000000,-0.888485,0.631894,0.885168
0.615389,-0.888485,1.000000,-0.222258,-0.654496
-0.277277,0.631894,-0.222258,1.000000,0.743595
-0.475742,0.885168,-0.654496,0.743595,1.000000
