atmos_pressure, temp_mean, rh_mean, vapor_pressure_mean, wspd_arith_mean
1.000000,-0.807988,0.632387,-0.822886,-0.759065
-0.807988,1.000000,-0.951955,0.607724,0.801472
0.632387,-0.951955,1.000000,-0.348902,-0.713786
-0.822886,0.607724,-0.348902,1.000000,0.575670
-0.759065,0.801472,-0.713786,0.575670,1.000000
