atmos_pressure, temp_mean, rh_mean, vapor_pressure_mean, wspd_arith_mean
1.000000,-0.176957,-0.496245,-0.970076,0.564029
-0.176957,1.000000,-0.754386,0.088599,-0.421490
-0.496245,-0.754386,1.000000,0.582198,-0.026413
-0.970076,0.088599,0.582198,1.000000,-0.574110
0.564029,-0.421490,-0.026413,-0.574110,1.000000
