atmos_pressure, temp_mean, rh_mean, vapor_pressure_mean, wspd_arith_mean
1.000000,-0.423659,-0.136051,-0.424954,-0.186176
-0.423659,1.000000,-0.149892,0.808110,0.092838
-0.136051,-0.149892,1.000000,0.381232,-0.231610
-0.424954,0.808110,0.381232,1.000000,-0.016439
-0.186176,0.092838,-0.231610,-0.016439,1.000000
