atmos_pressure, temp_mean, rh_mean, vapor_pressure_mean, wspd_arith_mean
1.000000,-0.584023,-0.105278,-0.616451,-0.242099
-0.584023,1.000000,-0.426415,0.569880,0.372497
-0.105278,-0.426415,1.000000,0.443407,-0.209781
-0.616451,0.569880,0.443407,1.000000,0.228189
-0.242099,0.372497,-0.209781,0.228189,1.000000
