atmos_pressure, temp_mean, rh_mean, vapor_pressure_mean, wspd_arith_mean
1.000000,-0.466683,-0.168543,-0.457214,-0.308482
-0.466683,1.000000,-0.139861,0.808946,0.022471
-0.168543,-0.139861,1.000000,0.397330,-0.231231
-0.457214,0.808946,0.397330,1.000000,-0.089737
-0.308482,0.022471,-0.231231,-0.089737,1.000000
