atmos_pressure, temp_mean, rh_mean, vapor_pressure_mean, wspd_arith_mean, tbrg_precip_total_corr
1.000000,0.213963,-0.234133,0.151871,0.207582,-0.081462
0.213963,1.000000,-0.192683,0.912789,-0.022748,0.056989
-0.234133,-0.192683,1.000000,0.189514,-0.265535,-0.438368
0.151871,0.912789,0.189514,1.000000,-0.109428,-0.154958
0.207582,-0.022748,-0.265535,-0.109428,1.000000,0.130313
-0.081462,0.056989,-0.438368,-0.154958,0.130313,1.000000
