atmos_pressure, temp_mean, rh_mean, vapor_pressure_mean, wspd_arith_mean
1.000000,-0.767439,0.506913,-0.582451,-0.884441
-0.767439,1.000000,-0.898253,0.479941,0.900955
0.506913,-0.898253,1.000000,-0.093458,-0.666716
-0.582451,0.479941,-0.093458,1.000000,0.668561
-0.884441,0.900955,-0.666716,0.668561,1.000000
