atmos_pressure, temp_mean, rh_mean, vapor_pressure_mean, wspd_arith_mean, tbrg_precip_total_corr
1.000000,-0.477480,0.175367,-0.354971,-0.018977,0.023974
-0.477480,1.000000,0.353437,0.954918,-0.122536,0.082519
0.175367,0.353437,1.000000,0.589445,-0.390878,-0.026875
-0.354971,0.954918,0.589445,1.000000,-0.171857,0.057816
-0.018977,-0.122536,-0.390878,-0.171857,1.000000,0.158359
0.023974,0.082519,-0.026875,0.057816,0.158359,1.000000
