atmos_pressure, temp_mean, rh_mean, vapor_pressure_mean, wspd_arith_mean, tbrg_precip_total_corr
1.000000,-0.189839,-0.068963,-0.155420,-0.323993,-0.026247
-0.189839,1.000000,-0.152471,0.900559,0.143418,0.107601
-0.068963,-0.152471,1.000000,0.219051,-0.043872,0.004045
-0.155420,0.900559,0.219051,1.000000,0.109785,0.116062
-0.323993,0.143418,-0.043872,0.109785,1.000000,0.346586
-0.026247,0.107601,0.004045,0.116062,0.346586,1.000000
