atmos_pressure, temp_mean, rh_mean, vapor_pressure_mean, wspd_arith_mean
1.000000,0.132154,-0.275574,-0.605291,0.429284
0.132154,1.000000,-0.950542,0.013026,0.476348
-0.275574,-0.950542,1.000000,0.274200,-0.498995
-0.605291,0.013026,0.274200,1.000000,-0.253345
0.429284,0.476348,-0.498995,-0.253345,1.000000
