atmos_pressure, temp_mean, rh_mean, vapor_pressure_mean, wspd_arith_mean
1.000000,-0.446407,0.070271,-0.383326,-0.332717
-0.446407,1.000000,-0.428736,0.772827,0.299862
0.070271,-0.428736,1.000000,0.165551,-0.443121
-0.383326,0.772827,0.165551,1.000000,0.042033
-0.332717,0.299862,-0.443121,0.042033,1.000000
