atmos_pressure, temp_mean, rh_mean, vapor_pressure_mean, wspd_arith_mean, tbrg_precip_total_corr
1.000000,-0.624617,0.058210,-0.604477,-0.202665,0.056428
-0.624617,1.000000,0.027225,0.966933,-0.012770,0.043296
0.058210,0.027225,1.000000,0.252540,-0.141797,-0.113574
-0.604477,0.966933,0.252540,1.000000,-0.038803,-0.002124
-0.202665,-0.012770,-0.141797,-0.038803,1.000000,-0.010712
0.056428,0.043296,-0.113574,-0.002124,-0.010712,1.000000
