atmos_pressure, temp_mean, rh_mean, vapor_pressure_mean, wspd_arith_mean
1.000000,-0.495408,0.113614,-0.353487,-0.336649
-0.495408,1.000000,-0.389794,0.748367,0.256903
0.113614,-0.389794,1.000000,0.236080,-0.401058
-0.353487,0.748367,0.236080,1.000000,0.024817
-0.336649,0.256903,-0.401058,0.024817,1.000000
