atmos_pressure, temp_mean, rh_mean, vapor_pressure_mean, wspd_arith_mean
1.000000,-0.464546,-0.139408,-0.455349,-0.215035
-0.464546,1.000000,-0.209885,0.755660,0.322607
-0.139408,-0.209885,1.000000,0.412452,-0.245440
-0.455349,0.755660,0.412452,1.000000,0.167467
-0.215035,0.322607,-0.245440,0.167467,1.000000
