atmos_pressure, temp_mean, rh_mean, vapor_pressure_mean, wspd_arith_mean
1.000000,-0.586952,0.016556,-0.640139,-0.012397
-0.586952,1.000000,-0.586267,0.692697,0.185450
0.016556,-0.586267,1.000000,0.103860,-0.353889
-0.640139,0.692697,0.103860,1.000000,-0.051831
-0.012397,0.185450,-0.353889,-0.051831,1.000000
