atmos_pressure, temp_mean, rh_mean, vapor_pressure_mean, wspd_arith_mean
1.000000,-0.280902,-0.007639,-0.289366,-0.271588
-0.280902,1.000000,-0.478846,0.775507,0.249031
-0.007639,-0.478846,1.000000,0.138144,-0.348140
-0.289366,0.775507,0.138144,1.000000,0.025884
-0.271588,0.249031,-0.348140,0.025884,1.000000
