atmos_pressure, temp_mean, rh_mean, vapor_pressure_mean, wspd_arith_mean, tbrg_precip_total_corr
1.000000,-0.258317,-0.195207,-0.225907,-0.074532,-0.069183
-0.258317,1.000000,-0.063524,0.964856,-0.202958,0.166022
-0.195207,-0.063524,1.000000,0.129439,-0.050489,0.005581
-0.225907,0.964856,0.129439,1.000000,-0.209802,0.165835
-0.074532,-0.202958,-0.050489,-0.209802,1.000000,0.237244
-0.069183,0.166022,0.005581,0.165835,0.237244,1.000000
