atmos_pressure, temp_mean, rh_mean, vapor_pressure_mean, wspd_arith_mean
1.000000,-0.500526,0.089187,-0.408767,-0.264699
-0.500526,1.000000,-0.436963,0.791623,0.222271
0.089187,-0.436963,1.000000,0.130725,-0.384121
-0.408767,0.791623,0.130725,1.000000,0.010954
-0.264699,0.222271,-0.384121,0.010954,1.000000
