atmos_pressure, temp_mean, rh_mean, vapor_pressure_mean, wspd_arith_mean
1.000000,-0.211568,-0.320714,-0.822672,-0.447102
-0.211568,1.000000,-0.812356,0.069329,0.034219
-0.320714,-0.812356,1.000000,0.513830,0.208585
-0.822672,0.069329,0.513830,1.000000,0.529668
-0.447102,0.034219,0.208585,0.529668,1.000000
