atmos_pressure, temp_mean, rh_mean, vapor_pressure_mean, wspd_arith_mean, tbrg_precip_total_corr
1.000000,-0.335234,0.037960,-0.409267,-0.232744,0.044372
-0.335234,1.000000,-0.684333,0.398069,0.365276,-0.017521
0.037960,-0.684333,1.000000,0.331745,-0.444970,0.079222
-0.409267,0.398069,0.331745,1.000000,-0.085351,0.116833
-0.232744,0.365276,-0.444970,-0.085351,1.000000,-0.243964
0.044372,-0.017521,0.079222,0.116833,-0.243964,1.000000
