atmos_pressure, temp_mean, rh_mean, vapor_pressure_mean, wspd_arith_mean, tbrg_precip_total_corr
1.000000,-0.562391,-0.586417,-0.642581,-0.385071,nan
-0.562391,1.000000,0.606992,0.906631,0.357441,nan
-0.586417,0.606992,1.000000,0.877783,0.258768,nan
-0.642581,0.906631,0.877783,1.000000,0.314235,nan
-0.385071,0.357441,0.258768,0.314235,1.000000,nan
nan,nan,nan,nan,nan,nan
