atmos_pressure, temp_mean, rh_mean, vapor_pressure_mean, wspd_arith_mean, tbrg_precip_total_corr
1.000000,-0.056977,0.013241,-0.018363,-0.118756,-0.060830
-0.056977,1.000000,-0.154589,0.975433,-0.243702,0.182456
0.013241,-0.154589,1.000000,-0.033475,-0.167064,-0.056179
-0.018363,0.975433,-0.033475,1.000000,-0.250398,0.169239
-0.118756,-0.243702,-0.167064,-0.250398,1.000000,0.038423
-0.060830,0.182456,-0.056179,0.169239,0.038423,1.000000
