atmos_pressure, temp_mean, rh_mean, vapor_pressure_mean, wspd_arith_mean, tbrg_precip_total_corr
1.000000,-0.263482,-0.502087,-0.403526,-0.108136,-0.036388
-0.263482,1.000000,0.007158,0.832957,0.014323,0.136722
-0.502087,0.007158,1.000000,0.530648,-0.379454,-0.364125
-0.403526,0.832957,0.530648,1.000000,-0.189701,-0.139679
-0.108136,0.014323,-0.379454,-0.189701,1.000000,0.299028
-0.036388,0.136722,-0.364125,-0.139679,0.299028,1.000000
