atmos_pressure, temp_mean, rh_mean, vapor_pressure_mean, wspd_arith_mean, tbrg_precip_total_corr
1.000000,-0.691212,0.705759,0.150362,-0.246920,nan
-0.691212,1.000000,-0.953319,-0.022526,0.267120,nan
0.705759,-0.953319,1.000000,0.320064,-0.237478,nan
0.150362,-0.022526,0.320064,1.000000,0.096528,nan
-0.246920,0.267120,-0.237478,0.096528,1.000000,nan
nan,nan,nan,nan,nan,nan
