atmos_pressure, temp_mean, rh_mean, vapor_pressure_mean, wspd_arith_mean, tbrg_precip_total_corr
1.000000,-0.412417,-0.066739,-0.468800,-0.501643,-0.056468
-0.412417,1.000000,-0.434495,0.834907,0.671937,0.273889
-0.066739,-0.434495,1.000000,0.093847,-0.364577,-0.318680
-0.468800,0.834907,0.093847,1.000000,0.591291,0.066515
-0.501643,0.671937,-0.364577,0.591291,1.000000,0.104917
-0.056468,0.273889,-0.318680,0.066515,0.104917,1.000000
