atmos_pressure, temp_mean, rh_mean, vapor_pressure_mean, wspd_arith_mean
1.000000,-0.735911,0.901643,-0.395171,0.405760
-0.735911,1.000000,-0.893731,0.883966,-0.467669
0.901643,-0.893731,1.000000,-0.581519,0.462896
-0.395171,0.883966,-0.581519,1.000000,-0.368457
0.405760,-0.467669,0.462896,-0.368457,1.000000
