atmos_pressure, temp_mean, rh_mean, vapor_pressure_mean, wspd_arith_mean, tbrg_precip_total_corr
1.000000,-0.525877,-0.061690,-0.278237,0.088642,-0.139734
-0.525877,1.000000,-0.054370,0.373450,0.519527,0.367659
-0.061690,-0.054370,1.000000,0.903218,-0.685254,0.048714
-0.278237,0.373450,0.903218,1.000000,-0.420705,0.252007
0.088642,0.519527,-0.685254,-0.420705,1.000000,0.196297
-0.139734,0.367659,0.048714,0.252007,0.196297,1.000000
