atmos_pressure, temp_mean, rh_mean, vapor_pressure_mean, wspd_arith_mean
1.000000,-0.898409,0.774158,-0.677169,-0.395919
-0.898409,1.000000,-0.962118,0.532752,0.585617
0.774158,-0.962118,1.000000,-0.335138,-0.688203
-0.677169,0.532752,-0.335138,1.000000,0.146701
-0.395919,0.585617,-0.688203,0.146701,1.000000
