atmos_pressure, temp_mean, rh_mean, vapor_pressure_mean, wspd_arith_mean
1.000000,-0.650015,0.129449,-0.683723,-0.186319
-0.650015,1.000000,-0.640706,0.643255,0.328214
0.129449,-0.640706,1.000000,0.081330,-0.301286
-0.683723,0.643255,0.081330,1.000000,0.181891
-0.186319,0.328214,-0.301286,0.181891,1.000000
