atmos_pressure, temp_mean, rh_mean, vapor_pressure_mean, wspd_arith_mean, tbrg_precip_total_corr
1.000000,-0.454652,-0.094289,-0.409379,-0.381614,-0.011180
-0.454652,1.000000,-0.337019,0.983495,0.678500,0.139161
-0.094289,-0.337019,1.000000,-0.228007,-0.191968,-0.166509
-0.409379,0.983495,-0.228007,1.000000,0.629469,0.117288
-0.381614,0.678500,-0.191968,0.629469,1.000000,0.060105
-0.011180,0.139161,-0.166509,0.117288,0.060105,1.000000
