atmos_pressure, temp_mean, rh_mean, vapor_pressure_mean, wspd_arith_mean, tbrg_precip_total_corr
1.000000,-0.201994,0.096455,-0.222276,0.175522,0.058312
-0.201994,1.000000,-0.991919,-0.869628,-0.971272,0.010257
0.096455,-0.991919,1.000000,0.924827,0.959940,-0.007700
-0.222276,-0.869628,0.924827,1.000000,0.831962,0.038105
0.175522,-0.971272,0.959940,0.831962,1.000000,-0.038338
0.058312,0.010257,-0.007700,0.038105,-0.038338,1.000000
