atmos_pressure, temp_mean, rh_mean, vapor_pressure_mean, wspd_arith_mean, tbrg_precip_total_corr
1.000000,-0.610210,0.270132,-0.564066,0.044881,nan
-0.610210,1.000000,-0.641351,0.792416,0.156116,nan
0.270132,-0.641351,1.000000,-0.105487,-0.402615,nan
-0.564066,0.792416,-0.105487,1.000000,-0.033087,nan
0.044881,0.156116,-0.402615,-0.033087,1.000000,nan
nan,nan,nan,nan,nan,nan
