atmos_pressure, temp_mean, rh_mean, vapor_pressure_mean, wspd_arith_mean, tbrg_precip_total_corr
1.000000,-0.203542,-0.043874,-0.275269,-0.377617,-0.161316
-0.203542,1.000000,-0.518300,0.816121,0.186837,0.141782
-0.043874,-0.518300,1.000000,0.030306,-0.040152,-0.049844
-0.275269,0.816121,0.030306,1.000000,0.222548,0.161379
-0.377617,0.186837,-0.040152,0.222548,1.000000,0.234404
-0.161316,0.141782,-0.049844,0.161379,0.234404,1.000000
