atmos_pressure, temp_mean, rh_mean, vapor_pressure_mean, wspd_arith_mean
1.000000,0.904638,-0.908816,-0.337517,0.163660
0.904638,1.000000,-0.951004,-0.178923,0.171094
-0.908816,-0.951004,1.000000,0.462657,-0.344342
-0.337517,-0.178923,0.462657,1.000000,-0.564529
0.163660,0.171094,-0.344342,-0.564529,1.000000
