atmos_pressure, temp_mean, rh_mean, vapor_pressure_mean, wspd_arith_mean
1.000000,-0.210329,-0.103811,-0.225177,-0.267296
-0.210329,1.000000,-0.308675,0.870644,0.083462
-0.103811,-0.308675,1.000000,0.140561,-0.296484
-0.225177,0.870644,0.140561,1.000000,-0.032184
-0.267296,0.083462,-0.296484,-0.032184,1.000000
