atmos_pressure, temp_mean, rh_mean, vapor_pressure_mean, wspd_arith_mean
1.000000,-0.744662,0.754005,0.750422,-0.790462
-0.744662,1.000000,-0.993159,-0.625256,0.857475
0.754005,-0.993159,1.000000,0.654394,-0.857200
0.750422,-0.625256,0.654394,1.000000,-0.649377
-0.790462,0.857475,-0.857200,-0.649377,1.000000
