atmos_pressure, temp_mean, rh_mean, vapor_pressure_mean, wspd_arith_mean
1.000000,-0.605032,-0.113636,-0.603004,-0.300090
-0.605032,1.000000,-0.329460,0.883890,0.340461
-0.113636,-0.329460,1.000000,0.043188,-0.112664
-0.603004,0.883890,0.043188,1.000000,0.397481
-0.300090,0.340461,-0.112664,0.397481,1.000000
