atmos_pressure, temp_mean, rh_mean, vapor_pressure_mean, wspd_arith_mean
1.000000,-0.584753,-0.144311,-0.658226,-0.297008
-0.584753,1.000000,-0.258105,0.799828,0.263596
-0.144311,-0.258105,1.000000,0.251812,-0.211767
-0.658226,0.799828,0.251812,1.000000,0.210440
-0.297008,0.263596,-0.211767,0.210440,1.000000
