atmos_pressure, temp_mean, rh_mean, vapor_pressure_mean, wspd_arith_mean
1.000000,0.455608,-0.442698,0.457987,0.472653
0.455608,1.000000,-0.974292,0.884992,0.507447
-0.442698,-0.974292,1.000000,-0.761343,-0.452585
0.457987,0.884992,-0.761343,1.000000,0.568988
0.472653,0.507447,-0.452585,0.568988,1.000000
