atmos_pressure, temp_mean, rh_mean, vapor_pressure_mean, wspd_arith_mean
1.000000,0.082197,0.743231,0.772116,-0.092955
0.082197,1.000000,-0.222494,0.183156,0.635916
0.743231,-0.222494,1.000000,0.914777,-0.440448
0.772116,0.183156,0.914777,1.000000,-0.208446
-0.092955,0.635916,-0.440448,-0.208446,1.000000
