atmos_pressure, temp_mean, rh_mean, vapor_pressure_mean, wspd_arith_mean
1.000000,-0.663136,-0.218644,-0.710616,-0.187292
-0.663136,1.000000,-0.241651,0.741126,0.143228
-0.218644,-0.241651,1.000000,0.353761,-0.089365
-0.710616,0.741126,0.353761,1.000000,0.129430
-0.187292,0.143228,-0.089365,0.129430,1.000000
