atmos_pressure, temp_mean, rh_mean, vapor_pressure_mean, wspd_arith_mean
1.000000,-0.653387,0.558029,-0.072580,-0.644697
-0.653387,1.000000,-0.977587,-0.004282,0.808358
0.558029,-0.977587,1.000000,0.170524,-0.846152
-0.072580,-0.004282,0.170524,1.000000,-0.410645
-0.644697,0.808358,-0.846152,-0.410645,1.000000
