atmos_pressure, temp_mean, rh_mean, vapor_pressure_mean, wspd_arith_mean
1.000000,-0.391036,-0.163121,-0.429780,-0.263793
-0.391036,1.000000,-0.189421,0.843135,0.131967
-0.163121,-0.189421,1.000000,0.274689,-0.206720
-0.429780,0.843135,0.274689,1.000000,0.071185
-0.263793,0.131967,-0.206720,0.071185,1.000000
