atmos_pressure, temp_mean, rh_mean, vapor_pressure_mean, wspd_arith_mean, tbrg_precip_total_corr
1.000000,-0.354337,0.105687,-0.202526,-0.271925,0.175689
-0.354337,1.000000,-0.631102,0.666664,0.472360,-0.078184
0.105687,-0.631102,1.000000,0.106409,-0.363905,0.046315
-0.202526,0.666664,0.106409,1.000000,0.283852,-0.017381
-0.271925,0.472360,-0.363905,0.283852,1.000000,-0.057672
0.175689,-0.078184,0.046315,-0.017381,-0.057672,1.000000
