atmos_pressure, temp_mean, rh_mean, vapor_pressure_mean, wspd_arith_mean
1.000000,-0.360576,-0.897899,-0.658826,-0.385693
-0.360576,1.000000,0.474460,0.908525,0.457418
-0.897899,0.474460,1.000000,0.795811,0.396866
-0.658826,0.908525,0.795811,1.000000,0.495432
-0.385693,0.457418,0.396866,0.495432,1.000000
