atmos_pressure, temp_mean, rh_mean, vapor_pressure_mean, wspd_arith_mean, tbrg_precip_total_corr
1.000000,-0.490862,0.190000,-0.369902,-0.342448,-0.056655
-0.490862,1.000000,-0.396089,0.698892,0.330277,0.107721
0.190000,-0.396089,1.000000,0.346861,-0.300608,0.074023
-0.369902,0.698892,0.346861,1.000000,0.101639,0.155321
-0.342448,0.330277,-0.300608,0.101639,1.000000,-0.044075
-0.056655,0.107721,0.074023,0.155321,-0.044075,1.000000
