atmos_pressure, temp_mean, rh_mean, vapor_pressure_mean, wspd_arith_mean
1.000000,-0.905722,0.797206,-0.883440,-0.891730
-0.905722,1.000000,-0.960568,0.891096,0.866719
0.797206,-0.960568,1.000000,-0.750586,-0.827621
-0.883440,0.891096,-0.750586,1.000000,0.721814
-0.891730,0.866719,-0.827621,0.721814,1.000000
