atmos_pressure, temp_mean, rh_mean, vapor_pressure_mean, wspd_arith_mean
1.000000,-0.214078,0.027893,-0.312753,0.370379
-0.214078,1.000000,-0.954095,-0.701093,-0.731610
0.027893,-0.954095,1.000000,0.874137,0.650520
-0.312753,-0.701093,0.874137,1.000000,0.432812
0.370379,-0.731610,0.650520,0.432812,1.000000
