atmos_pressure, temp_mean, rh_mean, vapor_pressure_mean, wspd_arith_mean
1.000000,-0.843109,0.723286,-0.797236,-0.701771
-0.843109,1.000000,-0.961251,0.868253,0.882859
0.723286,-0.961251,1.000000,-0.719024,-0.859300
-0.797236,0.868253,-0.719024,1.000000,0.722048
-0.701771,0.882859,-0.859300,0.722048,1.000000
