atmos_pressure, temp_mean, rh_mean, vapor_pressure_mean, wspd_arith_mean
1.000000,-0.321449,-0.084316,-0.279829,-0.293834
-0.321449,1.000000,-0.205128,0.876335,0.030423
-0.084316,-0.205128,1.000000,0.208985,-0.295932
-0.279829,0.876335,0.208985,1.000000,-0.117450
-0.293834,0.030423,-0.295932,-0.117450,1.000000
