atmos_pressure, temp_mean, rh_mean, vapor_pressure_mean, wspd_arith_mean
1.000000,-0.332645,0.278195,0.233513,-0.112888
-0.332645,1.000000,-0.953034,-0.812718,0.701480
0.278195,-0.953034,1.000000,0.945112,-0.793286
0.233513,-0.812718,0.945112,1.000000,-0.804609
-0.112888,0.701480,-0.793286,-0.804609,1.000000
