atmos_pressure, temp_mean, rh_mean, vapor_pressure_mean, wspd_arith_mean
1.000000,-0.472439,0.234055,-0.790532,0.457632
-0.472439,1.000000,-0.947622,0.735105,-0.905101
0.234055,-0.947622,1.000000,-0.489568,0.844490
-0.790532,0.735105,-0.489568,1.000000,-0.716736
0.457632,-0.905101,0.844490,-0.716736,1.000000
