atmos_pressure, temp_mean, rh_mean, vapor_pressure_mean, wspd_arith_mean, tbrg_precip_total_corr
1.000000,-0.505233,0.511471,-0.305428,-0.696946,-0.914177
-0.505233,1.000000,-0.989954,0.945416,0.914574,0.654259
0.511471,-0.989954,1.000000,-0.903766,-0.934657,-0.657785
-0.305428,0.945416,-0.903766,1.000000,0.741752,0.460998
-0.696946,0.914574,-0.934657,0.741752,1.000000,0.816541
-0.914177,0.654259,-0.657785,0.460998,0.816541,1.000000
