atmos_pressure, temp_mean, rh_mean, vapor_pressure_mean, wspd_arith_mean
1.000000,-0.331513,-0.091632,-0.312178,-0.344857
-0.331513,1.000000,-0.239409,0.864985,0.148892
-0.091632,-0.239409,1.000000,0.207398,-0.227210
-0.312178,0.864985,0.207398,1.000000,0.039750
-0.344857,0.148892,-0.227210,0.039750,1.000000
