atmos_pressure, temp_mean, rh_mean, vapor_pressure_mean, wspd_arith_mean
1.000000,0.727337,-0.924572,-0.964616,-0.161087
0.727337,1.000000,-0.911857,-0.739901,-0.159519
-0.924572,-0.911857,1.000000,0.945629,0.153775
-0.964616,-0.739901,0.945629,1.000000,0.164524
-0.161087,-0.159519,0.153775,0.164524,1.000000
