atmos_pressure, temp_mean, rh_mean, vapor_pressure_mean, wspd_arith_mean
1.000000,-0.649211,-0.043301,-0.685425,-0.304389
-0.649211,1.000000,-0.435038,0.686597,0.318379
-0.043301,-0.435038,1.000000,0.277614,-0.195629
-0.685425,0.686597,0.277614,1.000000,0.237208
-0.304389,0.318379,-0.195629,0.237208,1.000000
