atmos_pressure, temp_mean, rh_mean, vapor_pressure_mean, wspd_arith_mean
1.000000,-0.400016,-0.018848,-0.332007,-0.258688
-0.400016,1.000000,-0.367179,0.802659,0.105316
-0.018848,-0.367179,1.000000,0.186447,-0.264867
-0.332007,0.802659,0.186447,1.000000,-0.049481
-0.258688,0.105316,-0.264867,-0.049481,1.000000
