atmos_pressure, temp_mean, rh_mean, vapor_pressure_mean, wspd_arith_mean, tbrg_precip_total_corr
1.000000,0.010449,0.119893,0.048535,-0.337286,-0.069582
0.010449,1.000000,-0.137894,0.962836,0.009742,0.177786
0.119893,-0.137894,1.000000,0.089595,-0.330632,-0.102961
0.048535,0.962836,0.089595,1.000000,-0.058801,0.153086
-0.337286,0.009742,-0.330632,-0.058801,1.000000,0.329597
-0.069582,0.177786,-0.102961,0.153086,0.329597,1.000000
