atmos_pressure, temp_mean, rh_mean, vapor_pressure_mean, wspd_arith_mean
1.000000,-0.559922,0.375789,-0.675823,-0.682059
-0.559922,1.000000,-0.941272,0.593405,0.619143
0.375789,-0.941272,1.000000,-0.311586,-0.591861
-0.675823,0.593405,-0.311586,1.000000,0.337752
-0.682059,0.619143,-0.591861,0.337752,1.000000
