atmos_pressure, temp_mean, rh_mean, vapor_pressure_mean, wspd_arith_mean
1.000000,-0.627080,0.135734,-0.522465,-0.375711
-0.627080,1.000000,-0.418891,0.726759,0.419185
0.135734,-0.418891,1.000000,0.235157,-0.345464
-0.522465,0.726759,0.235157,1.000000,0.274202
-0.375711,0.419185,-0.345464,0.274202,1.000000
