atmos_pressure, temp_mean, rh_mean, vapor_pressure_mean, wspd_arith_mean
1.000000,-0.297915,-0.116281,-0.326372,-0.370650
-0.297915,1.000000,-0.239141,0.823735,0.115504
-0.116281,-0.239141,1.000000,0.272366,-0.272373
-0.326372,0.823735,0.272366,1.000000,-0.043378
-0.370650,0.115504,-0.272373,-0.043378,1.000000
