atmos_pressure, temp_mean, rh_mean, vapor_pressure_mean, wspd_arith_mean, tbrg_precip_total_corr
1.000000,-0.393224,0.059430,-0.393885,-0.248356,-0.024845
-0.393224,1.000000,-0.502432,0.789005,0.254400,0.079274
0.059430,-0.502432,1.000000,0.097198,-0.202554,0.078145
-0.393885,0.789005,0.097198,1.000000,0.106398,0.130823
-0.248356,0.254400,-0.202554,0.106398,1.000000,0.004875
-0.024845,0.079274,0.078145,0.130823,0.004875,1.000000
