atmos_pressure, temp_mean, rh_mean, vapor_pressure_mean, wspd_arith_mean, tbrg_precip_total_corr
1.000000,-0.741307,-0.497122,-0.754863,-0.233794,0.211266
-0.741307,1.000000,0.381193,0.988034,0.225881,-0.119352
-0.497122,0.381193,1.000000,0.467043,-0.179628,-0.676042
-0.754863,0.988034,0.467043,1.000000,0.172613,-0.185564
-0.233794,0.225881,-0.179628,0.172613,1.000000,0.189936
0.211266,-0.119352,-0.676042,-0.185564,0.189936,1.000000
