atmos_pressure, temp_mean, rh_mean, vapor_pressure_mean, wspd_arith_mean, tbrg_precip_total_corr
1.000000,-0.543458,0.086268,-0.442700,-0.486171,-0.003706
-0.543458,1.000000,-0.350216,0.769347,0.310508,0.048267
0.086268,-0.350216,1.000000,0.287849,-0.462247,-0.066482
-0.442700,0.769347,0.287849,1.000000,-0.012552,0.003432
-0.486171,0.310508,-0.462247,-0.012552,1.000000,-0.086169
-0.003706,0.048267,-0.066482,0.003432,-0.086169,1.000000
