atmos_pressure, temp_mean, rh_mean, vapor_pressure_mean, wspd_arith_mean
1.000000,-0.913488,0.722061,-0.862098,-0.179471
-0.913488,1.000000,-0.924162,0.749062,0.374590
0.722061,-0.924162,1.000000,-0.460263,-0.587953
-0.862098,0.749062,-0.460263,1.000000,-0.066021
-0.179471,0.374590,-0.587953,-0.066021,1.000000
