atmos_pressure, temp_mean, rh_mean, vapor_pressure_mean, wspd_arith_mean, tbrg_precip_total_corr
1.000000,-0.167496,-0.328895,-0.216669,-0.268780,-0.134398
-0.167496,1.000000,-0.175404,0.972240,0.100736,0.234477
-0.328895,-0.175404,1.000000,-0.011001,0.095856,0.046396
-0.216669,0.972240,-0.011001,1.000000,0.090401,0.259554
-0.268780,0.100736,0.095856,0.090401,1.000000,0.209760
-0.134398,0.234477,0.046396,0.259554,0.209760,1.000000
