atmos_pressure, temp_mean, rh_mean, vapor_pressure_mean, wspd_arith_mean
1.000000,-0.563586,0.038268,-0.634179,-0.316195
-0.563586,1.000000,-0.634766,0.617199,0.433754
0.038268,-0.634766,1.000000,0.160008,-0.384398
-0.634179,0.617199,0.160008,1.000000,0.215495
-0.316195,0.433754,-0.384398,0.215495,1.000000
