atmos_pressure, temp_mean, rh_mean, vapor_pressure_mean, wspd_arith_mean
1.000000,-0.688833,0.691318,0.311970,-0.843427
-0.688833,1.000000,-0.983089,-0.183880,0.631033
0.691318,-0.983089,1.000000,0.344046,-0.665527
0.311970,-0.183880,0.344046,1.000000,-0.476407
-0.843427,0.631033,-0.665527,-0.476407,1.000000
