atmos_pressure, temp_mean, rh_mean, vapor_pressure_mean, wspd_arith_mean, tbrg_precip_total_corr
1.000000,-0.238931,-0.032019,-0.174362,-0.074777,-0.085403
-0.238931,1.000000,-0.024516,0.941495,0.004056,0.062883
-0.032019,-0.024516,1.000000,0.258851,-0.102264,0.026093
-0.174362,0.941495,0.258851,1.000000,-0.045711,0.057809
-0.074777,0.004056,-0.102264,-0.045711,1.000000,0.316716
-0.085403,0.062883,0.026093,0.057809,0.316716,1.000000
