atmos_pressure, temp_mean, rh_mean, vapor_pressure_mean, wspd_arith_mean
1.000000,-0.399612,0.353942,-0.333758,0.514260
-0.399612,1.000000,-0.792940,0.908714,0.142046
0.353942,-0.792940,1.000000,-0.467430,-0.053481
-0.333758,0.908714,-0.467430,1.000000,0.181709
0.514260,0.142046,-0.053481,0.181709,1.000000
