atmos_pressure, temp_mean, rh_mean, vapor_pressure_mean, wspd_arith_mean
1.000000,-0.671980,0.142134,-0.679955,-0.205599
-0.671980,1.000000,-0.618608,0.643934,0.313410
0.142134,-0.618608,1.000000,0.104396,-0.322350
-0.679955,0.643934,0.104396,1.000000,0.155353
-0.205599,0.313410,-0.322350,0.155353,1.000000
