atmos_pressure, temp_mean, rh_mean, vapor_pressure_mean, wspd_arith_mean
1.000000,-0.547211,0.110909,-0.496846,-0.272316
-0.547211,1.000000,-0.532057,0.829442,0.230600
0.110909,-0.532057,1.000000,-0.041126,-0.328986
-0.496846,0.829442,-0.041126,1.000000,0.086493
-0.272316,0.230600,-0.328986,0.086493,1.000000
