atmos_pressure, temp_mean, rh_mean, vapor_pressure_mean, wspd_arith_mean
1.000000,-0.456532,-0.039620,-0.421457,-0.259400
-0.456532,1.000000,-0.389386,0.773915,0.174166
-0.039620,-0.389386,1.000000,0.201743,-0.327483
-0.421457,0.773915,0.201743,1.000000,-0.009159
-0.259400,0.174166,-0.327483,-0.009159,1.000000
