atmos_pressure, temp_mean, rh_mean, vapor_pressure_mean, wspd_arith_mean, tbrg_precip_total_corr
1.000000,-0.242469,0.298113,-0.198335,-0.268403,-0.123393
-0.242469,1.000000,-0.503992,0.940516,0.000523,0.212610
0.298113,-0.503992,1.000000,-0.244476,-0.095247,-0.118823
-0.198335,0.940516,-0.244476,1.000000,-0.064038,0.215631
-0.268403,0.000523,-0.095247,-0.064038,1.000000,0.072271
-0.123393,0.212610,-0.118823,0.215631,0.072271,1.000000
