atmos_pressure, temp_mean, rh_mean, vapor_pressure_mean, wspd_arith_mean, tbrg_precip_total_corr
1.000000,-0.786936,-0.172750,-0.800573,-0.679762,0.085787
-0.786936,1.000000,-0.015431,0.944613,0.854791,-0.114462
-0.172750,-0.015431,1.000000,0.277677,-0.173933,0.025249
-0.800573,0.944613,0.277677,1.000000,0.808957,-0.108493
-0.679762,0.854791,-0.173933,0.808957,1.000000,-0.154726
0.085787,-0.114462,0.025249,-0.108493,-0.154726,1.000000
