atmos_pressure, temp_mean, rh_mean, vapor_pressure_mean, wspd_arith_mean, tbrg_precip_total_corr
1.000000,-0.458903,0.008749,-0.370527,-0.092159,-0.083841
-0.458903,1.000000,-0.135105,0.966931,-0.101759,0.387286
0.008749,-0.135105,1.000000,0.092630,-0.419799,-0.179488
-0.370527,0.966931,0.092630,1.000000,-0.202973,0.366280
-0.092159,-0.101759,-0.419799,-0.202973,1.000000,-0.263861
-0.083841,0.387286,-0.179488,0.366280,-0.263861,1.000000
