atmos_pressure, temp_mean, rh_mean, vapor_pressure_mean, wspd_arith_mean, tbrg_precip_total_corr
1.000000,-0.157346,-0.758074,-0.875690,0.014049,-0.458479
-0.157346,1.000000,-0.435776,0.481374,0.252163,0.221980
-0.758074,-0.435776,1.000000,0.578794,-0.236116,0.373372
-0.875690,0.481374,0.578794,1.000000,-0.002185,0.569880
0.014049,0.252163,-0.236116,-0.002185,1.000000,0.007592
-0.458479,0.221980,0.373372,0.569880,0.007592,1.000000
