atmos_pressure, temp_mean, rh_mean, vapor_pressure_mean, wspd_arith_mean
1.000000,-0.828839,0.374174,-0.936986,0.291479
-0.828839,1.000000,-0.790141,0.928504,-0.276470
0.374174,-0.790141,1.000000,-0.506810,0.104343
-0.936986,0.928504,-0.506810,1.000000,-0.338317
0.291479,-0.276470,0.104343,-0.338317,1.000000
