atmos_pressure, temp_mean, rh_mean, vapor_pressure_mean, wspd_arith_mean
1.000000,-0.485623,-0.013962,-0.691693,0.909458
-0.485623,1.000000,-0.726533,0.654935,-0.436766
-0.013962,-0.726533,1.000000,0.020770,-0.014898
-0.691693,0.654935,0.020770,1.000000,-0.617767
0.909458,-0.436766,-0.014898,-0.617767,1.000000
