atmos_pressure, temp_mean, rh_mean, vapor_pressure_mean, wspd_arith_mean, tbrg_precip_total_corr
1.000000,-0.298510,0.728067,0.425745,-0.591769,nan
-0.298510,1.000000,-0.571061,0.521005,0.245630,nan
0.728067,-0.571061,1.000000,0.402698,-0.334291,nan
0.425745,0.521005,0.402698,1.000000,-0.074346,nan
-0.591769,0.245630,-0.334291,-0.074346,1.000000,nan
nan,nan,nan,nan,nan,nan
