atmos_pressure, temp_mean, rh_mean, vapor_pressure_mean, wspd_arith_mean
1.000000,-0.527101,-0.145254,-0.613115,-0.192183
-0.527101,1.000000,-0.423630,0.715772,0.360394
-0.145254,-0.423630,1.000000,0.266393,-0.317346
-0.613115,0.715772,0.266393,1.000000,0.212547
-0.192183,0.360394,-0.317346,0.212547,1.000000
