atmos_pressure, temp_mean, rh_mean, vapor_pressure_mean, wspd_arith_mean, tbrg_precip_total_corr
1.000000,-0.503665,-0.402507,-0.473802,-0.513653,0.036152
-0.503665,1.000000,0.089143,0.981585,0.359673,0.113886
-0.402507,0.089143,1.000000,0.206423,0.111491,-0.028670
-0.473802,0.981585,0.206423,1.000000,0.286881,0.124411
-0.513653,0.359673,0.111491,0.286881,1.000000,0.006717
0.036152,0.113886,-0.028670,0.124411,0.006717,1.000000
