atmos_pressure, temp_mean, rh_mean, vapor_pressure_mean, wspd_arith_mean, tbrg_precip_total_corr
1.000000,-0.333882,-0.371743,-0.557324,-0.162241,-0.019415
-0.333882,1.000000,-0.276897,0.762508,0.685828,0.084200
-0.371743,-0.276897,1.000000,0.384328,-0.568410,0.018344
-0.557324,0.762508,0.384328,1.000000,0.304737,0.108469
-0.162241,0.685828,-0.568410,0.304737,1.000000,0.079320
-0.019415,0.084200,0.018344,0.108469,0.079320,1.000000
