atmos_pressure, temp_mean, rh_mean, vapor_pressure_mean, wspd_arith_mean
1.000000,-0.479934,-0.061046,-0.454875,-0.243369
-0.479934,1.000000,-0.299723,0.792797,0.268616
-0.061046,-0.299723,1.000000,0.276175,-0.255160
-0.454875,0.792797,0.276175,1.000000,0.155853
-0.243369,0.268616,-0.255160,0.155853,1.000000
