atmos_pressure, temp_mean, rh_mean, vapor_pressure_mean, wspd_arith_mean, tbrg_precip_total_corr
1.000000,-0.976364,0.911457,-0.967391,-0.014362,nan
-0.976364,1.000000,-0.846907,0.998673,-0.169979,nan
0.911457,-0.846907,1.000000,-0.818479,-0.021784,nan
-0.967391,0.998673,-0.818479,1.000000,-0.183279,nan
-0.014362,-0.169979,-0.021784,-0.183279,1.000000,nan
nan,nan,nan,nan,nan,nan
