atmos_pressure, temp_mean, rh_mean, vapor_pressure_mean, wspd_arith_mean, tbrg_precip_total_corr
1.000000,-0.063894,-0.218294,-0.222461,-0.310839,0.003470
-0.063894,1.000000,-0.413775,0.708018,-0.007311,0.301006
-0.218294,-0.413775,1.000000,0.321991,0.259747,0.121602
-0.222461,0.708018,0.321991,1.000000,0.136462,0.451636
-0.310839,-0.007311,0.259747,0.136462,1.000000,-0.093234
0.003470,0.301006,0.121602,0.451636,-0.093234,1.000000
