atmos_pressure, temp_mean, rh_mean, vapor_pressure_mean, wspd_arith_mean, tbrg_precip_total_corr
1.000000,0.207741,-0.008936,0.239294,-0.123581,0.125449
0.207741,1.000000,-0.624856,0.591464,0.146145,0.095936
-0.008936,-0.624856,1.000000,0.237985,-0.225282,0.016544
0.239294,0.591464,0.237985,1.000000,0.019661,0.126200
-0.123581,0.146145,-0.225282,0.019661,1.000000,-0.071473
0.125449,0.095936,0.016544,0.126200,-0.071473,1.000000
