atmos_pressure, temp_mean, rh_mean, vapor_pressure_mean, wspd_arith_mean, tbrg_precip_total_corr
1.000000,-0.298719,0.042254,-0.275706,-0.485775,-0.032399
-0.298719,1.000000,-0.441720,0.750523,0.152235,0.116681
0.042254,-0.441720,1.000000,0.214730,-0.265806,-0.017032
-0.275706,0.750523,0.214730,1.000000,-0.023566,0.115193
-0.485775,0.152235,-0.265806,-0.023566,1.000000,0.040854
-0.032399,0.116681,-0.017032,0.115193,0.040854,1.000000
