atmos_pressure, temp_mean, rh_mean, vapor_pressure_mean, wspd_arith_mean
1.000000,-0.734105,0.456978,-0.609676,-0.829422
-0.734105,1.000000,-0.872884,0.547859,0.896144
0.456978,-0.872884,1.000000,-0.100614,-0.686192
-0.609676,0.547859,-0.100614,1.000000,0.640382
-0.829422,0.896144,-0.686192,0.640382,1.000000
