atmos_pressure, temp_mean, rh_mean, vapor_pressure_mean, wspd_arith_mean, tbrg_precip_total_corr
1.000000,-0.640901,0.191204,-0.322084,-0.032662,-0.199692
-0.640901,1.000000,-0.242812,0.675617,-0.005072,0.124948
0.191204,-0.242812,1.000000,0.508550,-0.155454,-0.097731
-0.322084,0.675617,0.508550,1.000000,-0.165294,-0.026079
-0.032662,-0.005072,-0.155454,-0.165294,1.000000,-0.014788
-0.199692,0.124948,-0.097731,-0.026079,-0.014788,1.000000
