atmos_pressure, temp_mean, rh_mean, vapor_pressure_mean, wspd_arith_mean, tbrg_precip_total_corr
1.000000,-0.249487,-0.159793,-0.198987,-0.344074,-0.081973
-0.249487,1.000000,0.464964,0.953228,0.022528,0.172348
-0.159793,0.464964,1.000000,0.374042,-0.022218,-0.024704
-0.198987,0.953228,0.374042,1.000000,-0.070924,0.160870
-0.344074,0.022528,-0.022218,-0.070924,1.000000,0.351606
-0.081973,0.172348,-0.024704,0.160870,0.351606,1.000000
