atmos_pressure, temp_mean, rh_mean, vapor_pressure_mean, wspd_arith_mean
1.000000,-0.489291,-0.047971,-0.452626,-0.233877
-0.489291,1.000000,-0.287135,0.791439,0.276691
-0.047971,-0.287135,1.000000,0.289120,-0.246114
-0.452626,0.791439,0.289120,1.000000,0.147928
-0.233877,0.276691,-0.246114,0.147928,1.000000
