atmos_pressure, temp_mean, rh_mean, vapor_pressure_mean, wspd_arith_mean, tbrg_precip_total_corr
1.000000,-0.998103,0.815709,-0.544860,-0.465752,nan
-0.998103,1.000000,-0.796536,0.572369,0.497806,nan
0.815709,-0.796536,1.000000,0.039485,0.127553,nan
-0.544860,0.572369,0.039485,1.000000,0.994302,nan
-0.465752,0.497806,0.127553,0.994302,1.000000,nan
nan,nan,nan,nan,nan,nan
