atmos_pressure, temp_mean, rh_mean, vapor_pressure_mean, wspd_arith_mean, tbrg_precip_total_corr
1.000000,-0.246116,0.039587,-0.373498,-0.204756,-0.104504
-0.246116,1.000000,-0.796665,0.339450,0.186543,0.017184
0.039587,-0.796665,1.000000,0.238749,-0.303069,0.027787
-0.373498,0.339450,0.238749,1.000000,-0.085690,0.049589
-0.204756,0.186543,-0.303069,-0.085690,1.000000,-0.110772
-0.104504,0.017184,0.027787,0.049589,-0.110772,1.000000
