atmos_pressure, temp_mean, rh_mean, vapor_pressure_mean, wspd_arith_mean, tbrg_precip_total_corr
1.000000,-0.219644,-0.021811,-0.254963,-0.576283,-0.143090
-0.219644,1.000000,-0.487823,0.743517,0.056518,0.098733
-0.021811,-0.487823,1.000000,0.181185,-0.331159,0.075634
-0.254963,0.743517,0.181185,1.000000,-0.135197,0.176563
-0.576283,0.056518,-0.331159,-0.135197,1.000000,0.004326
-0.143090,0.098733,0.075634,0.176563,0.004326,1.000000
