atmos_pressure, temp_mean, rh_mean, vapor_pressure_mean, wspd_arith_mean, tbrg_precip_total_corr
1.000000,0.001836,-0.186989,-0.014581,-0.296601,-0.127539
0.001836,1.000000,-0.340261,0.976342,-0.009898,0.162552
-0.186989,-0.340261,1.000000,-0.184109,-0.147671,-0.060997
-0.014581,0.976342,-0.184109,1.000000,-0.015329,0.153890
-0.296601,-0.009898,-0.147671,-0.015329,1.000000,0.408004
-0.127539,0.162552,-0.060997,0.153890,0.408004,1.000000
