atmos_pressure, temp_mean, rh_mean, vapor_pressure_mean, wspd_arith_mean, tbrg_precip_total_corr
1.000000,-0.480131,-0.590070,-0.619788,-0.282443,0.122306
-0.480131,1.000000,0.150506,0.927113,0.204690,-0.132816
-0.590070,0.150506,1.000000,0.491370,0.088108,-0.415721
-0.619788,0.927113,0.491370,1.000000,0.196699,-0.259326
-0.282443,0.204690,0.088108,0.196699,1.000000,-0.096655
0.122306,-0.132816,-0.415721,-0.259326,-0.096655,1.000000
