atmos_pressure, temp_mean, rh_mean, vapor_pressure_mean, wspd_arith_mean
1.000000,-0.509385,0.081720,-0.387927,-0.341276
-0.509385,1.000000,-0.301741,0.795545,0.077822
0.081720,-0.301741,1.000000,0.257639,-0.362069
-0.387927,0.795545,0.257639,1.000000,-0.134610
-0.341276,0.077822,-0.362069,-0.134610,1.000000
