atmos_pressure, temp_mean, rh_mean, vapor_pressure_mean, wspd_arith_mean
1.000000,-0.461682,0.012078,-0.387111,-0.343884
-0.461682,1.000000,-0.283862,0.804481,0.186665
0.012078,-0.283862,1.000000,0.257684,-0.359387
-0.387111,0.804481,0.257684,1.000000,-0.030640
-0.343884,0.186665,-0.359387,-0.030640,1.000000
