atmos_pressure, temp_mean, rh_mean, vapor_pressure_mean, wspd_arith_mean
1.000000,-0.862778,0.501923,-0.770299,-0.193081
-0.862778,1.000000,-0.633351,0.901788,0.099577
0.501923,-0.633351,1.000000,-0.253421,-0.207372
-0.770299,0.901788,-0.253421,1.000000,-0.017884
-0.193081,0.099577,-0.207372,-0.017884,1.000000
