atmos_pressure, temp_mean, rh_mean, vapor_pressure_mean, wspd_arith_mean, tbrg_precip_total_corr
1.000000,-0.197544,0.042390,-0.201957,-0.154966,-0.070530
-0.197544,1.000000,-0.513976,0.882928,0.091426,0.130155
0.042390,-0.513976,1.000000,-0.094928,-0.223126,-0.078670
-0.201957,0.882928,-0.094928,1.000000,0.000043,0.108464
-0.154966,0.091426,-0.223126,0.000043,1.000000,0.070246
-0.070530,0.130155,-0.078670,0.108464,0.070246,1.000000
