atmos_pressure, temp_mean, rh_mean, vapor_pressure_mean, wspd_arith_mean, tbrg_precip_total_corr
1.000000,-0.273634,-0.017361,-0.229383,-0.149313,0.003626
-0.273634,1.000000,-0.278062,0.971564,-0.167254,0.190053
-0.017361,-0.278062,1.000000,-0.122674,-0.017628,-0.048342
-0.229383,0.971564,-0.122674,1.000000,-0.211148,0.177081
-0.149313,-0.167254,-0.017628,-0.211148,1.000000,0.107422
0.003626,0.190053,-0.048342,0.177081,0.107422,1.000000
