atmos_pressure, temp_mean, rh_mean, vapor_pressure_mean, wspd_arith_mean, tbrg_precip_total_corr
1.000000,0.024765,-0.011964,0.038223,-0.298487,0.113542
0.024765,1.000000,-0.490259,0.686323,0.058324,0.014233
-0.011964,-0.490259,1.000000,0.275045,-0.192596,-0.071105
0.038223,0.686323,0.275045,1.000000,-0.096168,-0.029062
-0.298487,0.058324,-0.192596,-0.096168,1.000000,-0.082445
0.113542,0.014233,-0.071105,-0.029062,-0.082445,1.000000
