atmos_pressure, temp_mean, rh_mean, vapor_pressure_mean, wspd_arith_mean, tbrg_precip_total_corr
1.000000,-0.483990,0.312270,-0.277751,-0.140599,-0.139705
-0.483990,1.000000,-0.303800,0.860086,-0.371927,0.212847
0.312270,-0.303800,1.000000,0.211644,-0.355427,-0.607102
-0.277751,0.860086,0.211644,1.000000,-0.579019,-0.119165
-0.140599,-0.371927,-0.355427,-0.579019,1.000000,0.215822
-0.139705,0.212847,-0.607102,-0.119165,0.215822,1.000000
