atmos_pressure, temp_mean, rh_mean, vapor_pressure_mean, wspd_arith_mean, tbrg_precip_total_corr
1.000000,-0.810697,0.023398,-0.781128,-0.653030,-0.163797
-0.810697,1.000000,-0.294920,0.976059,0.671920,0.306745
0.023398,-0.294920,1.000000,-0.120767,-0.207255,-0.232589
-0.781128,0.976059,-0.120767,1.000000,0.622894,0.279344
-0.653030,0.671920,-0.207255,0.622894,1.000000,0.311178
-0.163797,0.306745,-0.232589,0.279344,0.311178,1.000000
