atmos_pressure, temp_mean, rh_mean, vapor_pressure_mean, wspd_arith_mean, tbrg_precip_total_corr
1.000000,-0.545588,-0.150302,-0.615875,-0.137988,-0.146953
-0.545588,1.000000,-0.340336,0.876771,0.506951,0.349300
-0.150302,-0.340336,1.000000,0.135118,-0.482842,-0.068150
-0.615875,0.876771,0.135118,1.000000,0.354998,0.359769
-0.137988,0.506951,-0.482842,0.354998,1.000000,0.206855
-0.146953,0.349300,-0.068150,0.359769,0.206855,1.000000
