atmos_pressure, temp_mean, rh_mean, vapor_pressure_mean, wspd_arith_mean, tbrg_precip_total_corr
1.000000,0.626913,-0.669683,-0.324441,0.853564,nan
0.626913,1.000000,-0.891724,-0.125452,0.652596,nan
-0.669683,-0.891724,1.000000,0.559441,-0.764002,nan
-0.324441,-0.125452,0.559441,1.000000,-0.495131,nan
0.853564,0.652596,-0.764002,-0.495131,1.000000,nan
nan,nan,nan,nan,nan,nan
