atmos_pressure, temp_mean, rh_mean, vapor_pressure_mean, wspd_arith_mean, tbrg_precip_total_corr
1.000000,-0.385363,-0.432209,-0.496920,0.201169,0.247816
-0.385363,1.000000,0.269682,0.550613,-0.217163,0.152976
-0.432209,0.269682,1.000000,0.952084,-0.891356,0.107615
-0.496920,0.550613,0.952084,1.000000,-0.841465,0.139924
0.201169,-0.217163,-0.891356,-0.841465,1.000000,-0.096212
0.247816,0.152976,0.107615,0.139924,-0.096212,1.000000
