atmos_pressure, temp_mean, rh_mean, vapor_pressure_mean, wspd_arith_mean
1.000000,-0.435295,-0.099007,-0.400502,-0.286782
-0.435295,1.000000,-0.248106,0.797725,0.087441
-0.099007,-0.248106,1.000000,0.304351,-0.278782
-0.400502,0.797725,0.304351,1.000000,-0.070010
-0.286782,0.087441,-0.278782,-0.070010,1.000000
