atmos_pressure, temp_mean, rh_mean, vapor_pressure_mean, wspd_arith_mean, tbrg_precip_total_corr
1.000000,-0.032458,0.220184,0.078446,-0.268020,-0.084324
-0.032458,1.000000,-0.375857,0.929713,0.088205,0.101615
0.220184,-0.375857,1.000000,-0.080155,-0.178097,-0.036809
0.078446,0.929713,-0.080155,1.000000,0.022752,0.092351
-0.268020,0.088205,-0.178097,0.022752,1.000000,0.433165
-0.084324,0.101615,-0.036809,0.092351,0.433165,1.000000
