atmos_pressure, temp_mean, rh_mean, vapor_pressure_mean, wspd_arith_mean, tbrg_precip_total_corr
1.000000,-0.722976,-0.608893,-0.814689,-0.415785,0.074738
-0.722976,1.000000,0.181578,0.907033,0.685664,-0.056615
-0.608893,0.181578,1.000000,0.513293,-0.128297,-0.154315
-0.814689,0.907033,0.513293,1.000000,0.594276,-0.124986
-0.415785,0.685664,-0.128297,0.594276,1.000000,0.092353
0.074738,-0.056615,-0.154315,-0.124986,0.092353,1.000000
