atmos_pressure, temp_mean, rh_mean, vapor_pressure_mean, wspd_arith_mean
1.000000,0.062261,-0.250364,-0.599203,-0.193176
0.062261,1.000000,-0.959654,-0.227470,-0.177976
-0.250364,-0.959654,1.000000,0.471443,0.139819
-0.599203,-0.227470,0.471443,1.000000,0.165318
-0.193176,-0.177976,0.139819,0.165318,1.000000
