atmos_pressure, temp_mean, rh_mean, vapor_pressure_mean, wspd_arith_mean
1.000000,-0.539428,-0.217897,-0.626658,-0.187878
-0.539428,1.000000,-0.301734,0.702117,0.325713
-0.217897,-0.301734,1.000000,0.401001,-0.264116
-0.626658,0.702117,0.401001,1.000000,0.158307
-0.187878,0.325713,-0.264116,0.158307,1.000000
