atmos_pressure, temp_mean, rh_mean, vapor_pressure_mean, wspd_arith_mean, tbrg_precip_total_corr
1.000000,-0.761404,0.047152,-0.643495,-0.693939,0.100071
-0.761404,1.000000,0.066432,0.909717,0.703714,0.023765
0.047152,0.066432,1.000000,0.446161,-0.059753,-0.319774
-0.643495,0.909717,0.446161,1.000000,0.606641,-0.110043
-0.693939,0.703714,-0.059753,0.606641,1.000000,-0.196091
0.100071,0.023765,-0.319774,-0.110043,-0.196091,1.000000
