atmos_pressure, temp_mean, rh_mean, vapor_pressure_mean, wspd_arith_mean, tbrg_precip_total_corr
1.000000,0.308549,-0.035121,0.328913,-0.091122,0.049135
0.308549,1.000000,-0.331605,0.971311,-0.255000,0.174478
-0.035121,-0.331605,1.000000,-0.124589,-0.127022,-0.061439
0.328913,0.971311,-0.124589,1.000000,-0.293431,0.164095
-0.091122,-0.255000,-0.127022,-0.293431,1.000000,0.170140
0.049135,0.174478,-0.061439,0.164095,0.170140,1.000000
