atmos_pressure, temp_mean, rh_mean, vapor_pressure_mean, wspd_arith_mean, tbrg_precip_total_corr
1.000000,-0.406471,0.010351,-0.561244,-0.279374,0.054271
-0.406471,1.000000,-0.666364,0.565621,0.169887,-0.204478
0.010351,-0.666364,1.000000,0.188291,-0.162419,0.195209
-0.561244,0.565621,0.188291,1.000000,0.060522,-0.103689
-0.279374,0.169887,-0.162419,0.060522,1.000000,0.035083
0.054271,-0.204478,0.195209,-0.103689,0.035083,1.000000
