atmos_pressure, temp_mean, rh_mean, vapor_pressure_mean, wspd_arith_mean, tbrg_precip_total_corr
1.000000,-0.046464,-0.008289,0.001474,-0.237606,-0.027284
-0.046464,1.000000,-0.138218,0.972439,-0.010286,0.096535
-0.008289,-0.138218,1.000000,-0.001845,-0.098457,-0.009758
0.001474,0.972439,-0.001845,1.000000,-0.048513,0.089351
-0.237606,-0.010286,-0.098457,-0.048513,1.000000,0.213151
-0.027284,0.096535,-0.009758,0.089351,0.213151,1.000000
