atmos_pressure, temp_mean, rh_mean, vapor_pressure_mean, wspd_arith_mean
1.000000,0.012229,-0.360075,-0.780729,0.257778
0.012229,1.000000,-0.905781,0.046416,0.790164
-0.360075,-0.905781,1.000000,0.373061,-0.855098
-0.780729,0.046416,0.373061,1.000000,-0.303041
0.257778,0.790164,-0.855098,-0.303041,1.000000
