atmos_pressure, temp_mean, rh_mean, vapor_pressure_mean, wspd_arith_mean, tbrg_precip_total_corr
1.000000,-0.860212,0.720464,-0.763948,0.158671,nan
-0.860212,1.000000,-0.730184,0.935566,-0.219497,nan
0.720464,-0.730184,1.000000,-0.442139,-0.361788,nan
-0.763948,0.935566,-0.442139,1.000000,-0.478413,nan
0.158671,-0.219497,-0.361788,-0.478413,1.000000,nan
nan,nan,nan,nan,nan,nan
