atmos_pressure, temp_mean, rh_mean, vapor_pressure_mean, wspd_arith_mean, tbrg_precip_total_corr
1.000000,-0.474266,-0.770819,-0.753313,-0.366318,0.132376
-0.474266,1.000000,0.031921,0.839703,0.760026,-0.103530
-0.770819,0.031921,1.000000,0.535465,-0.040178,-0.144210
-0.753313,0.839703,0.535465,1.000000,0.632442,-0.151299
-0.366318,0.760026,-0.040178,0.632442,1.000000,0.067232
0.132376,-0.103530,-0.144210,-0.151299,0.067232,1.000000
