atmos_pressure, temp_mean, rh_mean, vapor_pressure_mean, wspd_arith_mean, tbrg_precip_total_corr
1.000000,0.707539,0.016830,0.797667,-0.869291,nan
0.707539,1.000000,-0.689374,0.152575,-0.482556,nan
0.016830,-0.689374,1.000000,0.610695,-0.256565,nan
0.797667,0.152575,0.610695,1.000000,-0.873736,nan
-0.869291,-0.482556,-0.256565,-0.873736,1.000000,nan
nan,nan,nan,nan,nan,nan
