atmos_pressure, temp_mean, rh_mean, vapor_pressure_mean, wspd_arith_mean, tbrg_precip_total_corr
1.000000,-0.287939,-0.021568,-0.244179,-0.079473,-0.060334
-0.287939,1.000000,-0.273880,0.971121,-0.005942,0.172295
-0.021568,-0.273880,1.000000,-0.123622,-0.097424,-0.083211
-0.244179,0.971121,-0.123622,1.000000,-0.062070,0.158990
-0.079473,-0.005942,-0.097424,-0.062070,1.000000,0.202918
-0.060334,0.172295,-0.083211,0.158990,0.202918,1.000000
