atmos_pressure, temp_mean, rh_mean, vapor_pressure_mean, wspd_arith_mean, tbrg_precip_total_corr
1.000000,-0.582699,-0.027514,-0.690354,-0.519077,0.081277
-0.582699,1.000000,-0.543757,0.845150,0.783220,-0.086295
-0.027514,-0.543757,1.000000,-0.035192,-0.549358,0.053481
-0.690354,0.845150,-0.035192,1.000000,0.600368,-0.039391
-0.519077,0.783220,-0.549358,0.600368,1.000000,0.050585
0.081277,-0.086295,0.053481,-0.039391,0.050585,1.000000
