atmos_pressure, temp_mean, rh_mean, vapor_pressure_mean, wspd_arith_mean, tbrg_precip_total_corr
1.000000,-0.421925,-0.022931,-0.457928,-0.281042,-0.102391
-0.421925,1.000000,-0.354376,0.871302,0.297320,0.117631
-0.022931,-0.354376,1.000000,0.112101,-0.216669,0.034599
-0.457928,0.871302,0.112101,1.000000,0.158215,0.140967
-0.281042,0.297320,-0.216669,0.158215,1.000000,-0.047268
-0.102391,0.117631,0.034599,0.140967,-0.047268,1.000000
