atmos_pressure, temp_mean, rh_mean, vapor_pressure_mean, wspd_arith_mean, tbrg_precip_total_corr
1.000000,-0.539882,0.229278,-0.421585,-0.094660,-0.095794
-0.539882,1.000000,-0.248893,0.922018,-0.271764,0.144395
0.229278,-0.248893,1.000000,0.125629,-0.424175,-0.553343
-0.421585,0.922018,0.125629,1.000000,-0.426622,-0.084613
-0.094660,-0.271764,-0.424175,-0.426622,1.000000,0.218606
-0.095794,0.144395,-0.553343,-0.084613,0.218606,1.000000
