atmos_pressure, temp_mean, rh_mean, vapor_pressure_mean, wspd_arith_mean
1.000000,-0.604243,-0.055261,-0.637851,-0.073279
-0.604243,1.000000,-0.449338,0.733973,0.014268
-0.055261,-0.449338,1.000000,0.207458,-0.156741
-0.637851,0.733973,0.207458,1.000000,-0.092436
-0.073279,0.014268,-0.156741,-0.092436,1.000000
