atmos_pressure, temp_mean, rh_mean, vapor_pressure_mean, wspd_arith_mean
1.000000,-0.405661,-0.056716,-0.474286,-0.338505
-0.405661,1.000000,-0.460889,0.709194,0.087244
-0.056716,-0.460889,1.000000,0.231689,-0.026076
-0.474286,0.709194,0.231689,1.000000,0.119295
-0.338505,0.087244,-0.026076,0.119295,1.000000
