atmos_pressure, temp_mean, rh_mean, vapor_pressure_mean, wspd_arith_mean, tbrg_precip_total_corr
1.000000,-0.107587,0.114179,-0.090403,-0.305308,-0.067076
-0.107587,1.000000,-0.479282,0.917568,0.013553,0.044907
0.114179,-0.479282,1.000000,-0.129941,-0.125411,-0.040188
-0.090403,0.917568,-0.129941,1.000000,-0.037786,0.000156
-0.305308,0.013553,-0.125411,-0.037786,1.000000,0.148365
-0.067076,0.044907,-0.040188,0.000156,0.148365,1.000000
