atmos_pressure, temp_mean, rh_mean, vapor_pressure_mean, wspd_arith_mean
1.000000,-0.391037,-0.264645,-0.551368,-0.428222
-0.391037,1.000000,-0.439849,0.706408,0.263265
-0.264645,-0.439849,1.000000,0.262115,0.006410
-0.551368,0.706408,0.262115,1.000000,0.267412
-0.428222,0.263265,0.006410,0.267412,1.000000
