atmos_pressure, temp_mean, rh_mean, vapor_pressure_mean, wspd_arith_mean, tbrg_precip_total_corr
1.000000,-0.281951,-0.690715,-0.712445,0.411157,-0.163856
-0.281951,1.000000,-0.153899,0.729825,-0.059087,-0.076392
-0.690715,-0.153899,1.000000,0.562314,-0.798121,0.095192
-0.712445,0.729825,0.562314,1.000000,-0.597738,-0.000648
0.411157,-0.059087,-0.798121,-0.597738,1.000000,-0.084206
-0.163856,-0.076392,0.095192,-0.000648,-0.084206,1.000000
