atmos_pressure, temp_mean, rh_mean, vapor_pressure_mean, wspd_arith_mean
1.000000,-0.692024,0.094576,-0.675268,-0.338065
-0.692024,1.000000,-0.532627,0.644219,0.339780
0.094576,-0.532627,1.000000,0.198692,-0.237223
-0.675268,0.644219,0.198692,1.000000,0.223259
-0.338065,0.339780,-0.237223,0.223259,1.000000
