atmos_pressure, temp_mean, rh_mean, vapor_pressure_mean, wspd_arith_mean, tbrg_precip_total_corr
1.000000,-0.595116,0.122043,-0.552947,-0.486317,0.206857
-0.595116,1.000000,-0.452119,0.945536,0.347556,-0.092891
0.122043,-0.452119,1.000000,-0.156547,-0.251798,-0.046475
-0.552947,0.945536,-0.156547,1.000000,0.242441,-0.085815
-0.486317,0.347556,-0.251798,0.242441,1.000000,-0.180749
0.206857,-0.092891,-0.046475,-0.085815,-0.180749,1.000000
