atmos_pressure, temp_mean, rh_mean, vapor_pressure_mean, wspd_arith_mean
1.000000,-0.455958,-0.105044,-0.413332,-0.263646
-0.455958,1.000000,-0.269547,0.854239,0.114757
-0.105044,-0.269547,1.000000,0.187834,-0.176871
-0.413332,0.854239,0.187834,1.000000,0.018291
-0.263646,0.114757,-0.176871,0.018291,1.000000
