atmos_pressure, temp_mean, rh_mean, vapor_pressure_mean, wspd_arith_mean, tbrg_precip_total_corr
1.000000,-0.701861,0.027720,-0.537239,-0.660122,-0.082617
-0.701861,1.000000,0.002857,0.791010,0.496067,0.098671
0.027720,0.002857,1.000000,0.582776,-0.078073,-0.165257
-0.537239,0.791010,0.582776,1.000000,0.343520,-0.013342
-0.660122,0.496067,-0.078073,0.343520,1.000000,-0.082386
-0.082617,0.098671,-0.165257,-0.013342,-0.082386,1.000000
