atmos_pressure, temp_mean, rh_mean, vapor_pressure_mean, wspd_arith_mean
1.000000,-0.386106,-0.130004,-0.363927,-0.343042
-0.386106,1.000000,-0.228547,0.815530,0.083043
-0.130004,-0.228547,1.000000,0.293438,-0.120664
-0.363927,0.815530,0.293438,1.000000,0.019121
-0.343042,0.083043,-0.120664,0.019121,1.000000
