atmos_pressure, temp_mean, rh_mean, vapor_pressure_mean, wspd_arith_mean, tbrg_precip_total_corr
1.000000,0.047543,-0.280685,0.016873,-0.208276,0.034752
0.047543,1.000000,-0.137129,0.965566,-0.384048,0.126938
-0.280685,-0.137129,1.000000,0.103270,-0.094793,-0.332919
0.016873,0.965566,0.103270,1.000000,-0.411925,0.043345
-0.208276,-0.384048,-0.094793,-0.411925,1.000000,0.131427
0.034752,0.126938,-0.332919,0.043345,0.131427,1.000000
