atmos_pressure, temp_mean, rh_mean, vapor_pressure_mean, wspd_arith_mean, tbrg_precip_total_corr
1.000000,-0.562145,0.760020,0.058364,-0.452403,nan
-0.562145,1.000000,-0.937370,0.728729,-0.120934,nan
0.760020,-0.937370,1.000000,-0.445124,0.007271,nan
0.058364,0.728729,-0.445124,1.000000,-0.309790,nan
-0.452403,-0.120934,0.007271,-0.309790,1.000000,nan
nan,nan,nan,nan,nan,nan
