atmos_pressure, temp_mean, rh_mean, vapor_pressure_mean, wspd_arith_mean, tbrg_precip_total_corr
1.000000,-0.340778,-0.552446,-0.509803,-0.180758,0.041221
-0.340778,1.000000,0.057073,0.858766,0.031265,0.275871
-0.552446,0.057073,1.000000,0.519472,-0.207076,-0.359979
-0.509803,0.858766,0.519472,1.000000,-0.095651,-0.045295
-0.180758,0.031265,-0.207076,-0.095651,1.000000,0.019681
0.041221,0.275871,-0.359979,-0.045295,0.019681,1.000000
