atmos_pressure, temp_mean, rh_mean, vapor_pressure_mean, wspd_arith_mean, tbrg_precip_total_corr
1.000000,-0.822148,-0.718585,-0.791181,-0.469558,0.022245
-0.822148,1.000000,0.681749,0.973976,0.456088,0.091820
-0.718585,0.681749,1.000000,0.709946,0.485552,-0.227236
-0.791181,0.973976,0.709946,1.000000,0.358090,-0.037953
-0.469558,0.456088,0.485552,0.358090,1.000000,0.069115
0.022245,0.091820,-0.227236,-0.037953,0.069115,1.000000
