atmos_pressure, temp_mean, rh_mean, vapor_pressure_mean, wspd_arith_mean, tbrg_precip_total_corr
1.000000,-0.103404,-0.251600,-0.194086,-0.363845,0.024543
-0.103404,1.000000,-0.167162,0.837245,0.017488,0.143987
-0.251600,-0.167162,1.000000,0.339402,-0.166681,-0.145669
-0.194086,0.837245,0.339402,1.000000,-0.088620,0.053888
-0.363845,0.017488,-0.166681,-0.088620,1.000000,-0.026559
0.024543,0.143987,-0.145669,0.053888,-0.026559,1.000000
