atmos_pressure, temp_mean, rh_mean, vapor_pressure_mean, wspd_arith_mean
1.000000,-0.454662,-0.135328,-0.436711,-0.270347
-0.454662,1.000000,-0.217768,0.750621,0.251155
-0.135328,-0.217768,1.000000,0.410623,-0.069137
-0.436711,0.750621,0.410623,1.000000,0.203596
-0.270347,0.251155,-0.069137,0.203596,1.000000
