atmos_pressure, temp_mean, rh_mean, vapor_pressure_mean, wspd_arith_mean, tbrg_precip_total_corr
1.000000,-0.642112,-0.033183,-0.585982,-0.088934,-0.056794
-0.642112,1.000000,0.270339,0.943608,-0.167492,0.094422
-0.033183,0.270339,1.000000,0.546672,-0.244044,-0.197367
-0.585982,0.943608,0.546672,1.000000,-0.245843,-0.014041
-0.088934,-0.167492,-0.244044,-0.245843,1.000000,0.415553
-0.056794,0.094422,-0.197367,-0.014041,0.415553,1.000000
