atmos_pressure, temp_mean, rh_mean, vapor_pressure_mean, wspd_arith_mean
1.000000,-0.898210,0.755048,-0.823214,0.691902
-0.898210,1.000000,-0.874427,0.898257,-0.618284
0.755048,-0.874427,1.000000,-0.574590,0.416105
-0.823214,0.898257,-0.574590,1.000000,-0.636776
0.691902,-0.618284,0.416105,-0.636776,1.000000
