atmos_pressure, temp_mean, rh_mean, vapor_pressure_mean, wspd_arith_mean, tbrg_precip_total_corr
1.000000,-0.581191,0.211658,-0.457370,-0.322586,-0.172928
-0.581191,1.000000,-0.612350,0.521224,0.182124,0.082978
0.211658,-0.612350,1.000000,0.297569,-0.251527,0.033480
-0.457370,0.521224,0.297569,1.000000,0.088989,0.170757
-0.322586,0.182124,-0.251527,0.088989,1.000000,-0.018350
-0.172928,0.082978,0.033480,0.170757,-0.018350,1.000000
