atmos_pressure, temp_mean, rh_mean, vapor_pressure_mean, wspd_arith_mean, tbrg_precip_total_corr
1.000000,0.218715,0.064757,0.320327,-0.113048,0.088490
0.218715,1.000000,-0.502104,0.749945,0.250175,0.176758
0.064757,-0.502104,1.000000,0.171476,-0.282188,-0.053393
0.320327,0.749945,0.171476,1.000000,0.105358,0.159994
-0.113048,0.250175,-0.282188,0.105358,1.000000,0.080503
0.088490,0.176758,-0.053393,0.159994,0.080503,1.000000
