atmos_pressure, temp_mean, rh_mean, vapor_pressure_mean, wspd_arith_mean, tbrg_precip_total_corr
1.000000,-0.794322,0.460358,-0.412495,-0.395733,nan
-0.794322,1.000000,-0.643401,0.447043,0.234210,nan
0.460358,-0.643401,1.000000,0.397016,0.295360,nan
-0.412495,0.447043,0.397016,1.000000,0.629402,nan
-0.395733,0.234210,0.295360,0.629402,1.000000,nan
nan,nan,nan,nan,nan,nan
