atmos_pressure, temp_mean, rh_mean, vapor_pressure_mean, wspd_arith_mean, tbrg_precip_total_corr
1.000000,-0.227750,0.132840,-0.187234,-0.366739,-0.136763
-0.227750,1.000000,-0.366037,0.899509,0.148345,0.107496
0.132840,-0.366037,1.000000,0.037366,-0.150191,-0.022394
-0.187234,0.899509,0.037366,1.000000,0.099713,0.099925
-0.366739,0.148345,-0.150191,0.099713,1.000000,0.392057
-0.136763,0.107496,-0.022394,0.099925,0.392057,1.000000
