atmos_pressure, temp_mean, rh_mean, vapor_pressure_mean, wspd_arith_mean
1.000000,-0.559643,-0.029048,-0.541151,-0.234030
-0.559643,1.000000,-0.421834,0.664587,0.447328
-0.029048,-0.421834,1.000000,0.328749,-0.309304
-0.541151,0.664587,0.328749,1.000000,0.277619
-0.234030,0.447328,-0.309304,0.277619,1.000000
