atmos_pressure, temp_mean, rh_mean, vapor_pressure_mean, wspd_arith_mean
1.000000,-0.539179,0.000277,-0.479507,-0.401916
-0.539179,1.000000,-0.328464,0.791993,0.304237
0.000277,-0.328464,1.000000,0.234399,-0.389164
-0.479507,0.791993,0.234399,1.000000,0.088963
-0.401916,0.304237,-0.389164,0.088963,1.000000
