atmos_pressure, temp_mean, rh_mean, vapor_pressure_mean, wspd_arith_mean, tbrg_precip_total_corr
1.000000,-0.695846,-0.189667,-0.753380,-0.545330,-0.090431
-0.695846,1.000000,-0.134331,0.927724,0.828369,0.100120
-0.189667,-0.134331,1.000000,0.199716,-0.272684,0.074762
-0.753380,0.927724,0.199716,1.000000,0.760992,0.098993
-0.545330,0.828369,-0.272684,0.760992,1.000000,-0.040410
-0.090431,0.100120,0.074762,0.098993,-0.040410,1.000000
