atmos_pressure, temp_mean, rh_mean, vapor_pressure_mean, wspd_arith_mean
1.000000,-0.557248,0.047323,-0.489628,-0.323495
-0.557248,1.000000,-0.387314,0.821689,0.229961
0.047323,-0.387314,1.000000,0.147731,-0.357375
-0.489628,0.821689,0.147731,1.000000,0.041930
-0.323495,0.229961,-0.357375,0.041930,1.000000
