atmos_pressure, temp_mean, rh_mean, vapor_pressure_mean, wspd_arith_mean
1.000000,-0.803666,0.409589,-0.764065,-0.705839
-0.803666,1.000000,-0.693316,0.900782,0.894270
0.409589,-0.693316,1.000000,-0.323566,-0.485919
-0.764065,0.900782,-0.323566,1.000000,0.909232
-0.705839,0.894270,-0.485919,0.909232,1.000000
