atmos_pressure, temp_mean, rh_mean, vapor_pressure_mean, wspd_arith_mean
1.000000,-0.637001,0.473448,-0.136964,-0.336609
-0.637001,1.000000,-0.896446,-0.015324,0.502390
0.473448,-0.896446,1.000000,0.439830,-0.350363
-0.136964,-0.015324,0.439830,1.000000,0.237045
-0.336609,0.502390,-0.350363,0.237045,1.000000
