atmos_pressure, temp_mean, rh_mean, vapor_pressure_mean, wspd_arith_mean
1.000000,-0.331450,0.031562,-0.337415,-0.300513
-0.331450,1.000000,-0.482577,0.803463,0.225694
0.031562,-0.482577,1.000000,0.092845,-0.313333
-0.337415,0.803463,0.092845,1.000000,0.055465
-0.300513,0.225694,-0.313333,0.055465,1.000000
