atmos_pressure, temp_mean, rh_mean, vapor_pressure_mean, wspd_arith_mean
1.000000,0.427593,-0.384015,0.470130,0.696358
0.427593,1.000000,-0.986055,0.505108,0.604503
-0.384015,-0.986055,1.000000,-0.386924,-0.605236
0.470130,0.505108,-0.386924,1.000000,0.391822
0.696358,0.604503,-0.605236,0.391822,1.000000
