atmos_pressure, temp_mean, rh_mean, vapor_pressure_mean, wspd_arith_mean, tbrg_precip_total_corr
1.000000,-0.695417,-0.550466,-0.723076,-0.002070,0.087448
-0.695417,1.000000,0.392290,0.877644,0.173226,0.007993
-0.550466,0.392290,1.000000,0.718606,0.007035,-0.147841
-0.723076,0.877644,0.718606,1.000000,0.083159,-0.076347
-0.002070,0.173226,0.007035,0.083159,1.000000,-0.042638
0.087448,0.007993,-0.147841,-0.076347,-0.042638,1.000000
