atmos_pressure, temp_mean, rh_mean, vapor_pressure_mean, wspd_arith_mean, tbrg_precip_total_corr
1.000000,-0.708214,-0.213215,-0.715686,-0.364069,-0.169164
-0.708214,1.000000,0.076762,0.932768,0.431144,0.211838
-0.213215,0.076762,1.000000,0.374735,-0.264176,-0.041362
-0.715686,0.932768,0.374735,1.000000,0.312877,0.226189
-0.364069,0.431144,-0.264176,0.312877,1.000000,-0.044267
-0.169164,0.211838,-0.041362,0.226189,-0.044267,1.000000
