atmos_pressure, temp_mean, rh_mean, vapor_pressure_mean, wspd_arith_mean, tbrg_precip_total_corr
1.000000,-0.164753,0.110703,-0.160802,-0.299474,-0.156707
-0.164753,1.000000,-0.432353,0.953647,0.109910,0.119735
0.110703,-0.432353,1.000000,-0.174781,-0.253069,-0.030955
-0.160802,0.953647,-0.174781,1.000000,0.030115,0.124695
-0.299474,0.109910,-0.253069,0.030115,1.000000,0.148814
-0.156707,0.119735,-0.030955,0.124695,0.148814,1.000000
