atmos_pressure, temp_mean, rh_mean, vapor_pressure_mean, wspd_arith_mean, tbrg_precip_total_corr
1.000000,-0.456727,0.524231,-0.467784,-0.031916,nan
-0.456727,1.000000,-0.992887,0.975092,-0.033927,nan
0.524231,-0.992887,1.000000,-0.954562,0.007998,nan
-0.467784,0.975092,-0.954562,1.000000,-0.131601,nan
-0.031916,-0.033927,0.007998,-0.131601,1.000000,nan
nan,nan,nan,nan,nan,nan
