atmos_pressure, temp_mean, rh_mean, vapor_pressure_mean, wspd_arith_mean, tbrg_precip_total_corr
1.000000,-0.314126,-0.275515,-0.345692,-0.112588,-0.144469
-0.314126,1.000000,-0.210862,0.985893,-0.218312,0.340781
-0.275515,-0.210862,1.000000,-0.101876,-0.079273,-0.087333
-0.345692,0.985893,-0.101876,1.000000,-0.240531,0.354148
-0.112588,-0.218312,-0.079273,-0.240531,1.000000,-0.040918
-0.144469,0.340781,-0.087333,0.354148,-0.040918,1.000000
