atmos_pressure, temp_mean, rh_mean, vapor_pressure_mean, wspd_arith_mean
1.000000,-0.728474,0.154285,-0.677287,-0.300834
-0.728474,1.000000,-0.579809,0.591791,0.372286
0.154285,-0.579809,1.000000,0.215801,-0.303562
-0.677287,0.591791,0.215801,1.000000,0.214883
-0.300834,0.372286,-0.303562,0.214883,1.000000
