atmos_pressure, temp_mean, rh_mean, vapor_pressure_mean, wspd_arith_mean, tbrg_precip_total_corr
1.000000,-0.556466,0.338597,-0.317811,0.415793,-0.594802
-0.556466,1.000000,-0.829761,0.374328,0.129376,0.848684
0.338597,-0.829761,1.000000,0.191544,-0.508934,-0.846239
-0.317811,0.374328,0.191544,1.000000,-0.540372,-0.014743
0.415793,0.129376,-0.508934,-0.540372,1.000000,0.171931
-0.594802,0.848684,-0.846239,-0.014743,0.171931,1.000000
