atmos_pressure, temp_mean, rh_mean, vapor_pressure_mean, wspd_arith_mean, tbrg_precip_total_corr
1.000000,-0.549483,-0.192377,-0.689244,-0.670708,0.078484
-0.549483,1.000000,-0.344568,0.716448,0.818631,-0.020838
-0.192377,-0.344568,1.000000,0.398680,-0.214348,-0.107523
-0.689244,0.716448,0.398680,1.000000,0.664936,-0.099266
-0.670708,0.818631,-0.214348,0.664936,1.000000,-0.044954
0.078484,-0.020838,-0.107523,-0.099266,-0.044954,1.000000
