atmos_pressure, temp_mean, rh_mean, vapor_pressure_mean, wspd_arith_mean, tbrg_precip_total_corr
1.000000,-0.224165,-0.103645,-0.313299,-0.364875,-0.208292
-0.224165,1.000000,-0.488113,0.692589,0.123768,0.082296
-0.103645,-0.488113,1.000000,0.255311,-0.370018,0.099821
-0.313299,0.692589,0.255311,1.000000,-0.098169,0.174783
-0.364875,0.123768,-0.370018,-0.098169,1.000000,0.040237
-0.208292,0.082296,0.099821,0.174783,0.040237,1.000000
