atmos_pressure, temp_mean, rh_mean, vapor_pressure_mean, wspd_arith_mean
1.000000,-0.515221,-0.033975,-0.451863,-0.267279
-0.515221,1.000000,-0.320492,0.702051,0.456254
-0.033975,-0.320492,1.000000,0.379583,-0.233612
-0.451863,0.702051,0.379583,1.000000,0.297573
-0.267279,0.456254,-0.233612,0.297573,1.000000
