atmos_pressure, temp_mean, rh_mean, vapor_pressure_mean, wspd_arith_mean, tbrg_precip_total_corr
1.000000,-0.852279,-0.023237,-0.858121,-0.366230,-0.141199
-0.852279,1.000000,-0.208833,0.974907,0.422906,0.228941
-0.023237,-0.208833,1.000000,-0.067207,-0.327249,-0.088094
-0.858121,0.974907,-0.067207,1.000000,0.372680,0.237475
-0.366230,0.422906,-0.327249,0.372680,1.000000,0.404037
-0.141199,0.228941,-0.088094,0.237475,0.404037,1.000000
