atmos_pressure, temp_mean, rh_mean, vapor_pressure_mean, wspd_arith_mean, tbrg_precip_total_corr
1.000000,-0.536092,-0.241630,-0.792820,0.194707,0.107020
-0.536092,1.000000,-0.528550,0.777998,-0.115175,-0.061570
-0.241630,-0.528550,1.000000,0.057341,-0.061140,-0.104677
-0.792820,0.777998,0.057341,1.000000,-0.184993,-0.111642
0.194707,-0.115175,-0.061140,-0.184993,1.000000,-0.013135
0.107020,-0.061570,-0.104677,-0.111642,-0.013135,1.000000
