atmos_pressure, temp_mean, rh_mean, vapor_pressure_mean, wspd_arith_mean, tbrg_precip_total_corr
1.000000,-0.127927,0.108928,-0.039402,-0.312474,-0.074170
-0.127927,1.000000,-0.152838,0.946728,0.058930,0.204769
0.108928,-0.152838,1.000000,0.082491,-0.240911,-0.165387
-0.039402,0.946728,0.082491,1.000000,-0.025280,0.175919
-0.312474,0.058930,-0.240911,-0.025280,1.000000,0.328295
-0.074170,0.204769,-0.165387,0.175919,0.328295,1.000000
