atmos_pressure, temp_mean, rh_mean, vapor_pressure_mean, wspd_arith_mean, tbrg_precip_total_corr
1.000000,0.540323,0.228797,0.615758,-0.243588,0.139391
0.540323,1.000000,-0.121589,0.891426,-0.085216,0.246799
0.228797,-0.121589,1.000000,0.312212,-0.260383,-0.111816
0.615758,0.891426,0.312212,1.000000,-0.178880,0.189383
-0.243588,-0.085216,-0.260383,-0.178880,1.000000,0.240963
0.139391,0.246799,-0.111816,0.189383,0.240963,1.000000
