atmos_pressure, temp_mean, rh_mean, vapor_pressure_mean, wspd_arith_mean
1.000000,-0.682794,0.636183,0.725967,-0.792645
-0.682794,1.000000,-0.989799,-0.942825,0.750676
0.636183,-0.989799,1.000000,0.949961,-0.741744
0.725967,-0.942825,0.949961,1.000000,-0.780744
-0.792645,0.750676,-0.741744,-0.780744,1.000000
