atmos_pressure, temp_mean, rh_mean, vapor_pressure_mean, wspd_arith_mean, tbrg_precip_total_corr
1.000000,0.523454,-0.413222,0.600762,0.554071,nan
0.523454,1.000000,-0.979825,0.528353,0.734200,nan
-0.413222,-0.979825,1.000000,-0.369440,-0.758440,nan
0.600762,0.528353,-0.369440,1.000000,0.256286,nan
0.554071,0.734200,-0.758440,0.256286,1.000000,nan
nan,nan,nan,nan,nan,nan
