atmos_pressure, temp_mean, rh_mean, vapor_pressure_mean, wspd_arith_mean
1.000000,0.033343,-0.199762,-0.471141,-0.719882
0.033343,1.000000,-0.967726,-0.640497,-0.209393
-0.199762,-0.967726,1.000000,0.804852,0.327414
-0.471141,-0.640497,0.804852,1.000000,0.509016
-0.719882,-0.209393,0.327414,0.509016,1.000000
