atmos_pressure, temp_mean, rh_mean, vapor_pressure_mean, wspd_arith_mean
1.000000,-0.708627,0.272885,-0.744006,-0.643799
-0.708627,1.000000,-0.750495,0.901532,0.694950
0.272885,-0.750495,1.000000,-0.410499,-0.488966
-0.744006,0.901532,-0.410499,1.000000,0.678461
-0.643799,0.694950,-0.488966,0.678461,1.000000
