atmos_pressure, temp_mean, rh_mean, vapor_pressure_mean, wspd_arith_mean, tbrg_precip_total_corr
1.000000,-0.504422,0.238546,-0.391090,-0.569537,-0.129638
-0.504422,1.000000,-0.460280,0.859670,0.238172,0.136758
0.238546,-0.460280,1.000000,0.012694,-0.371400,-0.007179
-0.391090,0.859670,0.012694,1.000000,0.031353,0.156532
-0.569537,0.238172,-0.371400,0.031353,1.000000,-0.034314
-0.129638,0.136758,-0.007179,0.156532,-0.034314,1.000000
