atmos_pressure, temp_mean, rh_mean, vapor_pressure_mean, wspd_arith_mean
1.000000,-0.925904,0.481316,-0.789158,0.384650
-0.925904,1.000000,-0.736447,0.627792,-0.334680
0.481316,-0.736447,1.000000,0.054761,0.058282
-0.789158,0.627792,0.054761,1.000000,-0.420940
0.384650,-0.334680,0.058282,-0.420940,1.000000
