atmos_pressure, temp_mean, rh_mean, vapor_pressure_mean, wspd_arith_mean, tbrg_precip_total_corr
1.000000,0.814744,-0.771450,0.799899,0.530895,nan
0.814744,1.000000,-0.987393,0.779448,0.758305,nan
-0.771450,-0.987393,1.000000,-0.671482,-0.734943,nan
0.799899,0.779448,-0.671482,1.000000,0.648339,nan
0.530895,0.758305,-0.734943,0.648339,1.000000,nan
nan,nan,nan,nan,nan,nan
