atmos_pressure, temp_mean, rh_mean, vapor_pressure_mean, wspd_arith_mean, tbrg_precip_total_corr
1.000000,-0.282226,0.056694,-0.217998,-0.205106,-0.002347
-0.282226,1.000000,-0.204817,0.975611,-0.033072,0.232240
0.056694,-0.204817,1.000000,-0.082305,-0.102528,0.010068
-0.217998,0.975611,-0.082305,1.000000,-0.067729,0.245363
-0.205106,-0.033072,-0.102528,-0.067729,1.000000,0.323120
-0.002347,0.232240,0.010068,0.245363,0.323120,1.000000
