atmos_pressure, temp_mean, rh_mean, vapor_pressure_mean, wspd_arith_mean
1.000000,-0.650293,0.036520,-0.889564,0.027438
-0.650293,1.000000,-0.718548,0.833886,0.335025
0.036520,-0.718548,1.000000,-0.216109,-0.602059
-0.889564,0.833886,-0.216109,1.000000,-0.007359
0.027438,0.335025,-0.602059,-0.007359,1.000000
