atmos_pressure, temp_mean, rh_mean, vapor_pressure_mean, wspd_arith_mean
1.000000,-0.476896,0.009024,-0.493614,-0.300489
-0.476896,1.000000,-0.445661,0.690668,0.147266
0.009024,-0.445661,1.000000,0.270063,-0.138797
-0.493614,0.690668,0.270063,1.000000,0.092216
-0.300489,0.147266,-0.138797,0.092216,1.000000
