atmos_pressure, temp_mean, rh_mean, vapor_pressure_mean, wspd_arith_mean
1.000000,-0.724953,0.182581,-0.670598,-0.298333
-0.724953,1.000000,-0.589318,0.606354,0.333083
0.182581,-0.589318,1.000000,0.189713,-0.268467
-0.670598,0.606354,0.189713,1.000000,0.185351
-0.298333,0.333083,-0.268467,0.185351,1.000000
