atmos_pressure, temp_mean, rh_mean, vapor_pressure_mean, wspd_arith_mean
1.000000,-0.644057,-0.021244,-0.657500,-0.022436
-0.644057,1.000000,-0.460904,0.725876,0.082915
-0.021244,-0.460904,1.000000,0.203222,-0.236857
-0.657500,0.725876,0.203222,1.000000,-0.074027
-0.022436,0.082915,-0.236857,-0.074027,1.000000
