atmos_pressure, temp_mean, rh_mean, vapor_pressure_mean, wspd_arith_mean
1.000000,-0.535892,0.036305,-0.466931,-0.275501
-0.535892,1.000000,-0.379740,0.841369,0.188002
0.036305,-0.379740,1.000000,0.112447,-0.268481
-0.466931,0.841369,0.112447,1.000000,0.057297
-0.275501,0.188002,-0.268481,0.057297,1.000000
