atmos_pressure, temp_mean, rh_mean, vapor_pressure_mean, wspd_arith_mean
1.000000,-0.592022,0.244670,-0.558008,-0.369225
-0.592022,1.000000,-0.657386,0.677148,0.332737
0.244670,-0.657386,1.000000,0.057711,-0.244938
-0.558008,0.677148,0.057711,1.000000,0.229967
-0.369225,0.332737,-0.244938,0.229967,1.000000
