atmos_pressure, temp_mean, rh_mean, vapor_pressure_mean, wspd_arith_mean, tbrg_precip_total_corr
1.000000,0.474561,0.108402,0.527315,-0.334060,0.019112
0.474561,1.000000,-0.211516,0.954073,-0.349689,0.128775
0.108402,-0.211516,1.000000,0.064958,-0.165070,-0.182819
0.527315,0.954073,0.064958,1.000000,-0.387422,0.082483
-0.334060,-0.349689,-0.165070,-0.387422,1.000000,0.277630
0.019112,0.128775,-0.182819,0.082483,0.277630,1.000000
