atmos_pressure, temp_mean, rh_mean, vapor_pressure_mean, wspd_arith_mean
1.000000,-0.308339,-0.024424,-0.332412,-0.278412
-0.308339,1.000000,-0.458498,0.784684,0.192016
-0.024424,-0.458498,1.000000,0.151657,-0.206853
-0.332412,0.784684,0.151657,1.000000,0.055144
-0.278412,0.192016,-0.206853,0.055144,1.000000
