atmos_pressure, temp_mean, rh_mean, vapor_pressure_mean, wspd_arith_mean, tbrg_precip_total_corr
1.000000,-0.796417,0.316215,-0.827757,-0.327246,-0.123810
-0.796417,1.000000,-0.669326,0.853196,0.314817,0.152928
0.316215,-0.669326,1.000000,-0.239512,-0.347390,-0.162866
-0.827757,0.853196,-0.239512,1.000000,0.236647,0.087442
-0.327246,0.314817,-0.347390,0.236647,1.000000,0.106086
-0.123810,0.152928,-0.162866,0.087442,0.106086,1.000000
