atmos_pressure, temp_mean, rh_mean, vapor_pressure_mean, wspd_arith_mean, tbrg_precip_total_corr
1.000000,-0.300592,-0.341394,-0.358019,-0.127070,-0.151849
-0.300592,1.000000,0.089771,0.956937,-0.053829,0.390367
-0.341394,0.089771,1.000000,0.337672,0.170009,-0.022056
-0.358019,0.956937,0.337672,1.000000,-0.016872,0.376202
-0.127070,-0.053829,0.170009,-0.016872,1.000000,0.226969
-0.151849,0.390367,-0.022056,0.376202,0.226969,1.000000
