atmos_pressure, temp_mean, rh_mean, vapor_pressure_mean, wspd_arith_mean
1.000000,-0.557771,-0.061755,-0.561031,-0.244627
-0.557771,1.000000,-0.402679,0.676047,0.385343
-0.061755,-0.402679,1.000000,0.337722,-0.244281
-0.561031,0.676047,0.337722,1.000000,0.245881
-0.244627,0.385343,-0.244281,0.245881,1.000000
