atmos_pressure, temp_mean, rh_mean, vapor_pressure_mean, wspd_arith_mean, tbrg_precip_total_corr
1.000000,0.455566,-0.572470,-0.168773,0.310325,0.083619
0.455566,1.000000,-0.971963,0.559256,0.129359,-0.033273
-0.572470,-0.971963,1.000000,-0.349466,-0.244674,0.011896
-0.168773,0.559256,-0.349466,1.000000,-0.343192,-0.084280
0.310325,0.129359,-0.244674,-0.343192,1.000000,0.010071
0.083619,-0.033273,0.011896,-0.084280,0.010071,1.000000
