atmos_pressure, temp_mean, rh_mean, vapor_pressure_mean, wspd_arith_mean
1.000000,-0.348216,0.339815,-0.337003,0.089132
-0.348216,1.000000,-0.974572,0.903443,-0.406485
0.339815,-0.974572,1.000000,-0.788964,0.430686
-0.337003,0.903443,-0.788964,1.000000,-0.287366
0.089132,-0.406485,0.430686,-0.287366,1.000000
