atmos_pressure, temp_mean, rh_mean, vapor_pressure_mean, wspd_arith_mean, tbrg_precip_total_corr
1.000000,-0.742749,-0.516601,-0.760813,-0.584509,0.053163
-0.742749,1.000000,0.453316,0.948892,0.802675,-0.045121
-0.516601,0.453316,1.000000,0.664740,0.142408,-0.009194
-0.760813,0.948892,0.664740,1.000000,0.722780,-0.068186
-0.584509,0.802675,0.142408,0.722780,1.000000,-0.085531
0.053163,-0.045121,-0.009194,-0.068186,-0.085531,1.000000
