atmos_pressure, temp_mean, rh_mean, vapor_pressure_mean, wspd_arith_mean
1.000000,-0.612566,0.082859,-0.614091,-0.355041
-0.612566,1.000000,-0.602077,0.561484,0.464453
0.082859,-0.602077,1.000000,0.271227,-0.331926
-0.614091,0.561484,0.271227,1.000000,0.224535
-0.355041,0.464453,-0.331926,0.224535,1.000000
