atmos_pressure, temp_mean, rh_mean, vapor_pressure_mean, wspd_arith_mean
1.000000,-0.460478,-0.002044,-0.399777,-0.345203
-0.460478,1.000000,-0.349812,0.776087,0.161650
-0.002044,-0.349812,1.000000,0.248904,-0.209735
-0.399777,0.776087,0.248904,1.000000,0.030699
-0.345203,0.161650,-0.209735,0.030699,1.000000
