atmos_pressure, temp_mean, rh_mean, vapor_pressure_mean, wspd_arith_mean, tbrg_precip_total_corr
1.000000,-0.124264,0.138708,-0.072216,-0.078006,-0.012847
-0.124264,1.000000,-0.390705,0.944997,0.201880,0.147428
0.138708,-0.390705,1.000000,-0.104624,-0.238005,-0.277406
-0.072216,0.944997,-0.104624,1.000000,0.123779,0.065556
-0.078006,0.201880,-0.238005,0.123779,1.000000,0.274766
-0.012847,0.147428,-0.277406,0.065556,0.274766,1.000000
