atmos_pressure, temp_mean, rh_mean, vapor_pressure_mean, wspd_arith_mean, tbrg_precip_total_corr
1.000000,-0.750339,0.188385,-0.655590,-0.443815,-0.080752
-0.750339,1.000000,-0.453899,0.852757,0.644777,0.020846
0.188385,-0.453899,1.000000,0.051226,-0.380324,-0.149399
-0.655590,0.852757,0.051226,1.000000,0.500051,-0.084958
-0.443815,0.644777,-0.380324,0.500051,1.000000,-0.136980
-0.080752,0.020846,-0.149399,-0.084958,-0.136980,1.000000
