atmos_pressure, temp_mean, rh_mean, vapor_pressure_mean, wspd_arith_mean, tbrg_precip_total_corr
1.000000,-0.793687,0.047498,-0.744739,-0.607965,-0.166599
-0.793687,1.000000,-0.255045,0.975221,0.483197,0.319165
0.047498,-0.255045,1.000000,-0.079474,-0.148210,-0.049967
-0.744739,0.975221,-0.079474,1.000000,0.428739,0.345255
-0.607965,0.483197,-0.148210,0.428739,1.000000,0.100225
-0.166599,0.319165,-0.049967,0.345255,0.100225,1.000000
