atmos_pressure, temp_mean, rh_mean, vapor_pressure_mean, wspd_arith_mean, tbrg_precip_total_corr
1.000000,-0.844555,-0.094171,-0.814526,0.444378,-0.153718
-0.844555,1.000000,-0.040592,0.907101,-0.548184,0.098991
-0.094171,-0.040592,1.000000,0.364518,-0.158666,-0.221396
-0.814526,0.907101,0.364518,1.000000,-0.532006,-0.021403
0.444378,-0.548184,-0.158666,-0.532006,1.000000,-0.008522
-0.153718,0.098991,-0.221396,-0.021403,-0.008522,1.000000
