atmos_pressure, temp_mean, rh_mean, vapor_pressure_mean, wspd_arith_mean, tbrg_precip_total_corr
1.000000,-0.735841,0.006213,-0.606543,-0.658465,-0.084604
-0.735841,1.000000,-0.000366,0.823587,0.629516,0.109346
0.006213,-0.000366,1.000000,0.553025,-0.067408,-0.125373
-0.606543,0.823587,0.553025,1.000000,0.526008,0.020337
-0.658465,0.629516,-0.067408,0.526008,1.000000,-0.000427
-0.084604,0.109346,-0.125373,0.020337,-0.000427,1.000000
