atmos_pressure, temp_mean, rh_mean, vapor_pressure_mean, wspd_arith_mean, tbrg_precip_total_corr
1.000000,-0.367427,-0.120084,-0.322425,-0.252627,-0.187482
-0.367427,1.000000,-0.053976,0.973950,0.075478,0.202728
-0.120084,-0.053976,1.000000,0.103130,-0.085020,0.052710
-0.322425,0.973950,0.103130,1.000000,0.024718,0.203499
-0.252627,0.075478,-0.085020,0.024718,1.000000,0.228328
-0.187482,0.202728,0.052710,0.203499,0.228328,1.000000
