atmos_pressure, temp_mean, rh_mean, vapor_pressure_mean, wspd_arith_mean, tbrg_precip_total_corr
1.000000,-0.668685,-0.209859,-0.859359,-0.284523,-0.252780
-0.668685,1.000000,-0.417964,0.620933,0.635110,0.226385
-0.209859,-0.417964,1.000000,0.435836,-0.498473,0.073848
-0.859359,0.620933,0.435836,1.000000,0.216407,0.316321
-0.284523,0.635110,-0.498473,0.216407,1.000000,0.117570
-0.252780,0.226385,0.073848,0.316321,0.117570,1.000000
