atmos_pressure, temp_mean, rh_mean, vapor_pressure_mean, wspd_arith_mean
1.000000,-0.100910,-0.151914,-0.644352,0.218645
-0.100910,1.000000,-0.943730,-0.091515,0.553885
-0.151914,-0.943730,1.000000,0.390494,-0.624586
-0.644352,-0.091515,0.390494,1.000000,-0.343501
0.218645,0.553885,-0.624586,-0.343501,1.000000
