atmos_pressure, temp_mean, rh_mean, vapor_pressure_mean, wspd_arith_mean
1.000000,-0.793047,0.369399,-0.175105,-0.079371
-0.793047,1.000000,-0.641262,-0.016403,-0.247113
0.369399,-0.641262,1.000000,0.777069,0.262488
-0.175105,-0.016403,0.777069,1.000000,0.148155
-0.079371,-0.247113,0.262488,0.148155,1.000000
