atmos_pressure, temp_mean, rh_mean, vapor_pressure_mean, wspd_arith_mean, tbrg_precip_total_corr
1.000000,0.480718,0.115726,0.531558,-0.297365,0.005357
0.480718,1.000000,-0.228954,0.953890,-0.288478,0.119983
0.115726,-0.228954,1.000000,0.041738,-0.202495,-0.121314
0.531558,0.953890,0.041738,1.000000,-0.347896,0.087812
-0.297365,-0.288478,-0.202495,-0.347896,1.000000,0.164713
0.005357,0.119983,-0.121314,0.087812,0.164713,1.000000
