atmos_pressure, temp_mean, rh_mean, vapor_pressure_mean, wspd_arith_mean, tbrg_precip_total_corr
1.000000,0.193991,-0.056070,0.220449,-0.125618,-0.010786
0.193991,1.000000,-0.607986,0.677267,0.360908,0.127696
-0.056070,-0.607986,1.000000,0.145443,-0.223584,-0.079880
0.220449,0.677267,0.145443,1.000000,0.250349,0.097295
-0.125618,0.360908,-0.223584,0.250349,1.000000,0.062130
-0.010786,0.127696,-0.079880,0.097295,0.062130,1.000000
