atmos_pressure, temp_mean, rh_mean, vapor_pressure_mean, wspd_arith_mean, tbrg_precip_total_corr
1.000000,-0.832147,-0.601800,-0.757337,-0.091015,-0.186609
-0.832147,1.000000,0.577052,0.963830,0.254159,0.262844
-0.601800,0.577052,1.000000,0.567088,0.090508,0.063965
-0.757337,0.963830,0.567088,1.000000,0.246558,0.299399
-0.091015,0.254159,0.090508,0.246558,1.000000,0.021812
-0.186609,0.262844,0.063965,0.299399,0.021812,1.000000
