atmos_pressure, temp_mean, rh_mean, vapor_pressure_mean, wspd_arith_mean, tbrg_precip_total_corr
1.000000,-0.306896,-0.239253,-0.544769,-0.387464,-0.272519
-0.306896,1.000000,-0.394007,0.531315,0.123600,0.069760
-0.239253,-0.394007,1.000000,0.534561,-0.154392,0.077918
-0.544769,0.531315,0.534561,1.000000,0.024858,0.144141
-0.387464,0.123600,-0.154392,0.024858,1.000000,0.033760
-0.272519,0.069760,0.077918,0.144141,0.033760,1.000000
