atmos_pressure, temp_mean, rh_mean, vapor_pressure_mean, wspd_arith_mean
1.000000,-0.705145,0.101825,-0.895366,0.230295
-0.705145,1.000000,-0.731486,0.914250,-0.121314
0.101825,-0.731486,1.000000,-0.393194,0.058034
-0.895366,0.914250,-0.393194,1.000000,-0.134800
0.230295,-0.121314,0.058034,-0.134800,1.000000
