atmos_pressure, temp_mean, rh_mean, vapor_pressure_mean, wspd_arith_mean, tbrg_precip_total_corr
1.000000,0.065168,-0.086982,-0.075619,-0.756320,-0.115996
0.065168,1.000000,-0.988259,-0.947371,-0.262657,-0.461097
-0.086982,-0.988259,1.000000,0.984825,0.294948,0.419213
-0.075619,-0.947371,0.984825,1.000000,0.289114,0.348478
-0.756320,-0.262657,0.294948,0.289114,1.000000,0.476189
-0.115996,-0.461097,0.419213,0.348478,0.476189,1.000000
