atmos_pressure, temp_mean, rh_mean, vapor_pressure_mean, wspd_arith_mean
1.000000,-0.696693,0.148231,-0.675995,-0.252406
-0.696693,1.000000,-0.577851,0.651148,0.291053
0.148231,-0.577851,1.000000,0.147160,-0.255062
-0.675995,0.651148,0.147160,1.000000,0.161345
-0.252406,0.291053,-0.255062,0.161345,1.000000
