atmos_pressure, temp_mean, rh_mean, vapor_pressure_mean, wspd_arith_mean
1.000000,-0.492042,-0.126497,-0.454575,-0.230966
-0.492042,1.000000,-0.142248,0.802779,0.213593
-0.126497,-0.142248,1.000000,0.404001,-0.091634
-0.454575,0.802779,0.404001,1.000000,0.158889
-0.230966,0.213593,-0.091634,0.158889,1.000000
