atmos_pressure, temp_mean, rh_mean, vapor_pressure_mean, wspd_arith_mean
1.000000,-0.256956,0.217282,0.221514,0.882730
-0.256956,1.000000,-0.949099,-0.336014,-0.380635
0.217282,-0.949099,1.000000,0.573582,0.322710
0.221514,-0.336014,0.573582,1.000000,0.186220
0.882730,-0.380635,0.322710,0.186220,1.000000
