atmos_pressure, temp_mean, rh_mean, vapor_pressure_mean, wspd_arith_mean, tbrg_precip_total_corr
1.000000,0.089609,-0.376832,-0.260937,-0.416909,-0.085828
0.089609,1.000000,-0.530159,0.597039,0.197720,0.215763
-0.376832,-0.530159,1.000000,0.339455,0.207245,0.028942
-0.260937,0.597039,0.339455,1.000000,0.431448,0.318162
-0.416909,0.197720,0.207245,0.431448,1.000000,0.169331
-0.085828,0.215763,0.028942,0.318162,0.169331,1.000000
