atmos_pressure, temp_mean, rh_mean, vapor_pressure_mean, wspd_arith_mean
1.000000,-0.452813,0.017247,-0.481825,-0.305372
-0.452813,1.000000,-0.504844,0.671795,0.136016
0.017247,-0.504844,1.000000,0.229756,-0.154032
-0.481825,0.671795,0.229756,1.000000,0.077475
-0.305372,0.136016,-0.154032,0.077475,1.000000
