atmos_pressure, temp_mean, rh_mean, vapor_pressure_mean, wspd_arith_mean
1.000000,-0.452532,-0.204147,-0.567990,-0.376554
-0.452532,1.000000,-0.406034,0.736328,0.268874
-0.204147,-0.406034,1.000000,0.261790,-0.053079
-0.567990,0.736328,0.261790,1.000000,0.240392
-0.376554,0.268874,-0.053079,0.240392,1.000000
