atmos_pressure, temp_mean, rh_mean, vapor_pressure_mean, wspd_arith_mean
1.000000,-0.627081,0.640487,0.307599,-0.716463
-0.627081,1.000000,-0.962966,-0.105017,0.680805
0.640487,-0.962966,1.000000,0.351756,-0.777778
0.307599,-0.105017,0.351756,1.000000,-0.549926
-0.716463,0.680805,-0.777778,-0.549926,1.000000
