atmos_pressure, temp_mean, rh_mean, vapor_pressure_mean, wspd_arith_mean, tbrg_precip_total_corr
1.000000,-0.776758,-0.348576,-0.811033,0.154263,0.024109
-0.776758,1.000000,0.218215,0.974435,-0.149407,0.161662
-0.348576,0.218215,1.000000,0.401953,-0.325147,0.029693
-0.811033,0.974435,0.401953,1.000000,-0.152069,0.156698
0.154263,-0.149407,-0.325147,-0.152069,1.000000,0.106615
0.024109,0.161662,0.029693,0.156698,0.106615,1.000000
