atmos_pressure, temp_mean, rh_mean, vapor_pressure_mean, wspd_arith_mean, tbrg_precip_total_corr
1.000000,0.206795,-0.058658,0.294662,-0.469241,-0.156332
0.206795,1.000000,-0.068322,0.965371,-0.049370,0.004523
-0.058658,-0.068322,1.000000,0.150532,-0.291322,-0.080998
0.294662,0.965371,0.150532,1.000000,-0.154127,-0.041818
-0.469241,-0.049370,-0.291322,-0.154127,1.000000,0.056788
-0.156332,0.004523,-0.080998,-0.041818,0.056788,1.000000
