atmos_pressure, temp_mean, rh_mean, vapor_pressure_mean, wspd_arith_mean, tbrg_precip_total_corr
1.000000,-0.110206,0.028277,-0.058185,-0.033447,-0.111710
-0.110206,1.000000,-0.212158,0.967537,-0.004947,0.180322
0.028277,-0.212158,1.000000,-0.030778,-0.042163,0.005645
-0.058185,0.967537,-0.030778,1.000000,-0.056548,0.170578
-0.033447,-0.004947,-0.042163,-0.056548,1.000000,0.156294
-0.111710,0.180322,0.005645,0.170578,0.156294,1.000000
