atmos_pressure, temp_mean, rh_mean, vapor_pressure_mean, wspd_arith_mean, tbrg_precip_total_corr
1.000000,-0.419381,0.302430,-0.310717,-0.263367,-0.155069
-0.419381,1.000000,-0.452478,0.872466,0.169614,0.184150
0.302430,-0.452478,1.000000,-0.024530,-0.258756,-0.163535
-0.310717,0.872466,-0.024530,1.000000,0.091874,0.145781
-0.263367,0.169614,-0.258756,0.091874,1.000000,0.195449
-0.155069,0.184150,-0.163535,0.145781,0.195449,1.000000
