atmos_pressure, temp_mean, rh_mean, vapor_pressure_mean, wspd_arith_mean, tbrg_precip_total_corr
1.000000,-0.638513,-0.063718,-0.616809,-0.603968,-0.037868
-0.638513,1.000000,-0.271460,0.970272,0.517830,0.162181
-0.063718,-0.271460,1.000000,-0.069493,-0.012348,-0.144065
-0.616809,0.970272,-0.069493,1.000000,0.481472,0.137866
-0.603968,0.517830,-0.012348,0.481472,1.000000,0.163412
-0.037868,0.162181,-0.144065,0.137866,0.163412,1.000000
