atmos_pressure, temp_mean, rh_mean, vapor_pressure_mean, wspd_arith_mean, tbrg_precip_total_corr
1.000000,1.000000,-1.000000,1.000000,1.000000,nan
1.000000,1.000000,-1.000000,1.000000,1.000000,nan
-1.000000,-1.000000,1.000000,-1.000000,-1.000000,nan
1.000000,1.000000,-1.000000,1.000000,1.000000,nan
1.000000,1.000000,-1.000000,1.000000,1.000000,nan
nan,nan,nan,nan,nan,nan
