atmos_pressure, temp_mean, rh_mean, vapor_pressure_mean, wspd_arith_mean
1.000000,-0.718333,0.452452,0.107049,-0.126389
-0.718333,1.000000,-0.800241,-0.413153,-0.182739
0.452452,-0.800241,1.000000,0.875982,0.162193
0.107049,-0.413153,0.875982,1.000000,0.097056
-0.126389,-0.182739,0.162193,0.097056,1.000000
