atmos_pressure, temp_mean, rh_mean, vapor_pressure_mean, wspd_arith_mean
1.000000,-0.506239,0.043955,-0.451435,-0.263148
-0.506239,1.000000,-0.457058,0.815351,0.175641
0.043955,-0.457058,1.000000,0.071444,-0.282096
-0.451435,0.815351,0.071444,1.000000,0.032148
-0.263148,0.175641,-0.282096,0.032148,1.000000
