atmos_pressure, temp_mean, rh_mean, vapor_pressure_mean, wspd_arith_mean, tbrg_precip_total_corr
1.000000,-0.080240,-0.038786,-0.100071,-0.529715,0.012348
-0.080240,1.000000,-0.465004,0.717520,0.011937,0.122635
-0.038786,-0.465004,1.000000,0.229861,-0.301000,0.058047
-0.100071,0.717520,0.229861,1.000000,-0.189283,0.198940
-0.529715,0.011937,-0.301000,-0.189283,1.000000,-0.036546
0.012348,0.122635,0.058047,0.198940,-0.036546,1.000000
