atmos_pressure, temp_mean, rh_mean, vapor_pressure_mean, wspd_arith_mean, tbrg_precip_total_corr
1.000000,-0.342890,0.035552,-0.288569,-0.282007,-0.077391
-0.342890,1.000000,-0.220667,0.971845,-0.208682,0.214935
0.035552,-0.220667,1.000000,-0.078733,-0.030197,-0.015629
-0.288569,0.971845,-0.078733,1.000000,-0.212762,0.238937
-0.282007,-0.208682,-0.030197,-0.212762,1.000000,0.139127
-0.077391,0.214935,-0.015629,0.238937,0.139127,1.000000
