atmos_pressure, temp_mean, rh_mean, vapor_pressure_mean, wspd_arith_mean, tbrg_precip_total_corr
1.000000,0.084653,0.198399,0.222777,-0.336874,-0.160677
0.084653,1.000000,-0.639966,0.873157,-0.026591,-0.029929
0.198399,-0.639966,1.000000,-0.213153,-0.172214,-0.016289
0.222777,0.873157,-0.213153,1.000000,-0.134987,-0.053676
-0.336874,-0.026591,-0.172214,-0.134987,1.000000,0.354934
-0.160677,-0.029929,-0.016289,-0.053676,0.354934,1.000000
