atmos_pressure, temp_mean, rh_mean, vapor_pressure_mean, wspd_arith_mean
1.000000,-0.518551,0.108945,-0.548386,-0.273891
-0.518551,1.000000,-0.618608,0.668058,0.265118
0.108945,-0.618608,1.000000,0.122690,-0.192959
-0.548386,0.668058,0.122690,1.000000,0.175092
-0.273891,0.265118,-0.192959,0.175092,1.000000
