atmos_pressure, temp_mean, rh_mean, vapor_pressure_mean, wspd_arith_mean
1.000000,0.186784,-0.292803,-0.076081,0.753579
0.186784,1.000000,-0.962516,0.447097,0.047585
-0.292803,-0.962516,1.000000,-0.212875,-0.190152
-0.076081,0.447097,-0.212875,1.000000,-0.361483
0.753579,0.047585,-0.190152,-0.361483,1.000000
