atmos_pressure, temp_mean, rh_mean, vapor_pressure_mean, wspd_arith_mean
1.000000,-0.146882,0.061786,-0.210034,-0.637205
-0.146882,1.000000,-0.953075,0.359851,-0.294320
0.061786,-0.953075,1.000000,-0.069898,0.303362
-0.210034,0.359851,-0.069898,1.000000,-0.043057
-0.637205,-0.294320,0.303362,-0.043057,1.000000
