atmos_pressure, temp_mean, rh_mean, vapor_pressure_mean, wspd_arith_mean
1.000000,-0.458581,-0.153030,-0.554095,-0.375408
-0.458581,1.000000,-0.445965,0.744892,0.251507
-0.153030,-0.445965,1.000000,0.210933,-0.100811
-0.554095,0.744892,0.210933,1.000000,0.191349
-0.375408,0.251507,-0.100811,0.191349,1.000000
