atmos_pressure, temp_mean, rh_mean, vapor_pressure_mean, wspd_arith_mean
1.000000,-0.485189,0.098766,-0.470814,-0.335456
-0.485189,1.000000,-0.543569,0.635344,0.215997
0.098766,-0.543569,1.000000,0.229673,-0.249013
-0.470814,0.635344,0.229673,1.000000,0.088808
-0.335456,0.215997,-0.249013,0.088808,1.000000
