atmos_pressure, temp_mean, rh_mean, vapor_pressure_mean, wspd_arith_mean
1.000000,-0.524846,0.095021,-0.454160,-0.230521
-0.524846,1.000000,-0.478586,0.797018,0.174022
0.095021,-0.478586,1.000000,0.084869,-0.349843
-0.454160,0.797018,0.084869,1.000000,-0.010587
-0.230521,0.174022,-0.349843,-0.010587,1.000000
