atmos_pressure, temp_mean, rh_mean, vapor_pressure_mean, wspd_arith_mean, tbrg_precip_total_corr
1.000000,-0.313906,-0.976002,-0.957392,0.894038,nan
-0.313906,1.000000,0.255175,0.489897,-0.306555,nan
-0.976002,0.255175,1.000000,0.967725,-0.943905,nan
-0.957392,0.489897,0.967725,1.000000,-0.933897,nan
0.894038,-0.306555,-0.943905,-0.933897,1.000000,nan
nan,nan,nan,nan,nan,nan
