atmos_pressure, temp_mean, rh_mean, vapor_pressure_mean, wspd_arith_mean
1.000000,-0.700810,0.161939,-0.667186,-0.209678
-0.700810,1.000000,-0.593192,0.612771,0.284776
0.161939,-0.593192,1.000000,0.179778,-0.310649
-0.667186,0.612771,0.179778,1.000000,0.097546
-0.209678,0.284776,-0.310649,0.097546,1.000000
