atmos_pressure, temp_mean, rh_mean, vapor_pressure_mean, wspd_arith_mean
1.000000,-0.453657,0.006156,-0.403725,-0.263579
-0.453657,1.000000,-0.406223,0.736008,0.143388
0.006156,-0.406223,1.000000,0.247362,-0.284211
-0.403725,0.736008,0.247362,1.000000,-0.018474
-0.263579,0.143388,-0.284211,-0.018474,1.000000
