atmos_pressure, temp_mean, rh_mean, vapor_pressure_mean, wspd_arith_mean, tbrg_precip_total_corr
1.000000,-0.613533,-0.252538,-0.699303,-0.352176,-0.115739
-0.613533,1.000000,-0.313280,0.882097,-0.249635,0.334987
-0.252538,-0.313280,1.000000,0.058436,0.320776,-0.349476
-0.699303,0.882097,0.058436,1.000000,-0.130669,0.137540
-0.352176,-0.249635,0.320776,-0.130669,1.000000,-0.151327
-0.115739,0.334987,-0.349476,0.137540,-0.151327,1.000000
