atmos_pressure, temp_mean, rh_mean, vapor_pressure_mean, wspd_arith_mean
1.000000,-0.699044,0.523638,-0.715229,-0.729127
-0.699044,1.000000,-0.919265,0.961798,0.915463
0.523638,-0.919265,1.000000,-0.781036,-0.830150
-0.715229,0.961798,-0.781036,1.000000,0.884655
-0.729127,0.915463,-0.830150,0.884655,1.000000
