atmos_pressure, temp_mean, rh_mean, vapor_pressure_mean, wspd_arith_mean, tbrg_precip_total_corr
1.000000,-0.049284,-0.235398,-0.306852,-0.221487,-0.117641
-0.049284,1.000000,-0.619002,0.695254,0.295815,-0.019799
-0.235398,-0.619002,1.000000,0.092403,-0.481402,0.097929
-0.306852,0.695254,0.092403,1.000000,0.017489,0.082452
-0.221487,0.295815,-0.481402,0.017489,1.000000,0.021547
-0.117641,-0.019799,0.097929,0.082452,0.021547,1.000000
