atmos_pressure, temp_mean, rh_mean, vapor_pressure_mean, wspd_arith_mean
1.000000,-0.948107,0.533340,-0.839843,0.543099
-0.948107,1.000000,-0.700110,0.782945,-0.452157
0.533340,-0.700110,1.000000,-0.114782,-0.047047
-0.839843,0.782945,-0.114782,1.000000,-0.645659
0.543099,-0.452157,-0.047047,-0.645659,1.000000
