atmos_pressure, temp_mean, rh_mean, vapor_pressure_mean, wspd_arith_mean, tbrg_precip_total_corr
1.000000,-0.413957,-0.000501,-0.352940,-0.320645,-0.109684
-0.413957,1.000000,-0.168555,0.963720,0.040078,0.167722
-0.000501,-0.168555,1.000000,0.012056,0.024094,0.036687
-0.352940,0.963720,0.012056,1.000000,0.013700,0.174340
-0.320645,0.040078,0.024094,0.013700,1.000000,0.296132
-0.109684,0.167722,0.036687,0.174340,0.296132,1.000000
