atmos_pressure, temp_mean, rh_mean, vapor_pressure_mean, wspd_arith_mean
1.000000,-0.511372,-0.077416,-0.457001,-0.224479
-0.511372,1.000000,-0.175450,0.790001,0.254039
-0.077416,-0.175450,1.000000,0.395726,-0.182250
-0.457001,0.790001,0.395726,1.000000,0.155234
-0.224479,0.254039,-0.182250,0.155234,1.000000
