atmos_pressure, temp_mean, rh_mean, vapor_pressure_mean, wspd_arith_mean, tbrg_precip_total_corr
1.000000,-0.693423,-0.458553,-0.742160,-0.581384,-0.045998
-0.693423,1.000000,0.259913,0.948688,0.805045,0.021246
-0.458553,0.259913,1.000000,0.495498,0.198107,0.084120
-0.742160,0.948688,0.495498,1.000000,0.816277,-0.001011
-0.581384,0.805045,0.198107,0.816277,1.000000,-0.097255
-0.045998,0.021246,0.084120,-0.001011,-0.097255,1.000000
