atmos_pressure, temp_mean, rh_mean, vapor_pressure_mean, wspd_arith_mean, tbrg_precip_total_corr
1.000000,-0.840276,0.811893,-0.630007,-0.601141,nan
-0.840276,1.000000,-0.846375,0.864417,0.526353,nan
0.811893,-0.846375,1.000000,-0.464105,-0.659178,nan
-0.630007,0.864417,-0.464105,1.000000,0.259603,nan
-0.601141,0.526353,-0.659178,0.259603,1.000000,nan
nan,nan,nan,nan,nan,nan
