atmos_pressure, temp_mean, rh_mean, vapor_pressure_mean, wspd_arith_mean, tbrg_precip_total_corr
1.000000,-0.689102,0.011883,-0.800444,-0.219201,-0.167606
-0.689102,1.000000,-0.548565,0.685898,0.548735,0.189962
0.011883,-0.548565,1.000000,0.206818,-0.726987,-0.011807
-0.800444,0.685898,0.206818,1.000000,0.019911,0.244087
-0.219201,0.548735,-0.726987,0.019911,1.000000,0.110586
-0.167606,0.189962,-0.011807,0.244087,0.110586,1.000000
