atmos_pressure, temp_mean, rh_mean, vapor_pressure_mean, wspd_arith_mean, tbrg_precip_total_corr
1.000000,-0.197223,0.193467,-0.140012,-0.318017,-0.152607
-0.197223,1.000000,-0.279293,0.921866,-0.146619,0.122564
0.193467,-0.279293,1.000000,0.045645,-0.074209,0.019334
-0.140012,0.921866,0.045645,1.000000,-0.176328,0.136576
-0.318017,-0.146619,-0.074209,-0.176328,1.000000,0.350687
-0.152607,0.122564,0.019334,0.136576,0.350687,1.000000
