atmos_pressure, temp_mean, rh_mean, vapor_pressure_mean, wspd_arith_mean, tbrg_precip_total_corr
1.000000,-0.402547,0.368588,0.166176,-0.155293,nan
-0.402547,1.000000,-0.495816,0.040470,-0.312773,nan
0.368588,-0.495816,1.000000,0.847214,0.202576,nan
0.166176,0.040470,0.847214,1.000000,0.043050,nan
-0.155293,-0.312773,0.202576,0.043050,1.000000,nan
nan,nan,nan,nan,nan,nan
