atmos_pressure, temp_mean, rh_mean, vapor_pressure_mean, wspd_arith_mean
1.000000,-0.634454,-0.049951,-0.658498,0.025878
-0.634454,1.000000,-0.449412,0.736238,0.048291
-0.049951,-0.449412,1.000000,0.200319,-0.276273
-0.658498,0.736238,0.200319,1.000000,-0.143129
0.025878,0.048291,-0.276273,-0.143129,1.000000
