atmos_pressure, temp_mean, rh_mean, vapor_pressure_mean, wspd_arith_mean, tbrg_precip_total_corr
1.000000,-0.275059,0.058042,-0.208843,-0.271852,-0.000679
-0.275059,1.000000,-0.243862,0.972230,-0.119208,0.199329
0.058042,-0.243862,1.000000,-0.098271,-0.225542,-0.179783
-0.208843,0.972230,-0.098271,1.000000,-0.176228,0.194699
-0.271852,-0.119208,-0.225542,-0.176228,1.000000,0.149969
-0.000679,0.199329,-0.179783,0.194699,0.149969,1.000000
