atmos_pressure, temp_mean, rh_mean, vapor_pressure_mean, wspd_arith_mean
1.000000,-0.481796,0.089742,-0.405427,-0.346665
-0.481796,1.000000,-0.430839,0.763528,0.266554
0.089742,-0.430839,1.000000,0.178857,-0.392605
-0.405427,0.763528,0.178857,1.000000,0.040165
-0.346665,0.266554,-0.392605,0.040165,1.000000
