atmos_pressure, temp_mean, rh_mean, vapor_pressure_mean, wspd_arith_mean, tbrg_precip_total_corr
1.000000,0.869881,-0.835293,0.671159,0.714212,nan
0.869881,1.000000,-0.972892,0.654812,0.857068,nan
-0.835293,-0.972892,1.000000,-0.467039,-0.869140,nan
0.671159,0.654812,-0.467039,1.000000,0.421853,nan
0.714212,0.857068,-0.869140,0.421853,1.000000,nan
nan,nan,nan,nan,nan,nan
