atmos_pressure, temp_mean, rh_mean, vapor_pressure_mean, wspd_arith_mean, tbrg_precip_total_corr
1.000000,-0.721439,-0.097532,-0.685996,-0.473337,-0.101982
-0.721439,1.000000,-0.095628,0.978332,0.393994,0.311455
-0.097532,-0.095628,1.000000,0.077088,-0.222286,-0.128814
-0.685996,0.978332,0.077088,1.000000,0.338099,0.311330
-0.473337,0.393994,-0.222286,0.338099,1.000000,0.200174
-0.101982,0.311455,-0.128814,0.311330,0.200174,1.000000
