atmos_pressure, temp_mean, rh_mean, vapor_pressure_mean, wspd_arith_mean, tbrg_precip_total_corr
1.000000,0.306559,0.075192,0.452455,-0.133113,0.115404
0.306559,1.000000,-0.475400,0.755596,0.096294,0.085269
0.075192,-0.475400,1.000000,0.191168,-0.187894,-0.033753
0.452455,0.755596,0.191168,1.000000,-0.049229,0.056817
-0.133113,0.096294,-0.187894,-0.049229,1.000000,0.123451
0.115404,0.085269,-0.033753,0.056817,0.123451,1.000000
