atmos_pressure, temp_mean, rh_mean, vapor_pressure_mean, wspd_arith_mean
1.000000,-0.062336,-0.193635,-0.678898,0.283843
-0.062336,1.000000,-0.946064,-0.122239,0.541164
-0.193635,-0.946064,1.000000,0.420196,-0.646583
-0.678898,-0.122239,0.420196,1.000000,-0.521837
0.283843,0.541164,-0.646583,-0.521837,1.000000
