atmos_pressure, temp_mean, rh_mean, vapor_pressure_mean, wspd_arith_mean
1.000000,-0.443906,-0.033805,-0.401517,-0.323381
-0.443906,1.000000,-0.354572,0.775923,0.124471
-0.033805,-0.354572,1.000000,0.241784,-0.240526
-0.401517,0.775923,0.241784,1.000000,-0.018611
-0.323381,0.124471,-0.240526,-0.018611,1.000000
