atmos_pressure, temp_mean, rh_mean, vapor_pressure_mean, wspd_arith_mean, tbrg_precip_total_corr
1.000000,-0.948777,0.263390,-0.993201,0.088331,nan
-0.948777,1.000000,-0.538278,0.959272,0.036634,nan
0.263390,-0.538278,1.000000,-0.278649,-0.540762,nan
-0.993201,0.959272,-0.278649,1.000000,-0.136901,nan
0.088331,0.036634,-0.540762,-0.136901,1.000000,nan
nan,nan,nan,nan,nan,nan
