atmos_pressure, temp_mean, rh_mean, vapor_pressure_mean, wspd_arith_mean
1.000000,-0.854036,0.533255,-0.867823,0.045489
-0.854036,1.000000,-0.778076,0.926849,0.049699
0.533255,-0.778076,1.000000,-0.486107,-0.499576
-0.867823,0.926849,-0.486107,1.000000,-0.222085
0.045489,0.049699,-0.499576,-0.222085,1.000000
