atmos_pressure, temp_mean, rh_mean, vapor_pressure_mean, wspd_arith_mean
1.000000,-0.474749,-0.014887,-0.419782,-0.360552
-0.474749,1.000000,-0.285226,0.792819,0.194225
-0.014887,-0.285226,1.000000,0.279146,-0.301789
-0.419782,0.792819,0.279146,1.000000,0.006696
-0.360552,0.194225,-0.301789,0.006696,1.000000
