atmos_pressure, temp_mean, rh_mean, vapor_pressure_mean, wspd_arith_mean
1.000000,-0.624405,0.053997,-0.636183,-0.360168
-0.624405,1.000000,-0.545118,0.632175,0.389996
0.053997,-0.545118,1.000000,0.246303,-0.314854
-0.636183,0.632175,0.246303,1.000000,0.169434
-0.360168,0.389996,-0.314854,0.169434,1.000000
