atmos_pressure, temp_mean, rh_mean, vapor_pressure_mean, wspd_arith_mean
1.000000,-0.217322,-0.093065,-0.305521,-0.348529
-0.217322,1.000000,-0.538574,0.635214,0.373038
-0.093065,-0.538574,1.000000,0.277843,-0.215751
-0.305521,0.635214,0.277843,1.000000,0.214596
-0.348529,0.373038,-0.215751,0.214596,1.000000
