atmos_pressure, temp_mean, rh_mean, vapor_pressure_mean, wspd_arith_mean, tbrg_precip_total_corr
1.000000,-0.767392,-0.045226,-0.649772,-0.679212,0.053069
-0.767392,1.000000,0.032912,0.820282,0.646002,0.000778
-0.045226,0.032912,1.000000,0.584898,-0.130955,-0.017736
-0.649772,0.820282,0.584898,1.000000,0.469272,-0.002973
-0.679212,0.646002,-0.130955,0.469272,1.000000,-0.092645
0.053069,0.000778,-0.017736,-0.002973,-0.092645,1.000000
