atmos_pressure, temp_mean, rh_mean, vapor_pressure_mean, wspd_arith_mean
1.000000,-0.491474,-0.012512,-0.417248,-0.385432
-0.491474,1.000000,-0.227951,0.811940,0.267597
-0.012512,-0.227951,1.000000,0.300369,-0.377120
-0.417248,0.811940,0.300369,1.000000,0.045720
-0.385432,0.267597,-0.377120,0.045720,1.000000
