atmos_pressure, temp_mean, rh_mean, vapor_pressure_mean, wspd_arith_mean
1.000000,-0.783365,0.562813,-0.761619,0.133247
-0.783365,1.000000,-0.873574,0.774372,0.136584
0.562813,-0.873574,1.000000,-0.370599,-0.321905
-0.761619,0.774372,-0.370599,1.000000,-0.147440
0.133247,0.136584,-0.321905,-0.147440,1.000000
