atmos_pressure, temp_mean, rh_mean, vapor_pressure_mean, wspd_arith_mean, tbrg_precip_total_corr
1.000000,0.325224,0.067253,0.471272,-0.112536,0.068259
0.325224,1.000000,-0.522781,0.758985,0.209540,0.134410
0.067253,-0.522781,1.000000,0.131198,-0.315987,-0.057248
0.471272,0.758985,0.131198,1.000000,0.015701,0.115959
-0.112536,0.209540,-0.315987,0.015701,1.000000,-0.003385
0.068259,0.134410,-0.057248,0.115959,-0.003385,1.000000
