atmos_pressure, temp_mean, rh_mean, vapor_pressure_mean, wspd_arith_mean, tbrg_precip_total_corr
1.000000,0.523712,0.302982,0.584961,-0.243785,0.088156
0.523712,1.000000,-0.058922,0.974487,-0.211841,0.160088
0.302982,-0.058922,1.000000,0.132176,-0.262716,0.025586
0.584961,0.974487,0.132176,1.000000,-0.258563,0.157648
-0.243785,-0.211841,-0.262716,-0.258563,1.000000,0.328846
0.088156,0.160088,0.025586,0.157648,0.328846,1.000000
