atmos_pressure, temp_mean, rh_mean, vapor_pressure_mean, wspd_arith_mean, tbrg_precip_total_corr
1.000000,-0.039079,-0.594529,-0.794284,-0.146627,nan
-0.039079,1.000000,-0.715824,0.480910,0.078721,nan
-0.594529,-0.715824,1.000000,0.267348,-0.207144,nan
-0.794284,0.480910,0.267348,1.000000,-0.161067,nan
-0.146627,0.078721,-0.207144,-0.161067,1.000000,nan
nan,nan,nan,nan,nan,nan
