atmos_pressure, temp_mean, rh_mean, vapor_pressure_mean, wspd_arith_mean
1.000000,-0.463391,-0.062420,-0.407103,-0.330451
-0.463391,1.000000,-0.249339,0.799078,0.184602
-0.062420,-0.249339,1.000000,0.307220,-0.341968
-0.407103,0.799078,0.307220,1.000000,-0.007692
-0.330451,0.184602,-0.341968,-0.007692,1.000000
