atmos_pressure, temp_mean, rh_mean, vapor_pressure_mean, wspd_arith_mean
1.000000,-0.569133,-0.086080,-0.580566,-0.232412
-0.569133,1.000000,-0.372326,0.661057,0.424528
-0.086080,-0.372326,1.000000,0.381572,-0.316906
-0.580566,0.661057,0.381572,1.000000,0.223904
-0.232412,0.424528,-0.316906,0.223904,1.000000
