atmos_pressure, temp_mean, rh_mean, vapor_pressure_mean, wspd_arith_mean, tbrg_precip_total_corr
1.000000,0.028641,0.084675,0.069857,-0.149814,-0.006901
0.028641,1.000000,-0.254441,0.932395,0.006901,0.124377
0.084675,-0.254441,1.000000,0.073354,-0.231174,-0.038132
0.069857,0.932395,0.073354,1.000000,-0.090037,0.110818
-0.149814,0.006901,-0.231174,-0.090037,1.000000,0.210821
-0.006901,0.124377,-0.038132,0.110818,0.210821,1.000000
