atmos_pressure, temp_mean, rh_mean, vapor_pressure_mean, wspd_arith_mean
1.000000,-0.615279,0.042335,-0.631288,-0.354404
-0.615279,1.000000,-0.561382,0.564296,0.466461
0.042335,-0.561382,1.000000,0.305358,-0.407191
-0.631288,0.564296,0.305358,1.000000,0.163423
-0.354404,0.466461,-0.407191,0.163423,1.000000
