atmos_pressure, temp_mean, rh_mean, vapor_pressure_mean, wspd_arith_mean, tbrg_precip_total_corr
1.000000,-0.501260,-0.193463,-0.577931,-0.063665,-0.112394
-0.501260,1.000000,-0.307633,0.869950,0.454543,0.164595
-0.193463,-0.307633,1.000000,0.182220,-0.427150,0.006198
-0.577931,0.869950,0.182220,1.000000,0.301701,0.160081
-0.063665,0.454543,-0.427150,0.301701,1.000000,-0.028972
-0.112394,0.164595,0.006198,0.160081,-0.028972,1.000000
