atmos_pressure, temp_mean, rh_mean, vapor_pressure_mean, wspd_arith_mean, tbrg_precip_total_corr
1.000000,0.155864,0.003552,0.240635,-0.118697,0.054655
0.155864,1.000000,-0.205720,0.947967,0.037586,0.093863
0.003552,-0.205720,1.000000,0.023565,-0.173858,-0.064713
0.240635,0.947967,0.023565,1.000000,-0.048208,0.073722
-0.118697,0.037586,-0.173858,-0.048208,1.000000,0.351460
0.054655,0.093863,-0.064713,0.073722,0.351460,1.000000
