atmos_pressure, temp_mean, rh_mean, vapor_pressure_mean, wspd_arith_mean, tbrg_precip_total_corr
1.000000,-0.968666,0.343415,-0.937898,-0.145450,nan
-0.968666,1.000000,-0.219855,0.987508,-0.095149,nan
0.343415,-0.219855,1.000000,-0.063818,-0.677951,nan
-0.937898,0.987508,-0.063818,1.000000,-0.198857,nan
-0.145450,-0.095149,-0.677951,-0.198857,1.000000,nan
nan,nan,nan,nan,nan,nan
