atmos_pressure, temp_mean, rh_mean, vapor_pressure_mean, wspd_arith_mean
1.000000,-0.439373,-0.061268,-0.403293,-0.289516
-0.439373,1.000000,-0.305584,0.811250,0.116463
-0.061268,-0.305584,1.000000,0.225855,-0.237144
-0.403293,0.811250,0.225855,1.000000,0.009316
-0.289516,0.116463,-0.237144,0.009316,1.000000
