atmos_pressure, temp_mean, rh_mean, vapor_pressure_mean, wspd_arith_mean
1.000000,-0.280928,0.342450,-0.186965,0.275371
-0.280928,1.000000,-0.969216,0.939331,0.168430
0.342450,-0.969216,1.000000,-0.827786,-0.117940
-0.186965,0.939331,-0.827786,1.000000,0.211135
0.275371,0.168430,-0.117940,0.211135,1.000000
