atmos_pressure, temp_mean, rh_mean, vapor_pressure_mean, wspd_arith_mean
1.000000,-0.220976,-0.166286,-0.379167,-0.117786
-0.220976,1.000000,-0.331577,0.702076,0.362961
-0.166286,-0.331577,1.000000,0.373815,-0.276704
-0.379167,0.702076,0.373815,1.000000,0.194166
-0.117786,0.362961,-0.276704,0.194166,1.000000
