atmos_pressure, temp_mean, rh_mean, vapor_pressure_mean, wspd_arith_mean, tbrg_precip_total_corr
1.000000,0.043386,-0.016496,0.035953,-0.402239,-0.012985
0.043386,1.000000,-0.505200,0.622828,0.058874,0.131667
-0.016496,-0.505200,1.000000,0.337628,-0.133405,-0.069310
0.035953,0.622828,0.337628,1.000000,-0.052443,0.078412
-0.402239,0.058874,-0.133405,-0.052443,1.000000,-0.050185
-0.012985,0.131667,-0.069310,0.078412,-0.050185,1.000000
