atmos_pressure, temp_mean, rh_mean, vapor_pressure_mean, wspd_arith_mean
1.000000,-0.608158,-0.053784,-0.652983,-0.216090
-0.608158,1.000000,-0.426439,0.665217,0.171020
-0.053784,-0.426439,1.000000,0.292135,-0.195137
-0.652983,0.665217,0.292135,1.000000,0.086239
-0.216090,0.171020,-0.195137,0.086239,1.000000
