atmos_pressure, temp_mean, rh_mean, vapor_pressure_mean, wspd_arith_mean
1.000000,-0.453549,0.128016,-0.324331,-0.395788
-0.453549,1.000000,-0.513837,0.771892,0.203793
0.128016,-0.513837,1.000000,0.070085,-0.313364
-0.324331,0.771892,0.070085,1.000000,0.002412
-0.395788,0.203793,-0.313364,0.002412,1.000000
