atmos_pressure, temp_mean, rh_mean, vapor_pressure_mean, wspd_arith_mean
1.000000,-0.909677,0.749108,-0.357629,-0.823027
-0.909677,1.000000,-0.934774,0.141474,0.852900
0.749108,-0.934774,1.000000,0.203966,-0.755490
-0.357629,0.141474,0.203966,1.000000,0.221815
-0.823027,0.852900,-0.755490,0.221815,1.000000
