atmos_pressure, temp_mean, rh_mean, vapor_pressure_mean, wspd_arith_mean
1.000000,-0.962420,0.139100,-0.877954,-0.246181
-0.962420,1.000000,-0.081545,0.938052,0.278673
0.139100,-0.081545,1.000000,0.265923,0.201092
-0.877954,0.938052,0.265923,1.000000,0.345187
-0.246181,0.278673,0.201092,0.345187,1.000000
