atmos_pressure, temp_mean, rh_mean, vapor_pressure_mean, wspd_arith_mean
1.000000,-0.253601,-0.777953,-0.840171,-0.724175
-0.253601,1.000000,-0.221019,0.558750,0.615580
-0.777953,-0.221019,1.000000,0.677579,0.467963
-0.840171,0.558750,0.677579,1.000000,0.870260
-0.724175,0.615580,0.467963,0.870260,1.000000
