atmos_pressure, temp_mean, rh_mean, vapor_pressure_mean, wspd_arith_mean
1.000000,-0.458432,-0.000923,-0.521487,-0.197368
-0.458432,1.000000,-0.577116,0.638470,0.238701
-0.000923,-0.577116,1.000000,0.181588,-0.198058
-0.521487,0.638470,0.181588,1.000000,0.172537
-0.197368,0.238701,-0.198058,0.172537,1.000000
