atmos_pressure, temp_mean, rh_mean, vapor_pressure_mean, wspd_arith_mean
1.000000,-0.258449,-0.072617,-0.293311,-0.320923
-0.258449,1.000000,-0.416861,0.766423,0.158207
-0.072617,-0.416861,1.000000,0.193372,-0.311401
-0.293311,0.766423,0.193372,1.000000,-0.036989
-0.320923,0.158207,-0.311401,-0.036989,1.000000
