atmos_pressure, temp_mean, rh_mean, vapor_pressure_mean, wspd_arith_mean
1.000000,-0.460866,-0.124702,-0.642945,-0.239846
-0.460866,1.000000,-0.561318,0.770683,0.270409
-0.124702,-0.561318,1.000000,0.049411,-0.247338
-0.642945,0.770683,0.049411,1.000000,0.169198
-0.239846,0.270409,-0.247338,0.169198,1.000000
