atmos_pressure, temp_mean, rh_mean, vapor_pressure_mean, wspd_arith_mean
1.000000,-0.417590,-0.006192,-0.399905,-0.359429
-0.417590,1.000000,-0.385563,0.792671,0.237795
-0.006192,-0.385563,1.000000,0.203001,-0.324438
-0.399905,0.792671,0.203001,1.000000,0.052937
-0.359429,0.237795,-0.324438,0.052937,1.000000
