atmos_pressure, temp_mean, rh_mean, vapor_pressure_mean, wspd_arith_mean
1.000000,0.091415,-0.447625,-0.941946,-0.286004
0.091415,1.000000,-0.926849,-0.196383,0.143023
-0.447625,-0.926849,1.000000,0.533729,-0.034104
-0.941946,-0.196383,0.533729,1.000000,0.409886
-0.286004,0.143023,-0.034104,0.409886,1.000000
