atmos_pressure, temp_mean, rh_mean, vapor_pressure_mean, wspd_arith_mean
1.000000,-0.369723,0.072754,-0.253885,-0.304781
-0.369723,1.000000,-0.476013,0.716697,0.189010
0.072754,-0.476013,1.000000,0.197822,-0.332964
-0.253885,0.716697,0.197822,1.000000,-0.044423
-0.304781,0.189010,-0.332964,-0.044423,1.000000
