atmos_pressure, temp_mean, rh_mean, vapor_pressure_mean, wspd_arith_mean, tbrg_precip_total_corr
1.000000,-0.248468,0.214603,-0.165484,-0.110137,-0.026504
-0.248468,1.000000,-0.193498,0.952721,-0.154456,0.140262
0.214603,-0.193498,1.000000,0.067924,-0.242844,-0.142357
-0.165484,0.952721,0.067924,1.000000,-0.202524,0.100440
-0.110137,-0.154456,-0.242844,-0.202524,1.000000,0.341115
-0.026504,0.140262,-0.142357,0.100440,0.341115,1.000000
