atmos_pressure, temp_mean, rh_mean, vapor_pressure_mean, wspd_arith_mean
1.000000,-0.622880,0.137596,-0.603234,-0.408427
-0.622880,1.000000,-0.624506,0.577343,0.445254
0.137596,-0.624506,1.000000,0.205884,-0.357185
-0.603234,0.577343,0.205884,1.000000,0.278725
-0.408427,0.445254,-0.357185,0.278725,1.000000
