atmos_pressure, temp_mean, rh_mean, vapor_pressure_mean, wspd_arith_mean
1.000000,-0.673309,-0.073424,-0.612960,-0.298603
-0.673309,1.000000,-0.284262,0.580828,0.513244
-0.073424,-0.284262,1.000000,0.613483,-0.176731
-0.612960,0.580828,0.613483,1.000000,0.261646
-0.298603,0.513244,-0.176731,0.261646,1.000000
