atmos_pressure, temp_mean, rh_mean, vapor_pressure_mean, wspd_arith_mean, tbrg_precip_total_corr
1.000000,-0.134793,-0.260049,-0.504758,0.466851,-0.100651
-0.134793,1.000000,-0.692858,0.502966,0.467469,-0.089986
-0.260049,-0.692858,1.000000,0.217770,-0.639355,0.140640
-0.504758,0.502966,0.217770,1.000000,-0.069915,0.110893
0.466851,0.467469,-0.639355,-0.069915,1.000000,0.039741
-0.100651,-0.089986,0.140640,0.110893,0.039741,1.000000
