atmos_pressure, temp_mean, rh_mean, vapor_pressure_mean, wspd_arith_mean
1.000000,-0.455336,-0.000677,-0.499973,-0.188059
-0.455336,1.000000,-0.565502,0.612488,0.260659
-0.000677,-0.565502,1.000000,0.243591,-0.259441
-0.499973,0.612488,0.243591,1.000000,0.094817
-0.188059,0.260659,-0.259441,0.094817,1.000000
