atmos_pressure, temp_mean, rh_mean, vapor_pressure_mean, wspd_arith_mean, tbrg_precip_total_corr
1.000000,-0.113771,-0.189537,-0.191365,-0.496091,-0.042518
-0.113771,1.000000,-0.876374,0.623547,-0.427338,0.376637
-0.189537,-0.876374,1.000000,-0.276290,0.677745,-0.458586
-0.191365,0.623547,-0.276290,1.000000,-0.147785,0.043896
-0.496091,-0.427338,0.677745,-0.147785,1.000000,-0.182423
-0.042518,0.376637,-0.458586,0.043896,-0.182423,1.000000
