atmos_pressure, temp_mean, rh_mean, vapor_pressure_mean, wspd_arith_mean, tbrg_precip_total_corr
1.000000,0.028552,-0.334845,-0.661950,-0.205401,nan
0.028552,1.000000,-0.916134,-0.527981,0.147258,nan
-0.334845,-0.916134,1.000000,0.822916,-0.279588,nan
-0.661950,-0.527981,0.822916,1.000000,-0.424803,nan
-0.205401,0.147258,-0.279588,-0.424803,1.000000,nan
nan,nan,nan,nan,nan,nan
