atmos_pressure, temp_mean, rh_mean, vapor_pressure_mean, wspd_arith_mean
1.000000,-0.389147,0.076099,-0.343503,-0.289516
-0.389147,1.000000,-0.454829,0.754166,0.261458
0.076099,-0.454829,1.000000,0.181009,-0.298030
-0.343503,0.754166,0.181009,1.000000,0.110271
-0.289516,0.261458,-0.298030,0.110271,1.000000
