atmos_pressure, temp_mean, rh_mean, vapor_pressure_mean, wspd_arith_mean, tbrg_precip_total_corr
1.000000,0.428018,0.096976,0.558806,0.143945,0.224423
0.428018,1.000000,-0.520074,0.725278,0.014750,0.253121
0.096976,-0.520074,1.000000,0.173987,-0.121105,-0.044054
0.558806,0.725278,0.173987,1.000000,-0.017333,0.279331
0.143945,0.014750,-0.121105,-0.017333,1.000000,0.426394
0.224423,0.253121,-0.044054,0.279331,0.426394,1.000000
