atmos_pressure, temp_mean, rh_mean, vapor_pressure_mean, wspd_arith_mean
1.000000,-0.111877,-0.009033,-0.059709,-0.354393
-0.111877,1.000000,-0.622072,0.483922,0.050275
-0.009033,-0.622072,1.000000,0.321377,-0.238024
-0.059709,0.483922,0.321377,1.000000,-0.190680
-0.354393,0.050275,-0.238024,-0.190680,1.000000
