atmos_pressure, temp_mean, rh_mean, vapor_pressure_mean, wspd_arith_mean, tbrg_precip_total_corr
1.000000,-0.546260,-0.505958,-0.668276,-0.057315,0.232747
-0.546260,1.000000,0.134633,0.818350,0.444638,0.054742
-0.505958,0.134633,1.000000,0.650108,-0.148126,-0.216852
-0.668276,0.818350,0.650108,1.000000,0.267645,-0.120550
-0.057315,0.444638,-0.148126,0.267645,1.000000,0.043259
0.232747,0.054742,-0.216852,-0.120550,0.043259,1.000000
