atmos_pressure, temp_mean, rh_mean, vapor_pressure_mean, wspd_arith_mean
1.000000,-0.310146,0.046470,-0.260745,-0.329804
-0.310146,1.000000,-0.376308,0.786248,0.221196
0.046470,-0.376308,1.000000,0.206380,-0.361071
-0.260745,0.786248,0.206380,1.000000,0.030083
-0.329804,0.221196,-0.361071,0.030083,1.000000
