atmos_pressure, temp_mean, rh_mean, vapor_pressure_mean, wspd_arith_mean, tbrg_precip_total_corr
1.000000,0.035342,0.023406,0.051020,-0.277740,-0.140062
0.035342,1.000000,-0.117691,0.944163,-0.021762,0.161984
0.023406,-0.117691,1.000000,0.145047,-0.201405,0.011025
0.051020,0.944163,0.145047,1.000000,-0.067954,0.163204
-0.277740,-0.021762,-0.201405,-0.067954,1.000000,0.415596
-0.140062,0.161984,0.011025,0.163204,0.415596,1.000000
