atmos_pressure, temp_mean, rh_mean, vapor_pressure_mean, wspd_arith_mean
1.000000,-0.886606,0.749317,-0.761969,-0.906449
-0.886606,1.000000,-0.941031,0.709579,0.907820
0.749317,-0.941031,1.000000,-0.445973,-0.761110
-0.761969,0.709579,-0.445973,1.000000,0.843327
-0.906449,0.907820,-0.761110,0.843327,1.000000
