atmos_pressure, temp_mean, rh_mean, vapor_pressure_mean, wspd_arith_mean
1.000000,0.720925,-0.881935,-0.717542,0.755334
0.720925,1.000000,-0.680382,-0.301142,0.505685
-0.881935,-0.680382,1.000000,0.895929,-0.840380
-0.717542,-0.301142,0.895929,1.000000,-0.762123
0.755334,0.505685,-0.840380,-0.762123,1.000000
