atmos_pressure, temp_mean, rh_mean, vapor_pressure_mean, wspd_arith_mean, tbrg_precip_total_corr
1.000000,0.061602,-0.089408,0.066666,-0.509763,0.119297
0.061602,1.000000,-0.636533,0.647263,0.188329,0.250597
-0.089408,-0.636533,1.000000,0.139537,-0.237110,-0.123777
0.066666,0.647263,0.139537,1.000000,0.036648,0.255749
-0.509763,0.188329,-0.237110,0.036648,1.000000,0.197701
0.119297,0.250597,-0.123777,0.255749,0.197701,1.000000
