atmos_pressure, temp_mean, rh_mean, vapor_pressure_mean, wspd_arith_mean
1.000000,-0.811467,0.248539,-0.967315,-0.830302
-0.811467,1.000000,-0.750917,0.779412,0.859112
0.248539,-0.750917,1.000000,-0.183596,-0.498041
-0.967315,0.779412,-0.183596,1.000000,0.779595
-0.830302,0.859112,-0.498041,0.779595,1.000000
