atmos_pressure, temp_mean, rh_mean, vapor_pressure_mean, wspd_arith_mean
1.000000,-0.381311,0.045604,-0.329160,-0.365486
-0.381311,1.000000,-0.345459,0.795847,0.086394
0.045604,-0.345459,1.000000,0.212564,-0.319425
-0.329160,0.795847,0.212564,1.000000,-0.080198
-0.365486,0.086394,-0.319425,-0.080198,1.000000
