atmos_pressure, temp_mean, rh_mean, vapor_pressure_mean, wspd_arith_mean
1.000000,-0.804538,0.756366,-0.255521,-0.688218
-0.804538,1.000000,-0.979849,0.649512,0.896630
0.756366,-0.979849,1.000000,-0.557558,-0.834857
-0.255521,0.649512,-0.557558,1.000000,0.734157
-0.688218,0.896630,-0.834857,0.734157,1.000000
