atmos_pressure, temp_mean, rh_mean, vapor_pressure_mean, wspd_arith_mean, tbrg_precip_total_corr
1.000000,-0.477237,0.168890,-0.408011,-0.526667,-0.090318
-0.477237,1.000000,-0.408333,0.733844,0.431753,0.116247
0.168890,-0.408333,1.000000,0.283399,-0.281884,-0.047730
-0.408011,0.733844,0.283399,1.000000,0.309089,0.098190
-0.526667,0.431753,-0.281884,0.309089,1.000000,0.082076
-0.090318,0.116247,-0.047730,0.098190,0.082076,1.000000
