atmos_pressure, temp_mean, rh_mean, vapor_pressure_mean, wspd_arith_mean
1.000000,-0.735275,0.893162,0.414728,0.251881
-0.735275,1.000000,-0.925183,0.192895,-0.233873
0.893162,-0.925183,1.000000,0.192601,0.302307
0.414728,0.192895,0.192601,1.000000,0.173627
0.251881,-0.233873,0.302307,0.173627,1.000000
