atmos_pressure, temp_mean, rh_mean, vapor_pressure_mean, wspd_arith_mean
1.000000,-0.607091,0.003328,-0.658974,-0.175123
-0.607091,1.000000,-0.502490,0.775429,0.303610
0.003328,-0.502490,1.000000,0.079659,-0.388333
-0.658974,0.775429,0.079659,1.000000,0.163807
-0.175123,0.303610,-0.388333,0.163807,1.000000
