atmos_pressure, temp_mean, rh_mean, vapor_pressure_mean, wspd_arith_mean
1.000000,-0.238996,-0.059869,-0.262962,-0.280106
-0.238996,1.000000,-0.427517,0.795340,0.163632
-0.059869,-0.427517,1.000000,0.134011,-0.297583
-0.262962,0.795340,0.134011,1.000000,0.018108
-0.280106,0.163632,-0.297583,0.018108,1.000000
