atmos_pressure, temp_mean, rh_mean, vapor_pressure_mean, wspd_arith_mean
1.000000,-0.495259,0.243232,-0.756106,-0.512122
-0.495259,1.000000,-0.944601,0.791148,0.660336
0.243232,-0.944601,1.000000,-0.565789,-0.551675
-0.756106,0.791148,-0.565789,1.000000,0.751512
-0.512122,0.660336,-0.551675,0.751512,1.000000
