atmos_pressure, temp_mean, rh_mean, vapor_pressure_mean, wspd_arith_mean
1.000000,-0.500639,-0.034061,-0.866655,0.255443
-0.500639,1.000000,-0.810480,0.227231,-0.777437
-0.034061,-0.810480,1.000000,0.372963,0.586670
-0.866655,0.227231,0.372963,1.000000,-0.184916
0.255443,-0.777437,0.586670,-0.184916,1.000000
