atmos_pressure, temp_mean, rh_mean, vapor_pressure_mean, wspd_arith_mean
1.000000,-0.802051,0.665189,-0.787018,-0.648708
-0.802051,1.000000,-0.935503,0.802840,0.780435
0.665189,-0.935503,1.000000,-0.545890,-0.826612
-0.787018,0.802840,-0.545890,1.000000,0.444459
-0.648708,0.780435,-0.826612,0.444459,1.000000
