atmos_pressure, temp_mean, rh_mean, vapor_pressure_mean, wspd_arith_mean
1.000000,0.839274,-0.886511,0.522419,-0.105497
0.839274,1.000000,-0.975894,0.792727,-0.051492
-0.886511,-0.975894,1.000000,-0.651640,0.018040
0.522419,0.792727,-0.651640,1.000000,-0.062982
-0.105497,-0.051492,0.018040,-0.062982,1.000000
