atmos_pressure, temp_mean, rh_mean, vapor_pressure_mean, wspd_arith_mean
1.000000,-0.352404,-0.008364,-0.361609,-0.350975
-0.352404,1.000000,-0.420703,0.848453,0.238816
-0.008364,-0.420703,1.000000,0.066940,-0.259366
-0.361609,0.848453,0.066940,1.000000,0.125012
-0.350975,0.238816,-0.259366,0.125012,1.000000
