atmos_pressure, temp_mean, rh_mean, vapor_pressure_mean, wspd_arith_mean
1.000000,-0.274826,0.013802,-0.219293,-0.262550
-0.274826,1.000000,-0.358733,0.892969,0.030188
0.013802,-0.358733,1.000000,0.013977,-0.268101
-0.219293,0.892969,0.013977,1.000000,-0.079931
-0.262550,0.030188,-0.268101,-0.079931,1.000000
