atmos_pressure, temp_mean, rh_mean, vapor_pressure_mean, wspd_arith_mean
1.000000,-0.556628,-0.085747,-0.618221,-0.214245
-0.556628,1.000000,-0.315988,0.786940,0.276062
-0.085747,-0.315988,1.000000,0.222499,-0.294905
-0.618221,0.786940,0.222499,1.000000,0.180311
-0.214245,0.276062,-0.294905,0.180311,1.000000
