atmos_pressure, temp_mean, rh_mean, vapor_pressure_mean, wspd_arith_mean
1.000000,-0.641617,0.010850,-0.611490,-0.261747
-0.641617,1.000000,-0.410541,0.882910,0.303643
0.010850,-0.410541,1.000000,-0.042659,-0.216778
-0.611490,0.882910,-0.042659,1.000000,0.314039
-0.261747,0.303643,-0.216778,0.314039,1.000000
