atmos_pressure, temp_mean, rh_mean, vapor_pressure_mean, wspd_arith_mean
1.000000,0.457479,0.854831,0.740087,-0.199332
0.457479,1.000000,0.586575,0.880588,0.272264
0.854831,0.586575,1.000000,0.897008,-0.231103
0.740087,0.880588,0.897008,1.000000,0.005009
-0.199332,0.272264,-0.231103,0.005009,1.000000
