atmos_pressure, temp_mean, rh_mean, vapor_pressure_mean, wspd_arith_mean
1.000000,-0.430375,-0.644393,-0.762150,-0.730834
-0.430375,1.000000,0.007017,0.747620,0.787126
-0.644393,0.007017,1.000000,0.666773,0.352446
-0.762150,0.747620,0.666773,1.000000,0.825947
-0.730834,0.787126,0.352446,0.825947,1.000000
