atmos_pressure, temp_mean, rh_mean, vapor_pressure_mean, wspd_arith_mean
1.000000,-0.893732,0.436468,-0.798551,-0.179941
-0.893732,1.000000,-0.330856,0.948131,-0.009395
0.436468,-0.330856,1.000000,-0.020012,-0.296681
-0.798551,0.948131,-0.020012,1.000000,-0.085422
-0.179941,-0.009395,-0.296681,-0.085422,1.000000
