atmos_pressure, temp_mean, rh_mean, vapor_pressure_mean, wspd_arith_mean
1.000000,-0.660866,-0.386102,-0.811734,-0.524426
-0.660866,1.000000,-0.135931,0.751920,0.818808
-0.386102,-0.135931,1.000000,0.549370,-0.120163
-0.811734,0.751920,0.549370,1.000000,0.610364
-0.524426,0.818808,-0.120163,0.610364,1.000000
