atmos_pressure, temp_mean, rh_mean, vapor_pressure_mean, wspd_arith_mean
1.000000,-0.883033,0.791485,-0.871205,-0.672797
-0.883033,1.000000,-0.974845,0.915149,0.547657
0.791485,-0.974845,1.000000,-0.821365,-0.408934
-0.871205,0.915149,-0.821365,1.000000,0.767846
-0.672797,0.547657,-0.408934,0.767846,1.000000
