atmos_pressure, temp_mean, rh_mean, vapor_pressure_mean, wspd_arith_mean
1.000000,-0.522751,-0.064791,-0.582836,-0.222795
-0.522751,1.000000,-0.465354,0.796300,0.262248
-0.064791,-0.465354,1.000000,0.096817,-0.221237
-0.582836,0.796300,0.096817,1.000000,0.193777
-0.222795,0.262248,-0.221237,0.193777,1.000000
