atmos_pressure, temp_mean, rh_mean, vapor_pressure_mean, wspd_arith_mean
1.000000,-0.337773,-0.017970,-0.308414,-0.287131
-0.337773,1.000000,-0.368806,0.825873,0.214809
-0.017970,-0.368806,1.000000,0.149802,-0.366652
-0.308414,0.825873,0.149802,1.000000,0.027743
-0.287131,0.214809,-0.366652,0.027743,1.000000
