atmos_pressure, temp_mean, rh_mean, vapor_pressure_mean, wspd_arith_mean
1.000000,-0.287804,-0.079687,-0.337198,-0.350561
-0.287804,1.000000,-0.412503,0.829397,0.242997
-0.079687,-0.412503,1.000000,0.089690,-0.272537
-0.337198,0.829397,0.089690,1.000000,0.109342
-0.350561,0.242997,-0.272537,0.109342,1.000000
