atmos_pressure, temp_mean, rh_mean, vapor_pressure_mean, wspd_arith_mean
1.000000,-0.511237,0.064435,-0.498274,-0.323035
-0.511237,1.000000,-0.462156,0.836621,0.378537
0.064435,-0.462156,1.000000,0.044394,-0.326947
-0.498274,0.836621,0.044394,1.000000,0.253340
-0.323035,0.378537,-0.326947,0.253340,1.000000
