atmos_pressure, temp_mean, rh_mean, vapor_pressure_mean, wspd_arith_mean
1.000000,-0.387244,-0.009105,-0.388986,-0.334398
-0.387244,1.000000,-0.437960,0.842462,0.227740
-0.009105,-0.437960,1.000000,0.059835,-0.292328
-0.388986,0.842462,0.059835,1.000000,0.096280
-0.334398,0.227740,-0.292328,0.096280,1.000000
