atmos_pressure, temp_mean, rh_mean, vapor_pressure_mean, wspd_arith_mean, tbrg_precip_total_corr
1.000000,-0.030910,-0.005291,-0.002827,-0.357762,-0.136076
-0.030910,1.000000,-0.080276,0.935924,-0.127000,0.191381
-0.005291,-0.080276,1.000000,0.221981,-0.075748,-0.027954
-0.002827,0.935924,0.221981,1.000000,-0.127960,0.170536
-0.357762,-0.127000,-0.075748,-0.127960,1.000000,0.279458
-0.136076,0.191381,-0.027954,0.170536,0.279458,1.000000
