atmos_pressure, temp_mean, rh_mean, vapor_pressure_mean, wspd_arith_mean
1.000000,0.433424,-0.578393,-0.302528,-0.068916
0.433424,1.000000,-0.825214,0.110609,-0.155783
-0.578393,-0.825214,1.000000,0.450604,-0.162915
-0.302528,0.110609,0.450604,1.000000,-0.443823
-0.068916,-0.155783,-0.162915,-0.443823,1.000000
