atmos_pressure, temp_mean, rh_mean, vapor_pressure_mean, wspd_arith_mean
1.000000,-0.740699,0.671121,-0.615344,-0.680013
-0.740699,1.000000,-0.979674,0.829583,0.803182
0.671121,-0.979674,1.000000,-0.725903,-0.811660
-0.615344,0.829583,-0.725903,1.000000,0.614126
-0.680013,0.803182,-0.811660,0.614126,1.000000
