atmos_pressure, temp_mean, rh_mean, vapor_pressure_mean, wspd_arith_mean
1.000000,0.106989,-0.465687,-0.939955,-0.427169
0.106989,1.000000,-0.923990,-0.065265,0.211724
-0.465687,-0.923990,1.000000,0.432629,-0.018616
-0.939955,-0.065265,0.432629,1.000000,0.576963
-0.427169,0.211724,-0.018616,0.576963,1.000000
