atmos_pressure, temp_mean, rh_mean, vapor_pressure_mean, wspd_arith_mean
1.000000,-0.403436,-0.025372,-0.430731,-0.271749
-0.403436,1.000000,-0.404191,0.815633,0.275668
-0.025372,-0.404191,1.000000,0.119240,-0.256408
-0.430731,0.815633,0.119240,1.000000,0.193804
-0.271749,0.275668,-0.256408,0.193804,1.000000
