atmos_pressure, temp_mean, rh_mean, vapor_pressure_mean, wspd_arith_mean
1.000000,-0.552465,0.125321,-0.504937,-0.296429
-0.552465,1.000000,-0.499412,0.816001,0.183791
0.125321,-0.499412,1.000000,0.013249,-0.295744
-0.504937,0.816001,0.013249,1.000000,0.050879
-0.296429,0.183791,-0.295744,0.050879,1.000000
