atmos_pressure, temp_mean, rh_mean, vapor_pressure_mean, wspd_arith_mean, tbrg_precip_total_corr
1.000000,-0.357242,-0.460530,-0.538013,-0.467264,0.107932
-0.357242,1.000000,0.217400,0.870314,0.294333,0.123817
-0.460530,0.217400,1.000000,0.645005,0.307917,0.020688
-0.538013,0.870314,0.645005,1.000000,0.364410,0.037647
-0.467264,0.294333,0.307917,0.364410,1.000000,0.191018
0.107932,0.123817,0.020688,0.037647,0.191018,1.000000
