atmos_pressure, temp_mean, rh_mean, vapor_pressure_mean, wspd_arith_mean
1.000000,-0.733931,0.708081,-0.692879,-0.655123
-0.733931,1.000000,-0.980335,0.961107,0.681612
0.708081,-0.980335,1.000000,-0.891041,-0.677449
-0.692879,0.961107,-0.891041,1.000000,0.648974
-0.655123,0.681612,-0.677449,0.648974,1.000000
