atmos_pressure, temp_mean, rh_mean, vapor_pressure_mean, wspd_arith_mean
1.000000,-0.385133,0.042217,-0.341052,-0.384373
-0.385133,1.000000,-0.352947,0.829512,0.116653
0.042217,-0.352947,1.000000,0.148702,-0.324760
-0.341052,0.829512,0.148702,1.000000,-0.024231
-0.384373,0.116653,-0.324760,-0.024231,1.000000
