atmos_pressure, temp_mean, rh_mean, vapor_pressure_mean, wspd_arith_mean
1.000000,0.876514,-0.923274,-0.672789,0.469386
0.876514,1.000000,-0.734893,-0.343103,0.257517
-0.923274,-0.734893,1.000000,0.884049,-0.681156
-0.672789,-0.343103,0.884049,1.000000,-0.766747
0.469386,0.257517,-0.681156,-0.766747,1.000000
