atmos_pressure, temp_mean, rh_mean, vapor_pressure_mean, wspd_arith_mean
1.000000,-0.812907,-0.630717,-0.954290,0.605059
-0.812907,1.000000,0.113841,0.880079,-0.710999
-0.630717,0.113841,1.000000,0.562278,-0.289848
-0.954290,0.880079,0.562278,1.000000,-0.751983
0.605059,-0.710999,-0.289848,-0.751983,1.000000
