atmos_pressure, temp_mean, rh_mean, vapor_pressure_mean, wspd_arith_mean
1.000000,-0.509319,0.047811,-0.454627,-0.222335
-0.509319,1.000000,-0.495736,0.589153,0.485643
0.047811,-0.495736,1.000000,0.306205,-0.218012
-0.454627,0.589153,0.306205,1.000000,0.367357
-0.222335,0.485643,-0.218012,0.367357,1.000000
