atmos_pressure, temp_mean, rh_mean, vapor_pressure_mean, wspd_arith_mean
1.000000,-0.904857,0.705369,-0.927611,-0.678767
-0.904857,1.000000,-0.926157,0.792038,0.720056
0.705369,-0.926157,1.000000,-0.515816,-0.711804
-0.927611,0.792038,-0.515816,1.000000,0.467836
-0.678767,0.720056,-0.711804,0.467836,1.000000
