atmos_pressure, temp_mean, rh_mean, vapor_pressure_mean, wspd_arith_mean
1.000000,-0.475244,0.028447,-0.835068,0.260869
-0.475244,1.000000,-0.837015,0.427389,-0.839391
0.028447,-0.837015,1.000000,0.131550,0.704028
-0.835068,0.427389,0.131550,1.000000,-0.319674
0.260869,-0.839391,0.704028,-0.319674,1.000000
