atmos_pressure, temp_mean, rh_mean, vapor_pressure_mean, wspd_arith_mean
1.000000,-0.387691,-0.239067,-0.463245,-0.317300
-0.387691,1.000000,-0.365478,0.844296,0.342842
-0.239067,-0.365478,1.000000,0.073286,-0.198810
-0.463245,0.844296,0.073286,1.000000,0.334328
-0.317300,0.342842,-0.198810,0.334328,1.000000
