atmos_pressure, temp_mean, rh_mean, vapor_pressure_mean, wspd_arith_mean
1.000000,-0.465034,-0.077983,-0.561400,-0.131285
-0.465034,1.000000,-0.517093,0.690327,0.171105
-0.077983,-0.517093,1.000000,0.193107,-0.159564
-0.561400,0.690327,0.193107,1.000000,0.111241
-0.131285,0.171105,-0.159564,0.111241,1.000000
