atmos_pressure, temp_mean, rh_mean, vapor_pressure_mean, wspd_arith_mean
1.000000,-0.549715,-0.542183,-0.858536,0.098685
-0.549715,1.000000,-0.180244,0.821227,0.244402
-0.542183,-0.180244,1.000000,0.399238,-0.317572
-0.858536,0.821227,0.399238,1.000000,0.038771
0.098685,0.244402,-0.317572,0.038771,1.000000
