atmos_pressure, temp_mean, rh_mean, vapor_pressure_mean, wspd_arith_mean
1.000000,-0.505721,-0.124332,-0.594174,-0.193358
-0.505721,1.000000,-0.320288,0.759471,0.224437
-0.124332,-0.320288,1.000000,0.268588,-0.210580
-0.594174,0.759471,0.268588,1.000000,0.139808
-0.193358,0.224437,-0.210580,0.139808,1.000000
