atmos_pressure, temp_mean, rh_mean, vapor_pressure_mean, wspd_arith_mean
1.000000,-0.256416,-0.036749,-0.241317,-0.211388
-0.256416,1.000000,-0.362037,0.873721,0.078845
-0.036749,-0.362037,1.000000,0.079601,-0.292330
-0.241317,0.873721,0.079601,1.000000,-0.039668
-0.211388,0.078845,-0.292330,-0.039668,1.000000
