atmos_pressure, temp_mean, rh_mean, vapor_pressure_mean, wspd_arith_mean
1.000000,0.491815,0.801416,0.774593,-0.290988
0.491815,1.000000,0.442015,0.796854,-0.170543
0.801416,0.442015,1.000000,0.891644,-0.388583
0.774593,0.796854,0.891644,1.000000,-0.370790
-0.290988,-0.170543,-0.388583,-0.370790,1.000000
