atmos_pressure, temp_mean, rh_mean, vapor_pressure_mean, wspd_arith_mean
1.000000,0.840857,-0.882210,-0.104986,-0.028192
0.840857,1.000000,-0.968069,0.175187,0.007132
-0.882210,-0.968069,1.000000,0.057029,-0.067912
-0.104986,0.175187,0.057029,1.000000,-0.198594
-0.028192,0.007132,-0.067912,-0.198594,1.000000
