atmos_pressure, temp_mean, rh_mean, vapor_pressure_mean, wspd_arith_mean
1.000000,-0.351685,-0.057759,-0.356356,-0.320479
-0.351685,1.000000,-0.312830,0.834320,0.178680
-0.057759,-0.312830,1.000000,0.201484,-0.237033
-0.356356,0.834320,0.201484,1.000000,0.052876
-0.320479,0.178680,-0.237033,0.052876,1.000000
