atmos_pressure, temp_mean, rh_mean, vapor_pressure_mean, wspd_arith_mean
1.000000,-0.633986,0.643485,0.812527,-0.607274
-0.633986,1.000000,-0.983275,-0.418726,0.870717
0.643485,-0.983275,1.000000,0.489803,-0.862445
0.812527,-0.418726,0.489803,1.000000,-0.444446
-0.607274,0.870717,-0.862445,-0.444446,1.000000
