atmos_pressure, temp_mean, rh_mean, vapor_pressure_mean, wspd_arith_mean
1.000000,-0.662506,-0.166505,-0.749642,-0.233818
-0.662506,1.000000,-0.325580,0.814960,0.203129
-0.166505,-0.325580,1.000000,0.192354,-0.145265
-0.749642,0.814960,0.192354,1.000000,0.146068
-0.233818,0.203129,-0.145265,0.146068,1.000000
