atmos_pressure, temp_mean, rh_mean, vapor_pressure_mean, wspd_arith_mean
1.000000,-0.421565,-0.020427,-0.372113,-0.350570
-0.421565,1.000000,-0.234191,0.831777,0.043195
-0.020427,-0.234191,1.000000,0.259926,-0.287822
-0.372113,0.831777,0.259926,1.000000,-0.092346
-0.350570,0.043195,-0.287822,-0.092346,1.000000
