atmos_pressure, temp_mean, rh_mean, vapor_pressure_mean, wspd_arith_mean, tbrg_precip_total_corr
1.000000,0.375712,-0.018018,0.450625,-0.016552,-0.010958
0.375712,1.000000,-0.544274,0.773339,0.092677,0.133847
-0.018018,-0.544274,1.000000,0.065186,-0.154221,-0.079933
0.450625,0.773339,0.065186,1.000000,0.023838,0.081512
-0.016552,0.092677,-0.154221,0.023838,1.000000,0.301092
-0.010958,0.133847,-0.079933,0.081512,0.301092,1.000000
