atmos_pressure, temp_mean, rh_mean, vapor_pressure_mean, wspd_arith_mean
1.000000,-0.387190,-0.264638,-0.486306,-0.311766
-0.387190,1.000000,-0.363453,0.774494,0.297869
-0.264638,-0.363453,1.000000,0.204935,-0.165208
-0.486306,0.774494,0.204935,1.000000,0.253057
-0.311766,0.297869,-0.165208,0.253057,1.000000
