atmos_pressure, temp_mean, rh_mean, vapor_pressure_mean, wspd_arith_mean
1.000000,-0.809704,-0.661264,-0.959424,0.690208
-0.809704,1.000000,0.146614,0.882986,-0.722757
-0.661264,0.146614,1.000000,0.586416,-0.416595
-0.959424,0.882986,0.586416,1.000000,-0.806702
0.690208,-0.722757,-0.416595,-0.806702,1.000000
