atmos_pressure, temp_mean, rh_mean, vapor_pressure_mean, wspd_arith_mean, tbrg_precip_total_corr
1.000000,-0.461718,0.068862,-0.439597,-0.230666,0.073402
-0.461718,1.000000,-0.629629,0.714414,0.616359,-0.065009
0.068862,-0.629629,1.000000,0.055676,-0.204403,-0.095188
-0.439597,0.714414,0.055676,1.000000,0.565073,-0.101513
-0.230666,0.616359,-0.204403,0.565073,1.000000,0.020545
0.073402,-0.065009,-0.095188,-0.101513,0.020545,1.000000
