atmos_pressure, temp_mean, rh_mean, vapor_pressure_mean, wspd_arith_mean
1.000000,-0.402023,0.078606,-0.576210,-0.175636
-0.402023,1.000000,-0.815332,0.787283,0.296833
0.078606,-0.815332,1.000000,-0.288001,0.048811
-0.576210,0.787283,-0.288001,1.000000,0.539576
-0.175636,0.296833,0.048811,0.539576,1.000000
