atmos_pressure, temp_mean, rh_mean, vapor_pressure_mean, wspd_arith_mean
1.000000,-0.448458,0.510224,-0.298467,-0.649943
-0.448458,1.000000,-0.868304,0.907437,0.496161
0.510224,-0.868304,1.000000,-0.582522,-0.637284
-0.298467,0.907437,-0.582522,1.000000,0.282131
-0.649943,0.496161,-0.637284,0.282131,1.000000
