atmos_pressure, temp_mean, rh_mean, vapor_pressure_mean, wspd_arith_mean
1.000000,-0.288850,-0.109183,-0.320535,-0.280819
-0.288850,1.000000,-0.304421,0.817307,0.047308
-0.109183,-0.304421,1.000000,0.232770,-0.204678
-0.320535,0.817307,0.232770,1.000000,-0.029976
-0.280819,0.047308,-0.204678,-0.029976,1.000000
