atmos_pressure, temp_mean, rh_mean, vapor_pressure_mean, wspd_arith_mean
1.000000,-0.551125,0.263455,-0.693199,0.408028
-0.551125,1.000000,-0.906129,0.225080,-0.878975
0.263455,-0.906129,1.000000,0.185763,0.812541
-0.693199,0.225080,0.185763,1.000000,-0.119311
0.408028,-0.878975,0.812541,-0.119311,1.000000
