atmos_pressure, temp_mean, rh_mean, vapor_pressure_mean, wspd_arith_mean
1.000000,-0.552205,0.052521,-0.510330,-0.255102
-0.552205,1.000000,-0.388372,0.816910,0.151560
0.052521,-0.388372,1.000000,0.128237,-0.284183
-0.510330,0.816910,0.128237,1.000000,0.020458
-0.255102,0.151560,-0.284183,0.020458,1.000000
