atmos_pressure, temp_mean, rh_mean, vapor_pressure_mean, wspd_arith_mean
1.000000,-0.299475,-0.106009,-0.346396,-0.337247
-0.299475,1.000000,-0.315988,0.823751,0.173454
-0.106009,-0.315988,1.000000,0.198982,-0.253567
-0.346396,0.823751,0.198982,1.000000,0.041742
-0.337247,0.173454,-0.253567,0.041742,1.000000
