atmos_pressure, temp_mean, rh_mean, vapor_pressure_mean, wspd_arith_mean
1.000000,-0.078585,-0.001012,-0.169187,0.439759
-0.078585,1.000000,-0.981607,-0.790276,0.530792
-0.001012,-0.981607,1.000000,0.881531,-0.637164
-0.169187,-0.790276,0.881531,1.000000,-0.729987
0.439759,0.530792,-0.637164,-0.729987,1.000000
