atmos_pressure, temp_mean, rh_mean, vapor_pressure_mean, wspd_arith_mean
1.000000,-0.384050,0.025926,-0.305070,-0.242846
-0.384050,1.000000,-0.430650,0.786101,0.109796
0.025926,-0.430650,1.000000,0.149495,-0.265540
-0.305070,0.786101,0.149495,1.000000,-0.044288
-0.242846,0.109796,-0.265540,-0.044288,1.000000
