atmos_pressure, temp_mean, rh_mean, vapor_pressure_mean, wspd_arith_mean
1.000000,-0.363103,-0.039015,-0.372297,-0.303124
-0.363103,1.000000,-0.373380,0.854814,0.238486
-0.039015,-0.373380,1.000000,0.095319,-0.227743
-0.372297,0.854814,0.095319,1.000000,0.144591
-0.303124,0.238486,-0.227743,0.144591,1.000000
