atmos_pressure, temp_mean, rh_mean, vapor_pressure_mean, wspd_arith_mean, tbrg_precip_total_corr
1.000000,0.063924,0.010156,0.094748,-0.241201,-0.108682
0.063924,1.000000,0.074756,0.923956,0.025330,0.142089
0.010156,0.074756,1.000000,0.387976,-0.122436,0.015760
0.094748,0.923956,0.387976,1.000000,-0.041295,0.123638
-0.241201,0.025330,-0.122436,-0.041295,1.000000,0.487860
-0.108682,0.142089,0.015760,0.123638,0.487860,1.000000
