atmos_pressure, temp_mean, rh_mean, vapor_pressure_mean, wspd_arith_mean
1.000000,-0.830901,0.317062,-0.950166,-0.923850
-0.830901,1.000000,-0.778952,0.732190,0.829252
0.317062,-0.778952,1.000000,-0.157245,-0.405943
-0.950166,0.732190,-0.157245,1.000000,0.827308
-0.923850,0.829252,-0.405943,0.827308,1.000000
