atmos_pressure, temp_mean, rh_mean, vapor_pressure_mean, wspd_arith_mean
1.000000,-0.355555,-0.063822,-0.360381,-0.305662
-0.355555,1.000000,-0.332906,0.821134,0.205519
-0.063822,-0.332906,1.000000,0.210096,-0.293070
-0.360381,0.821134,0.210096,1.000000,0.043459
-0.305662,0.205519,-0.293070,0.043459,1.000000
