atmos_pressure, temp_mean, rh_mean, vapor_pressure_mean, wspd_arith_mean
1.000000,-0.535248,-0.162839,-0.701873,-0.300221
-0.535248,1.000000,-0.488979,0.799342,0.395938
-0.162839,-0.488979,1.000000,0.077315,-0.254707
-0.701873,0.799342,0.077315,1.000000,0.296195
-0.300221,0.395938,-0.254707,0.296195,1.000000
