atmos_pressure, temp_mean, rh_mean, vapor_pressure_mean, wspd_arith_mean, tbrg_precip_total_corr
1.000000,-0.043211,0.748136,0.720098,0.155204,nan
-0.043211,1.000000,-0.522361,0.499902,0.755489,nan
0.748136,-0.522361,1.000000,0.477307,-0.200826,nan
0.720098,0.499902,0.477307,1.000000,0.573541,nan
0.155204,0.755489,-0.200826,0.573541,1.000000,nan
nan,nan,nan,nan,nan,nan
