atmos_pressure, temp_mean, rh_mean, vapor_pressure_mean, wspd_arith_mean
1.000000,-0.404286,-0.077337,-0.410197,-0.201945
-0.404286,1.000000,-0.253190,0.830301,0.148804
-0.077337,-0.253190,1.000000,0.245737,-0.235011
-0.410197,0.830301,0.245737,1.000000,0.048536
-0.201945,0.148804,-0.235011,0.048536,1.000000
