atmos_pressure, temp_mean, rh_mean, vapor_pressure_mean, wspd_arith_mean
1.000000,-0.643006,0.075897,-0.667079,-0.244278
-0.643006,1.000000,-0.521306,0.675378,0.319032
0.075897,-0.521306,1.000000,0.198345,-0.284058
-0.667079,0.675378,0.198345,1.000000,0.171273
-0.244278,0.319032,-0.284058,0.171273,1.000000
