atmos_pressure, temp_mean, rh_mean, vapor_pressure_mean, wspd_arith_mean
1.000000,-0.532738,0.070507,-0.469632,-0.216003
-0.532738,1.000000,-0.552877,0.545573,0.415076
0.070507,-0.552877,1.000000,0.300652,-0.225623
-0.469632,0.545573,0.300652,1.000000,0.289953
-0.216003,0.415076,-0.225623,0.289953,1.000000
