atmos_pressure, temp_mean, rh_mean, vapor_pressure_mean, wspd_arith_mean, tbrg_precip_total_corr
1.000000,-0.701955,-0.683689,-0.798540,-0.277017,-0.355900
-0.701955,1.000000,0.504838,0.911105,0.099700,0.246701
-0.683689,0.504838,1.000000,0.720061,0.274028,0.138806
-0.798540,0.911105,0.720061,1.000000,0.081689,0.270068
-0.277017,0.099700,0.274028,0.081689,1.000000,0.308528
-0.355900,0.246701,0.138806,0.270068,0.308528,1.000000
