atmos_pressure, temp_mean, rh_mean, vapor_pressure_mean, wspd_arith_mean
1.000000,-0.899474,0.646627,-0.758060,-0.914394
-0.899474,1.000000,-0.831616,0.741027,0.844849
0.646627,-0.831616,1.000000,-0.258370,-0.556064
-0.758060,0.741027,-0.258370,1.000000,0.772260
-0.914394,0.844849,-0.556064,0.772260,1.000000
