atmos_pressure, temp_mean, rh_mean, vapor_pressure_mean, wspd_arith_mean
1.000000,-0.557599,-0.085885,-0.626832,-0.236103
-0.557599,1.000000,-0.453507,0.759288,0.272583
-0.085885,-0.453507,1.000000,0.166352,-0.225769
-0.626832,0.759288,0.166352,1.000000,0.161450
-0.236103,0.272583,-0.225769,0.161450,1.000000
