atmos_pressure, temp_mean, rh_mean, vapor_pressure_mean, wspd_arith_mean, tbrg_precip_total_corr
1.000000,0.021470,0.068980,0.082342,-0.005903,0.022693
0.021470,1.000000,-0.141875,0.935074,-0.049844,0.151339
0.068980,-0.141875,1.000000,0.163543,0.023010,-0.127994
0.082342,0.935074,0.163543,1.000000,-0.036991,0.096711
-0.005903,-0.049844,0.023010,-0.036991,1.000000,0.257274
0.022693,0.151339,-0.127994,0.096711,0.257274,1.000000
