atmos_pressure, temp_mean, rh_mean, vapor_pressure_mean, wspd_arith_mean
1.000000,-0.288429,0.174259,0.326794,-0.120930
-0.288429,1.000000,-0.978634,-0.848255,0.823429
0.174259,-0.978634,1.000000,0.897281,-0.810985
0.326794,-0.848255,0.897281,1.000000,-0.650900
-0.120930,0.823429,-0.810985,-0.650900,1.000000
