atmos_pressure, temp_mean, rh_mean, vapor_pressure_mean, wspd_arith_mean
1.000000,-0.082088,0.260630,0.151096,-0.666612
-0.082088,1.000000,-0.903614,0.850727,0.607907
0.260630,-0.903614,1.000000,-0.544967,-0.597102
0.151096,0.850727,-0.544967,1.000000,0.463727
-0.666612,0.607907,-0.597102,0.463727,1.000000
