atmos_pressure, temp_mean, rh_mean, vapor_pressure_mean, wspd_arith_mean
1.000000,-0.390128,0.136922,-0.257320,-0.298808
-0.390128,1.000000,-0.337144,0.810009,0.118352
0.136922,-0.337144,1.000000,0.209057,-0.440752
-0.257320,0.810009,0.209057,1.000000,-0.131243
-0.298808,0.118352,-0.440752,-0.131243,1.000000
