atmos_pressure, temp_mean, rh_mean, vapor_pressure_mean, wspd_arith_mean
1.000000,-0.731930,0.040613,-0.692771,-0.172887
-0.731930,1.000000,-0.438991,0.706169,0.274221
0.040613,-0.438991,1.000000,0.275810,-0.404355
-0.692771,0.706169,0.275810,1.000000,0.017408
-0.172887,0.274221,-0.404355,0.017408,1.000000
