atmos_pressure, temp_mean, rh_mean, vapor_pressure_mean, wspd_arith_mean
1.000000,-0.644013,0.057653,-0.639823,-0.226929
-0.644013,1.000000,-0.349031,0.773850,0.270797
0.057653,-0.349031,1.000000,0.210533,-0.316915
-0.639823,0.773850,0.210533,1.000000,0.141351
-0.226929,0.270797,-0.316915,0.141351,1.000000
