atmos_pressure, temp_mean, rh_mean, vapor_pressure_mean, wspd_arith_mean
1.000000,-0.476322,0.164971,-0.347448,-0.475941
-0.476322,1.000000,-0.723022,0.185484,0.730593
0.164971,-0.723022,1.000000,0.529627,-0.161720
-0.347448,0.185484,0.529627,1.000000,0.648020
-0.475941,0.730593,-0.161720,0.648020,1.000000
