atmos_pressure, temp_mean, rh_mean, vapor_pressure_mean, wspd_arith_mean
1.000000,0.750254,-0.828616,-0.317341,0.527847
0.750254,1.000000,-0.967547,0.145226,0.456395
-0.828616,-0.967547,1.000000,0.093239,-0.521642
-0.317341,0.145226,0.093239,1.000000,-0.160759
0.527847,0.456395,-0.521642,-0.160759,1.000000
