atmos_pressure, temp_mean, rh_mean, vapor_pressure_mean, wspd_arith_mean
1.000000,-0.539329,0.049538,-0.789240,-0.558558
-0.539329,1.000000,-0.824801,0.230594,0.587165
0.049538,-0.824801,1.000000,0.355258,-0.407839
-0.789240,0.230594,0.355258,1.000000,0.269721
-0.558558,0.587165,-0.407839,0.269721,1.000000
