atmos_pressure, temp_mean, rh_mean, vapor_pressure_mean, wspd_arith_mean
1.000000,-0.763916,-0.536909,-0.962657,0.787263
-0.763916,1.000000,-0.079083,0.713797,-0.680214
-0.536909,-0.079083,1.000000,0.636785,-0.435616
-0.962657,0.713797,0.636785,1.000000,-0.833226
0.787263,-0.680214,-0.435616,-0.833226,1.000000
