atmos_pressure, temp_mean, rh_mean, vapor_pressure_mean, wspd_arith_mean
1.000000,0.108019,-0.591586,-0.950437,-0.075353
0.108019,1.000000,-0.851571,-0.183685,0.190752
-0.591586,-0.851571,1.000000,0.667441,-0.105982
-0.950437,-0.183685,0.667441,1.000000,0.144864
-0.075353,0.190752,-0.105982,0.144864,1.000000
