atmos_pressure, temp_mean, rh_mean, vapor_pressure_mean, wspd_arith_mean
1.000000,-0.097786,0.051628,0.007305,0.003650
-0.097786,1.000000,-0.951036,-0.827401,0.835216
0.051628,-0.951036,1.000000,0.946764,-0.898457
0.007305,-0.827401,0.946764,1.000000,-0.851903
0.003650,0.835216,-0.898457,-0.851903,1.000000
