atmos_pressure, temp_mean, rh_mean, vapor_pressure_mean, wspd_arith_mean
1.000000,-0.399668,-0.017722,-0.348292,-0.274415
-0.399668,1.000000,-0.221280,0.838898,0.186881
-0.017722,-0.221280,1.000000,0.260532,-0.452445
-0.348292,0.838898,0.260532,1.000000,-0.032650
-0.274415,0.186881,-0.452445,-0.032650,1.000000
