atmos_pressure, temp_mean, rh_mean, vapor_pressure_mean, wspd_arith_mean
1.000000,-0.544083,0.057973,-0.537237,-0.327301
-0.544083,1.000000,-0.512277,0.753216,0.502905
0.057973,-0.512277,1.000000,0.124072,-0.410249
-0.537237,0.753216,0.124072,1.000000,0.291385
-0.327301,0.502905,-0.410249,0.291385,1.000000
