atmos_pressure, temp_mean, rh_mean, vapor_pressure_mean, wspd_arith_mean
1.000000,0.586826,-0.633697,-0.622913,-0.307174
0.586826,1.000000,-0.975119,-0.724922,-0.282004
-0.633697,-0.975119,1.000000,0.838663,0.206008
-0.622913,-0.724922,0.838663,1.000000,0.046335
-0.307174,-0.282004,0.206008,0.046335,1.000000
