atmos_pressure, temp_mean, rh_mean, vapor_pressure_mean, wspd_arith_mean, tbrg_precip_total_corr
1.000000,0.749132,-0.590678,0.773492,0.628983,-0.367196
0.749132,1.000000,-0.908698,0.933796,0.541353,-0.349319
-0.590678,-0.908698,1.000000,-0.699526,-0.583155,0.223787
0.773492,0.933796,-0.699526,1.000000,0.424630,-0.410079
0.628983,0.541353,-0.583155,0.424630,1.000000,-0.240100
-0.367196,-0.349319,0.223787,-0.410079,-0.240100,1.000000
