atmos_pressure, temp_mean, rh_mean, vapor_pressure_mean, wspd_arith_mean
1.000000,-0.698135,-0.153013,-0.780048,-0.166923
-0.698135,1.000000,-0.324232,0.815516,0.277657
-0.153013,-0.324232,1.000000,0.192187,-0.335952
-0.780048,0.815516,0.192187,1.000000,0.123881
-0.166923,0.277657,-0.335952,0.123881,1.000000
