atmos_pressure, temp_mean, rh_mean, vapor_pressure_mean, wspd_arith_mean
1.000000,-0.299839,-0.103097,-0.453966,0.226795
-0.299839,1.000000,-0.841156,-0.534964,-0.222410
-0.103097,-0.841156,1.000000,0.899193,0.190487
-0.453966,-0.534964,0.899193,1.000000,0.111316
0.226795,-0.222410,0.190487,0.111316,1.000000
