atmos_pressure, temp_mean, rh_mean, vapor_pressure_mean, wspd_arith_mean
1.000000,-0.869098,0.876417,-0.374411,-0.855115
-0.869098,1.000000,-0.982556,0.700944,0.929788
0.876417,-0.982556,1.000000,-0.580240,-0.888962
-0.374411,0.700944,-0.580240,1.000000,0.638796
-0.855115,0.929788,-0.888962,0.638796,1.000000
