atmos_pressure, temp_mean, rh_mean, vapor_pressure_mean, wspd_arith_mean, tbrg_precip_total_corr
1.000000,-0.104994,-0.203813,-0.112725,-0.057487,-0.051745
-0.104994,1.000000,-0.095626,0.977157,0.086577,0.176619
-0.203813,-0.095626,1.000000,0.028861,-0.187145,0.014092
-0.112725,0.977157,0.028861,1.000000,0.060084,0.186252
-0.057487,0.086577,-0.187145,0.060084,1.000000,0.236227
-0.051745,0.176619,0.014092,0.186252,0.236227,1.000000
