atmos_pressure, temp_mean, rh_mean, vapor_pressure_mean, wspd_arith_mean
1.000000,-0.562745,-0.121872,-0.692594,-0.261824
-0.562745,1.000000,-0.501353,0.745528,0.354559
-0.121872,-0.501353,1.000000,0.136656,-0.349148
-0.692594,0.745528,0.136656,1.000000,0.177802
-0.261824,0.354559,-0.349148,0.177802,1.000000
