atmos_pressure, temp_mean, rh_mean, vapor_pressure_mean, wspd_arith_mean
1.000000,-0.609096,0.009389,-0.594854,-0.199886
-0.609096,1.000000,-0.469930,0.802638,0.351510
0.009389,-0.469930,1.000000,0.011516,-0.287198
-0.594854,0.802638,0.011516,1.000000,0.275937
-0.199886,0.351510,-0.287198,0.275937,1.000000
