atmos_pressure, temp_mean, rh_mean, vapor_pressure_mean, wspd_arith_mean, tbrg_precip_total_corr
1.000000,-0.417539,0.089959,-0.398875,-0.390014,0.022089
-0.417539,1.000000,-0.406628,0.850432,0.242637,0.115752
0.089959,-0.406628,1.000000,0.091128,-0.455794,-0.034006
-0.398875,0.850432,0.091128,1.000000,0.031102,0.115698
-0.390014,0.242637,-0.455794,0.031102,1.000000,-0.030862
0.022089,0.115752,-0.034006,0.115698,-0.030862,1.000000
