atmos_pressure, temp_mean, rh_mean, vapor_pressure_mean, wspd_arith_mean
1.000000,-0.353622,0.034203,-0.346794,-0.274359
-0.353622,1.000000,-0.358382,0.861598,0.084966
0.034203,-0.358382,1.000000,0.077469,-0.406909
-0.346794,0.861598,0.077469,1.000000,-0.074752
-0.274359,0.084966,-0.406909,-0.074752,1.000000
