atmos_pressure, temp_mean, rh_mean, vapor_pressure_mean, wspd_arith_mean
1.000000,-0.674662,-0.000752,-0.704278,-0.232716
-0.674662,1.000000,-0.401017,0.823350,0.247628
-0.000752,-0.401017,1.000000,0.115533,-0.335322
-0.704278,0.823350,0.115533,1.000000,0.103307
-0.232716,0.247628,-0.335322,0.103307,1.000000
