atmos_pressure, temp_mean, rh_mean, vapor_pressure_mean, wspd_arith_mean
1.000000,-0.526413,0.066962,-0.501724,-0.183936
-0.526413,1.000000,-0.598352,0.582666,0.514342
0.066962,-0.598352,1.000000,0.215633,-0.413603
-0.501724,0.582666,0.215633,1.000000,0.268662
-0.183936,0.514342,-0.413603,0.268662,1.000000
