atmos_pressure, temp_mean, rh_mean, vapor_pressure_mean, wspd_arith_mean
1.000000,-0.735187,0.654442,-0.292411,0.392392
-0.735187,1.000000,-0.972946,0.151701,-0.576130
0.654442,-0.972946,1.000000,0.065743,0.600883
-0.292411,0.151701,0.065743,1.000000,-0.017639
0.392392,-0.576130,0.600883,-0.017639,1.000000
