atmos_pressure, temp_mean, rh_mean, vapor_pressure_mean, wspd_arith_mean, tbrg_precip_total_corr
1.000000,-0.380781,0.245389,-0.172788,-0.551546,-0.056212
-0.380781,1.000000,-0.355290,0.749362,0.297670,0.129723
0.245389,-0.355290,1.000000,0.307614,-0.455256,-0.057728
-0.172788,0.749362,0.307614,1.000000,0.000772,0.109555
-0.551546,0.297670,-0.455256,0.000772,1.000000,0.164588
-0.056212,0.129723,-0.057728,0.109555,0.164588,1.000000
