atmos_pressure, temp_mean, rh_mean, vapor_pressure_mean, wspd_arith_mean
1.000000,-0.576855,-0.130355,-0.604650,-0.176848
-0.576855,1.000000,-0.399400,0.789227,0.372693
-0.130355,-0.399400,1.000000,0.161980,-0.332812
-0.604650,0.789227,0.161980,1.000000,0.232991
-0.176848,0.372693,-0.332812,0.232991,1.000000
