atmos_pressure, temp_mean, rh_mean, vapor_pressure_mean, wspd_arith_mean
1.000000,-0.421795,-0.129976,-0.457663,-0.215994
-0.421795,1.000000,-0.230833,0.820485,0.225825
-0.129976,-0.230833,1.000000,0.272786,-0.360494
-0.457663,0.820485,0.272786,1.000000,0.076742
-0.215994,0.225825,-0.360494,0.076742,1.000000
