atmos_pressure, temp_mean, rh_mean, vapor_pressure_mean, wspd_arith_mean
1.000000,-0.393195,-0.035276,-0.345230,-0.241708
-0.393195,1.000000,-0.220879,0.848159,0.146601
-0.035276,-0.220879,1.000000,0.251357,-0.470152
-0.345230,0.848159,0.251357,1.000000,-0.079333
-0.241708,0.146601,-0.470152,-0.079333,1.000000
