atmos_pressure, temp_mean, rh_mean, vapor_pressure_mean, wspd_arith_mean
1.000000,-0.659871,0.095327,-0.605382,-0.335103
-0.659871,1.000000,-0.531225,0.644953,0.415499
0.095327,-0.531225,1.000000,0.234267,-0.346269
-0.605382,0.644953,0.234267,1.000000,0.246687
-0.335103,0.415499,-0.346269,0.246687,1.000000
