atmos_pressure, temp_mean, rh_mean, vapor_pressure_mean, wspd_arith_mean
1.000000,-0.689761,0.511920,-0.376696,-0.054699
-0.689761,1.000000,-0.849329,0.442881,0.209390
0.511920,-0.849329,1.000000,0.090738,0.109818
-0.376696,0.442881,0.090738,1.000000,0.575936
-0.054699,0.209390,0.109818,0.575936,1.000000
