atmos_pressure, temp_mean, rh_mean, vapor_pressure_mean, wspd_arith_mean
1.000000,0.607760,-0.709274,-0.731209,0.101166
0.607760,1.000000,-0.984133,-0.931921,0.496495
-0.709274,-0.984133,1.000000,0.965692,-0.453747
-0.731209,-0.931921,0.965692,1.000000,-0.312888
0.101166,0.496495,-0.453747,-0.312888,1.000000
