atmos_pressure, temp_mean, rh_mean, vapor_pressure_mean, wspd_arith_mean
1.000000,-0.485618,-0.029847,-0.546505,-0.170427
-0.485618,1.000000,-0.507886,0.662229,0.234138
-0.029847,-0.507886,1.000000,0.215501,-0.198186
-0.546505,0.662229,0.215501,1.000000,0.136110
-0.170427,0.234138,-0.198186,0.136110,1.000000
