atmos_pressure, temp_mean, rh_mean, vapor_pressure_mean, wspd_arith_mean
1.000000,-0.296594,0.126002,-0.215500,-0.317580
-0.296594,1.000000,-0.580948,0.740615,0.183083
0.126002,-0.580948,1.000000,0.064666,-0.178934
-0.215500,0.740615,0.064666,1.000000,0.085047
-0.317580,0.183083,-0.178934,0.085047,1.000000
