atmos_pressure, temp_mean, rh_mean, vapor_pressure_mean, wspd_arith_mean
1.000000,-0.482072,0.046571,-0.522748,-0.203730
-0.482072,1.000000,-0.603713,0.745822,0.221317
0.046571,-0.603713,1.000000,0.021826,-0.134908
-0.522748,0.745822,0.021826,1.000000,0.188504
-0.203730,0.221317,-0.134908,0.188504,1.000000
