atmos_pressure, temp_mean, rh_mean, vapor_pressure_mean, wspd_arith_mean
1.000000,-0.301445,0.001526,-0.280457,-0.252925
-0.301445,1.000000,-0.375022,0.748808,0.124429
0.001526,-0.375022,1.000000,0.275776,-0.147438
-0.280457,0.748808,0.275776,1.000000,0.022245
-0.252925,0.124429,-0.147438,0.022245,1.000000
