atmos_pressure, temp_mean, rh_mean, vapor_pressure_mean, wspd_arith_mean
1.000000,-0.157947,0.250080,0.573065,0.135064
-0.157947,1.000000,-0.980622,-0.047012,0.750190
0.250080,-0.980622,1.000000,0.178434,-0.690731
0.573065,-0.047012,0.178434,1.000000,-0.007412
0.135064,0.750190,-0.690731,-0.007412,1.000000
