atmos_pressure, temp_mean, rh_mean, vapor_pressure_mean, wspd_arith_mean
1.000000,-0.753875,0.541546,-0.427568,0.665473
-0.753875,1.000000,-0.899629,0.004344,-0.506254
0.541546,-0.899629,1.000000,0.403628,0.226205
-0.427568,0.004344,0.403628,1.000000,-0.453156
0.665473,-0.506254,0.226205,-0.453156,1.000000
