atmos_pressure, temp_mean, rh_mean, vapor_pressure_mean, wspd_arith_mean
1.000000,-0.254876,0.039051,-0.211443,-0.177113
-0.254876,1.000000,-0.437925,0.825126,0.137754
0.039051,-0.437925,1.000000,0.091760,-0.216011
-0.211443,0.825126,0.091760,1.000000,0.019579
-0.177113,0.137754,-0.216011,0.019579,1.000000
