atmos_pressure, temp_mean, rh_mean, vapor_pressure_mean, wspd_arith_mean
1.000000,-0.403926,0.124432,-0.260602,-0.361738
-0.403926,1.000000,-0.540436,0.728389,0.162866
0.124432,-0.540436,1.000000,0.111356,-0.182434
-0.260602,0.728389,0.111356,1.000000,0.000622
-0.361738,0.162866,-0.182434,0.000622,1.000000
