atmos_pressure, temp_mean, rh_mean, vapor_pressure_mean, wspd_arith_mean
1.000000,-0.290176,-0.023819,-0.228081,-0.301486
-0.290176,1.000000,-0.341757,0.794619,0.042532
-0.023819,-0.341757,1.000000,0.212911,-0.183521
-0.228081,0.794619,0.212911,1.000000,-0.110623
-0.301486,0.042532,-0.183521,-0.110623,1.000000
