atmos_pressure, temp_mean, rh_mean, vapor_pressure_mean, wspd_arith_mean
1.000000,-0.934274,0.056648,-0.803385,0.281264
-0.934274,1.000000,-0.087915,0.862683,-0.288083
0.056648,-0.087915,1.000000,0.423045,-0.046929
-0.803385,0.862683,0.423045,1.000000,-0.271181
0.281264,-0.288083,-0.046929,-0.271181,1.000000
