atmos_pressure, temp_mean, rh_mean, vapor_pressure_mean, wspd_arith_mean
1.000000,-0.579615,0.061859,-0.541508,-0.235619
-0.579615,1.000000,-0.523795,0.712382,0.232614
0.061859,-0.523795,1.000000,0.138509,-0.247378
-0.541508,0.712382,0.138509,1.000000,0.118128
-0.235619,0.232614,-0.247378,0.118128,1.000000
