atmos_pressure, temp_mean, rh_mean, vapor_pressure_mean, wspd_arith_mean
1.000000,-0.308827,0.213710,-0.070281,-0.279615
-0.308827,1.000000,-0.324910,0.762646,0.047350
0.213710,-0.324910,1.000000,0.292566,-0.248969
-0.070281,0.762646,0.292566,1.000000,-0.143695
-0.279615,0.047350,-0.248969,-0.143695,1.000000
