atmos_pressure, temp_mean, rh_mean, vapor_pressure_mean, wspd_arith_mean
1.000000,-0.356026,0.059747,-0.313663,-0.207682
-0.356026,1.000000,-0.426249,0.813461,0.090672
0.059747,-0.426249,1.000000,0.104553,-0.199779
-0.313663,0.813461,0.104553,1.000000,-0.041721
-0.207682,0.090672,-0.199779,-0.041721,1.000000
