atmos_pressure, temp_mean, rh_mean, vapor_pressure_mean, wspd_arith_mean
1.000000,-0.570048,0.019374,-0.607826,-0.228144
-0.570048,1.000000,-0.509714,0.646402,0.122628
0.019374,-0.509714,1.000000,0.243164,-0.072880
-0.607826,0.646402,0.243164,1.000000,0.101104
-0.228144,0.122628,-0.072880,0.101104,1.000000
