atmos_pressure, temp_mean, rh_mean, vapor_pressure_mean, wspd_arith_mean
1.000000,-0.579602,0.441587,-0.176946,-0.663454
-0.579602,1.000000,-0.972326,0.381500,0.601090
0.441587,-0.972326,1.000000,-0.255625,-0.510080
-0.176946,0.381500,-0.255625,1.000000,0.157108
-0.663454,0.601090,-0.510080,0.157108,1.000000
