atmos_pressure, temp_mean, rh_mean, vapor_pressure_mean, wspd_arith_mean
1.000000,0.343985,-0.386347,-0.598831,-0.393781
0.343985,1.000000,-0.984861,-0.558343,0.070489
-0.386347,-0.984861,1.000000,0.657542,-0.078612
-0.598831,-0.558343,0.657542,1.000000,0.042069
-0.393781,0.070489,-0.078612,0.042069,1.000000
