atmos_pressure, temp_mean, rh_mean, vapor_pressure_mean, wspd_arith_mean
1.000000,-0.501797,0.066254,-0.438949,-0.211480
-0.501797,1.000000,-0.586910,0.571720,0.290072
0.066254,-0.586910,1.000000,0.245691,-0.177000
-0.438949,0.571720,0.245691,1.000000,0.181542
-0.211480,0.290072,-0.177000,0.181542,1.000000
