atmos_pressure, temp_mean, rh_mean, vapor_pressure_mean, wspd_arith_mean
1.000000,-0.125329,-0.107117,-0.367469,0.622107
-0.125329,1.000000,-0.954046,-0.752451,-0.070536
-0.107117,-0.954046,1.000000,0.902628,-0.124833
-0.367469,-0.752451,0.902628,1.000000,-0.336747
0.622107,-0.070536,-0.124833,-0.336747,1.000000
