atmos_pressure, temp_mean, rh_mean, vapor_pressure_mean, wspd_arith_mean
1.000000,-0.700934,0.624752,0.319544,-0.757217
-0.700934,1.000000,-0.989521,-0.133813,0.808917
0.624752,-0.989521,1.000000,0.169185,-0.789790
0.319544,-0.133813,0.169185,1.000000,-0.417897
-0.757217,0.808917,-0.789790,-0.417897,1.000000
