atmos_pressure, temp_mean, rh_mean, vapor_pressure_mean, wspd_arith_mean, tbrg_precip_total_corr
1.000000,-0.126479,-0.014759,-0.112946,-0.137952,-0.212775
-0.126479,1.000000,-0.314935,0.925591,-0.110959,0.138769
-0.014759,-0.314935,1.000000,0.043596,-0.047886,-0.040435
-0.112946,0.925591,0.043596,1.000000,-0.159306,0.108518
-0.137952,-0.110959,-0.047886,-0.159306,1.000000,0.189213
-0.212775,0.138769,-0.040435,0.108518,0.189213,1.000000
