atmos_pressure, temp_mean, rh_mean, vapor_pressure_mean, wspd_arith_mean
1.000000,-0.152630,-0.429585,-0.932229,-0.002842
-0.152630,1.000000,-0.791593,0.038294,-0.848703
-0.429585,-0.791593,1.000000,0.559959,0.725549
-0.932229,0.038294,0.559959,1.000000,0.078556
-0.002842,-0.848703,0.725549,0.078556,1.000000
