atmos_pressure, temp_mean, rh_mean, vapor_pressure_mean, wspd_arith_mean
1.000000,-0.299768,0.042057,-0.222166,-0.262280
-0.299768,1.000000,-0.357821,0.778470,0.151169
0.042057,-0.357821,1.000000,0.242284,-0.270316
-0.222166,0.778470,0.242284,1.000000,-0.014082
-0.262280,0.151169,-0.270316,-0.014082,1.000000
