atmos_pressure, temp_mean, rh_mean, vapor_pressure_mean, wspd_arith_mean
1.000000,-0.444636,0.041050,-0.486532,-0.220451
-0.444636,1.000000,-0.607795,0.585594,0.279600
0.041050,-0.607795,1.000000,0.218381,-0.158618
-0.486532,0.585594,0.218381,1.000000,0.174128
-0.220451,0.279600,-0.158618,0.174128,1.000000
