atmos_pressure, temp_mean, rh_mean, vapor_pressure_mean, wspd_arith_mean
1.000000,-0.446754,-0.016186,-0.396749,-0.319268
-0.446754,1.000000,-0.329874,0.768506,0.239169
-0.016186,-0.329874,1.000000,0.274043,-0.205386
-0.396749,0.768506,0.274043,1.000000,0.122598
-0.319268,0.239169,-0.205386,0.122598,1.000000
