atmos_pressure, temp_mean, rh_mean, vapor_pressure_mean, wspd_arith_mean
1.000000,-0.467870,0.086497,-0.368481,-0.170551
-0.467870,1.000000,-0.576214,0.449800,0.333739
0.086497,-0.576214,1.000000,0.371847,-0.112704
-0.368481,0.449800,0.371847,1.000000,0.278027
-0.170551,0.333739,-0.112704,0.278027,1.000000
