atmos_pressure, temp_mean, rh_mean, vapor_pressure_mean, wspd_arith_mean
1.000000,-0.322172,0.043933,-0.512257,-0.417636
-0.322172,1.000000,-0.919167,0.240056,0.725849
0.043933,-0.919167,1.000000,0.119173,-0.677438
-0.512257,0.240056,0.119173,1.000000,0.118951
-0.417636,0.725849,-0.677438,0.118951,1.000000
