atmos_pressure, temp_mean, rh_mean, vapor_pressure_mean, wspd_arith_mean
1.000000,-0.359906,0.089542,-0.239701,-0.224955
-0.359906,1.000000,-0.411357,0.706631,0.175343
0.089542,-0.411357,1.000000,0.246612,-0.159729
-0.239701,0.706631,0.246612,1.000000,0.052644
-0.224955,0.175343,-0.159729,0.052644,1.000000
