atmos_pressure, temp_mean, rh_mean, vapor_pressure_mean, wspd_arith_mean
1.000000,-0.799168,-0.512852,-0.903083,0.589873
-0.799168,1.000000,-0.042682,0.803339,-0.849951
-0.512852,-0.042682,1.000000,0.519664,0.131407
-0.903083,0.803339,0.519664,1.000000,-0.643646
0.589873,-0.849951,0.131407,-0.643646,1.000000
