atmos_pressure, temp_mean, rh_mean, vapor_pressure_mean, wspd_arith_mean
1.000000,-0.345561,0.018928,-0.300869,-0.292879
-0.345561,1.000000,-0.380167,0.789328,0.200935
0.018928,-0.380167,1.000000,0.214896,-0.269417
-0.300869,0.789328,0.214896,1.000000,0.029522
-0.292879,0.200935,-0.269417,0.029522,1.000000
