atmos_pressure, temp_mean, rh_mean, vapor_pressure_mean, wspd_arith_mean
1.000000,-0.310711,-0.193633,-0.439071,-0.312196
-0.310711,1.000000,-0.528582,0.707533,0.324082
-0.193633,-0.528582,1.000000,0.133129,-0.155477
-0.439071,0.707533,0.133129,1.000000,0.290815
-0.312196,0.324082,-0.155477,0.290815,1.000000
