atmos_pressure, temp_mean, rh_mean, vapor_pressure_mean, wspd_arith_mean
1.000000,-0.748726,0.554272,-0.917309,-0.742660
-0.748726,1.000000,-0.958981,0.741363,0.851084
0.554272,-0.958981,1.000000,-0.534707,-0.772171
-0.917309,0.741363,-0.534707,1.000000,0.766423
-0.742660,0.851084,-0.772171,0.766423,1.000000
