atmos_pressure, temp_mean, rh_mean, vapor_pressure_mean, wspd_arith_mean
1.000000,0.671158,-0.952652,-0.822451,0.750536
0.671158,1.000000,-0.643100,-0.254431,0.647301
-0.952652,-0.643100,1.000000,0.896286,-0.741886
-0.822451,-0.254431,0.896286,1.000000,-0.543401
0.750536,0.647301,-0.741886,-0.543401,1.000000
