atmos_pressure, temp_mean, rh_mean, vapor_pressure_mean, wspd_arith_mean
1.000000,-0.051934,-0.285690,-0.823275,-0.233033
-0.051934,1.000000,-0.927038,0.013454,0.380061
-0.285690,-0.927038,1.000000,0.352467,-0.189830
-0.823275,0.013454,0.352467,1.000000,0.558829
-0.233033,0.380061,-0.189830,0.558829,1.000000
