atmos_pressure, temp_mean, rh_mean, vapor_pressure_mean, wspd_arith_mean
1.000000,-0.307186,0.075426,-0.166029,-0.231656
-0.307186,1.000000,-0.422579,0.687361,0.104353
0.075426,-0.422579,1.000000,0.294374,-0.199241
-0.166029,0.687361,0.294374,1.000000,-0.061152
-0.231656,0.104353,-0.199241,-0.061152,1.000000
