atmos_pressure, temp_mean, rh_mean, vapor_pressure_mean, wspd_arith_mean
1.000000,-0.452318,0.119237,-0.396166,-0.311752
-0.452318,1.000000,-0.550784,0.630591,0.377762
0.119237,-0.550784,1.000000,0.251735,-0.276526
-0.396166,0.630591,0.251735,1.000000,0.171423
-0.311752,0.377762,-0.276526,0.171423,1.000000
