atmos_pressure, temp_mean, rh_mean, vapor_pressure_mean, wspd_arith_mean
1.000000,-0.880398,0.184548,-0.958371,-0.716226
-0.880398,1.000000,-0.593929,0.944456,0.588760
0.184548,-0.593929,1.000000,-0.308298,-0.074045
-0.958371,0.944456,-0.308298,1.000000,0.623770
-0.716226,0.588760,-0.074045,0.623770,1.000000
