atmos_pressure, temp_mean, rh_mean, vapor_pressure_mean, wspd_arith_mean, tbrg_precip_total_corr
1.000000,-0.113014,-0.482467,-0.378370,-0.266220,0.370843
-0.113014,1.000000,-0.376264,0.623734,-0.156142,0.262507
-0.482467,-0.376264,1.000000,0.435882,0.265380,-0.846416
-0.378370,0.623734,0.435882,1.000000,0.044071,-0.445816
-0.266220,-0.156142,0.265380,0.044071,1.000000,-0.322433
0.370843,0.262507,-0.846416,-0.445816,-0.322433,1.000000
