atmos_pressure, temp_mean, rh_mean, vapor_pressure_mean, wspd_arith_mean
1.000000,-0.349283,0.107569,-0.265441,-0.278038
-0.349283,1.000000,-0.499519,0.780164,0.267285
0.107569,-0.499519,1.000000,0.089375,-0.292897
-0.265441,0.780164,0.089375,1.000000,0.087335
-0.278038,0.267285,-0.292897,0.087335,1.000000
