atmos_pressure, temp_mean, rh_mean, vapor_pressure_mean, wspd_arith_mean
1.000000,-0.372540,-0.157982,-0.357496,-0.323068
-0.372540,1.000000,-0.218569,0.825883,0.025697
-0.157982,-0.218569,1.000000,0.284398,-0.215566
-0.357496,0.825883,0.284398,1.000000,-0.102640
-0.323068,0.025697,-0.215566,-0.102640,1.000000
