atmos_pressure, temp_mean, rh_mean, vapor_pressure_mean, wspd_arith_mean
1.000000,-0.667394,0.746880,-0.192547,-0.716659
-0.667394,1.000000,-0.982576,0.828035,0.648395
0.746880,-0.982576,1.000000,-0.720440,-0.673105
-0.192547,0.828035,-0.720440,1.000000,0.310820
-0.716659,0.648395,-0.673105,0.310820,1.000000
