atmos_pressure, temp_mean, rh_mean, vapor_pressure_mean, wspd_arith_mean
1.000000,-0.766644,0.665955,-0.723505,-0.644820
-0.766644,1.000000,-0.974032,0.887629,0.572286
0.665955,-0.974032,1.000000,-0.777504,-0.465520
-0.723505,0.887629,-0.777504,1.000000,0.601436
-0.644820,0.572286,-0.465520,0.601436,1.000000
