atmos_pressure, temp_mean, rh_mean, vapor_pressure_mean, wspd_arith_mean
1.000000,-0.592822,-0.040796,-0.574242,-0.250921
-0.592822,1.000000,-0.385955,0.858161,0.287541
-0.040796,-0.385955,1.000000,0.053290,-0.137047
-0.574242,0.858161,0.053290,1.000000,0.326341
-0.250921,0.287541,-0.137047,0.326341,1.000000
