atmos_pressure, temp_mean, rh_mean, vapor_pressure_mean, wspd_arith_mean
1.000000,-0.238943,-0.018859,-0.212200,-0.257796
-0.238943,1.000000,-0.360527,0.876169,0.086496
-0.018859,-0.360527,1.000000,0.079917,-0.201872
-0.212200,0.876169,0.079917,1.000000,0.019145
-0.257796,0.086496,-0.201872,0.019145,1.000000
