atmos_pressure, temp_mean, rh_mean, vapor_pressure_mean, wspd_arith_mean
1.000000,-0.076348,0.013194,0.026594,-0.078634
-0.076348,1.000000,-0.993039,-0.090809,-0.608724
0.013194,-0.993039,1.000000,0.173905,0.616570
0.026594,-0.090809,0.173905,1.000000,0.066061
-0.078634,-0.608724,0.616570,0.066061,1.000000
