atmos_pressure, temp_mean, rh_mean, vapor_pressure_mean, wspd_arith_mean
1.000000,0.485276,-0.461797,0.557086,-0.070928
0.485276,1.000000,-0.976565,0.889753,-0.237898
-0.461797,-0.976565,1.000000,-0.778812,0.268858
0.557086,0.889753,-0.778812,1.000000,-0.119246
-0.070928,-0.237898,0.268858,-0.119246,1.000000
