atmos_pressure, temp_mean, rh_mean, vapor_pressure_mean, wspd_arith_mean
1.000000,-0.348693,0.123878,-0.214618,-0.357835
-0.348693,1.000000,-0.272790,0.843650,0.010430
0.123878,-0.272790,1.000000,0.212879,-0.209844
-0.214618,0.843650,0.212879,1.000000,-0.104833
-0.357835,0.010430,-0.209844,-0.104833,1.000000
