atmos_pressure, temp_mean, rh_mean, vapor_pressure_mean, wspd_arith_mean
1.000000,-0.552933,-0.105766,-0.629814,-0.228830
-0.552933,1.000000,-0.415274,0.819910,0.208545
-0.105766,-0.415274,1.000000,0.114619,-0.092679
-0.629814,0.819910,0.114619,1.000000,0.188258
-0.228830,0.208545,-0.092679,0.188258,1.000000
