atmos_pressure, temp_mean, rh_mean, vapor_pressure_mean, wspd_arith_mean
1.000000,0.016368,0.367988,0.447454,-0.752599
0.016368,1.000000,-0.686170,0.609116,-0.146972
0.367988,-0.686170,1.000000,0.155018,0.023289
0.447454,0.609116,0.155018,1.000000,-0.209256
-0.752599,-0.146972,0.023289,-0.209256,1.000000
