atmos_pressure, temp_mean, rh_mean, vapor_pressure_mean, wspd_arith_mean
1.000000,-0.352666,-0.044747,-0.321178,-0.345969
-0.352666,1.000000,-0.242198,0.834851,0.086339
-0.044747,-0.242198,1.000000,0.263993,-0.205639
-0.321178,0.834851,0.263993,1.000000,-0.024272
-0.345969,0.086339,-0.205639,-0.024272,1.000000
