atmos_pressure, temp_mean, rh_mean, vapor_pressure_mean, wspd_arith_mean, tbrg_precip_total_corr
1.000000,-0.515005,-0.708536,-0.681727,-0.243546,0.343787
-0.515005,1.000000,0.221343,0.886994,0.349909,-0.277961
-0.708536,0.221343,1.000000,0.586587,0.149266,-0.222815
-0.681727,0.886994,0.586587,1.000000,0.387642,-0.265194
-0.243546,0.349909,0.149266,0.387642,1.000000,-0.152378
0.343787,-0.277961,-0.222815,-0.265194,-0.152378,1.000000
