atmos_pressure, temp_mean, rh_mean, vapor_pressure_mean, wspd_arith_mean
1.000000,-0.594751,0.001153,-0.558296,-0.200679
-0.594751,1.000000,-0.468496,0.763582,0.197784
0.001153,-0.468496,1.000000,0.099686,-0.062622
-0.558296,0.763582,0.099686,1.000000,0.241099
-0.200679,0.197784,-0.062622,0.241099,1.000000
