atmos_pressure, temp_mean, rh_mean, vapor_pressure_mean, wspd_arith_mean, tbrg_precip_total_corr
1.000000,-0.543195,-0.013253,-0.557284,-0.290810,nan
-0.543195,1.000000,-0.479157,0.462308,-0.126296,nan
-0.013253,-0.479157,1.000000,0.522372,-0.070364,nan
-0.557284,0.462308,0.522372,1.000000,-0.087057,nan
-0.290810,-0.126296,-0.070364,-0.087057,1.000000,nan
nan,nan,nan,nan,nan,nan
