atmos_pressure, temp_mean, rh_mean, vapor_pressure_mean, wspd_arith_mean
1.000000,-0.893917,0.740155,-0.752555,-0.097509
-0.893917,1.000000,-0.942320,0.638467,0.211833
0.740155,-0.942320,1.000000,-0.366707,-0.372777
-0.752555,0.638467,-0.366707,1.000000,-0.155840
-0.097509,0.211833,-0.372777,-0.155840,1.000000
