atmos_pressure, temp_mean, rh_mean, vapor_pressure_mean, wspd_arith_mean, tbrg_precip_total_corr
1.000000,-0.423112,0.105401,-0.322035,-0.519930,-0.021027
-0.423112,1.000000,-0.310895,0.803157,0.077434,0.102222
0.105401,-0.310895,1.000000,0.266436,-0.298993,0.066639
-0.322035,0.803157,0.266436,1.000000,-0.099015,0.138080
-0.519930,0.077434,-0.298993,-0.099015,1.000000,0.011109
-0.021027,0.102222,0.066639,0.138080,0.011109,1.000000
