atmos_pressure, temp_mean, rh_mean, vapor_pressure_mean, wspd_arith_mean
1.000000,-0.832856,0.749093,-0.449376,0.820272
-0.832856,1.000000,-0.927324,0.285047,-0.842104
0.749093,-0.927324,1.000000,0.066705,0.769713
-0.449376,0.285047,0.066705,1.000000,-0.297786
0.820272,-0.842104,0.769713,-0.297786,1.000000
