atmos_pressure, temp_mean, rh_mean, vapor_pressure_mean, wspd_arith_mean
1.000000,-0.733535,0.704125,0.430717,-0.682743
-0.733535,1.000000,-0.983030,-0.090656,0.811997
0.704125,-0.983030,1.000000,0.169018,-0.746307
0.430717,-0.090656,0.169018,1.000000,-0.228785
-0.682743,0.811997,-0.746307,-0.228785,1.000000
