atmos_pressure, temp_mean, rh_mean, vapor_pressure_mean, wspd_arith_mean
1.000000,-0.617958,-0.106104,-0.657217,-0.276137
-0.617958,1.000000,-0.354114,0.773069,0.196602
-0.106104,-0.354114,1.000000,0.251445,-0.101054
-0.657217,0.773069,0.251445,1.000000,0.140314
-0.276137,0.196602,-0.101054,0.140314,1.000000
