atmos_pressure, temp_mean, rh_mean, vapor_pressure_mean, wspd_arith_mean
1.000000,-0.832355,0.296586,-0.824532,0.335797
-0.832355,1.000000,-0.555527,0.933006,-0.543244
0.296586,-0.555527,1.000000,-0.225925,0.483400
-0.824532,0.933006,-0.225925,1.000000,-0.423658
0.335797,-0.543244,0.483400,-0.423658,1.000000
