atmos_pressure, temp_mean, rh_mean, vapor_pressure_mean, wspd_arith_mean
1.000000,-0.309748,-0.076145,-0.320002,-0.355454
-0.309748,1.000000,-0.341707,0.696940,0.125895
-0.076145,-0.341707,1.000000,0.372844,-0.053216
-0.320002,0.696940,0.372844,1.000000,0.088831
-0.355454,0.125895,-0.053216,0.088831,1.000000
