atmos_pressure, temp_mean, rh_mean, vapor_pressure_mean, wspd_arith_mean
1.000000,-0.367810,-0.059250,-0.376332,-0.338255
-0.367810,1.000000,-0.393080,0.877799,0.208174
-0.059250,-0.393080,1.000000,0.036968,-0.182451
-0.376332,0.877799,0.036968,1.000000,0.146120
-0.338255,0.208174,-0.182451,0.146120,1.000000
