atmos_pressure, temp_mean, rh_mean, vapor_pressure_mean, wspd_arith_mean
1.000000,-0.521860,0.050578,-0.441949,-0.273161
-0.521860,1.000000,-0.516696,0.536524,0.366847
0.050578,-0.516696,1.000000,0.354019,-0.151189
-0.441949,0.536524,0.354019,1.000000,0.310771
-0.273161,0.366847,-0.151189,0.310771,1.000000
