atmos_pressure, temp_mean, rh_mean, vapor_pressure_mean, wspd_arith_mean
1.000000,-0.578757,0.092408,-0.605135,-0.381466
-0.578757,1.000000,-0.569345,0.742872,0.234492
0.092408,-0.569345,1.000000,0.070083,-0.168562
-0.605135,0.742872,0.070083,1.000000,0.158298
-0.381466,0.234492,-0.168562,0.158298,1.000000
