atmos_pressure, temp_mean, rh_mean, vapor_pressure_mean, wspd_arith_mean
1.000000,-0.542651,-0.001578,-0.540729,-0.339948
-0.542651,1.000000,-0.434386,0.785844,0.225052
-0.001578,-0.434386,1.000000,0.138380,-0.191481
-0.540729,0.785844,0.138380,1.000000,0.141709
-0.339948,0.225052,-0.191481,0.141709,1.000000
