atmos_pressure, temp_mean, rh_mean, vapor_pressure_mean, wspd_arith_mean, tbrg_precip_total_corr
1.000000,-0.998445,-0.939538,-0.999389,-0.606130,nan
-0.998445,1.000000,0.919981,0.999770,0.599592,nan
-0.939538,0.919981,1.000000,0.928144,0.516025,nan
-0.999389,0.999770,0.928144,1.000000,0.599019,nan
-0.606130,0.599592,0.516025,0.599019,1.000000,nan
nan,nan,nan,nan,nan,nan
