atmos_pressure, temp_mean, rh_mean, vapor_pressure_mean, wspd_arith_mean
1.000000,-0.567143,-0.129734,-0.660338,-0.315251
-0.567143,1.000000,-0.307328,0.745892,0.201555
-0.129734,-0.307328,1.000000,0.333632,-0.051829
-0.660338,0.745892,0.333632,1.000000,0.168635
-0.315251,0.201555,-0.051829,0.168635,1.000000
