atmos_pressure, temp_mean, rh_mean, vapor_pressure_mean, wspd_arith_mean
1.000000,-0.530078,-0.258786,-0.632401,-0.208171
-0.530078,1.000000,-0.273647,0.700974,0.271653
-0.258786,-0.273647,1.000000,0.433218,-0.141139
-0.632401,0.700974,0.433218,1.000000,0.190882
-0.208171,0.271653,-0.141139,0.190882,1.000000
