atmos_pressure, temp_mean, rh_mean, vapor_pressure_mean, wspd_arith_mean
1.000000,-0.802093,-0.771551,-0.969322,0.618519
-0.802093,1.000000,0.296545,0.863318,-0.616042
-0.771551,0.296545,1.000000,0.734427,-0.563932
-0.969322,0.863318,0.734427,1.000000,-0.736765
0.618519,-0.616042,-0.563932,-0.736765,1.000000
