atmos_pressure, temp_mean, rh_mean, vapor_pressure_mean, wspd_arith_mean
1.000000,-0.653155,-0.009463,-0.678299,-0.266466
-0.653155,1.000000,-0.397294,0.807190,0.230981
-0.009463,-0.397294,1.000000,0.155838,-0.317457
-0.678299,0.807190,0.155838,1.000000,0.087685
-0.266466,0.230981,-0.317457,0.087685,1.000000
