atmos_pressure, temp_mean, rh_mean, vapor_pressure_mean, wspd_arith_mean, tbrg_precip_total_corr
1.000000,-0.650627,-0.268020,-0.620916,-0.203757,-0.086116
-0.650627,1.000000,0.143616,0.939856,0.340853,0.151874
-0.268020,0.143616,1.000000,0.436479,-0.098149,-0.101725
-0.620916,0.939856,0.436479,1.000000,0.271166,0.087118
-0.203757,0.340853,-0.098149,0.271166,1.000000,0.130975
-0.086116,0.151874,-0.101725,0.087118,0.130975,1.000000
