atmos_pressure, temp_mean, rh_mean, vapor_pressure_mean, wspd_arith_mean, tbrg_precip_total_corr
1.000000,-0.430003,0.515528,0.387113,-0.331501,nan
-0.430003,1.000000,-0.833063,-0.186844,0.350169,nan
0.515528,-0.833063,1.000000,0.697207,-0.188600,nan
0.387113,-0.186844,0.697207,1.000000,0.121982,nan
-0.331501,0.350169,-0.188600,0.121982,1.000000,nan
nan,nan,nan,nan,nan,nan
