atmos_pressure, temp_mean, rh_mean, vapor_pressure_mean, wspd_arith_mean, tbrg_precip_total_corr
1.000000,-0.230847,-0.681048,-0.796994,0.664411,nan
-0.230847,1.000000,-0.306415,0.491449,-0.006905,nan
-0.681048,-0.306415,1.000000,0.678148,-0.674715,nan
-0.796994,0.491449,0.678148,1.000000,-0.621412,nan
0.664411,-0.006905,-0.674715,-0.621412,1.000000,nan
nan,nan,nan,nan,nan,nan
