atmos_pressure, temp_mean, rh_mean, vapor_pressure_mean, wspd_arith_mean
1.000000,-0.374712,-0.328238,-0.490774,-0.328201
-0.374712,1.000000,-0.332169,0.781689,0.282373
-0.328238,-0.332169,1.000000,0.232314,-0.035289
-0.490774,0.781689,0.232314,1.000000,0.316615
-0.328201,0.282373,-0.035289,0.316615,1.000000
