atmos_pressure, temp_mean, rh_mean, vapor_pressure_mean, wspd_arith_mean
1.000000,-0.273346,-0.094451,-0.316671,-0.298659
-0.273346,1.000000,-0.375715,0.791829,0.148414
-0.094451,-0.375715,1.000000,0.224145,-0.168752
-0.316671,0.791829,0.224145,1.000000,0.032678
-0.298659,0.148414,-0.168752,0.032678,1.000000
