atmos_pressure, temp_mean, rh_mean, vapor_pressure_mean, wspd_arith_mean
1.000000,-0.637275,-0.189269,-0.732211,-0.244813
-0.637275,1.000000,-0.288227,0.841837,0.186671
-0.189269,-0.288227,1.000000,0.187968,-0.030431
-0.732211,0.841837,0.187968,1.000000,0.189377
-0.244813,0.186671,-0.030431,0.189377,1.000000
