atmos_pressure, temp_mean, rh_mean, vapor_pressure_mean, wspd_arith_mean, tbrg_precip_total_corr
1.000000,-0.271883,-0.109721,-0.394134,-0.487881,-0.078875
-0.271883,1.000000,-0.531947,0.781562,0.076129,0.152552
-0.109721,-0.531947,1.000000,0.064646,-0.150332,-0.010822
-0.394134,0.781562,0.064646,1.000000,0.036953,0.196859
-0.487881,0.076129,-0.150332,0.036953,1.000000,0.044461
-0.078875,0.152552,-0.010822,0.196859,0.044461,1.000000
