atmos_pressure, temp_mean, rh_mean, vapor_pressure_mean, wspd_arith_mean
1.000000,-0.618139,0.660876,-0.196886,-0.747628
-0.618139,1.000000,-0.830558,0.704239,0.585054
0.660876,-0.830558,1.000000,-0.206175,-0.699909
-0.196886,0.704239,-0.206175,1.000000,0.083970
-0.747628,0.585054,-0.699909,0.083970,1.000000
