atmos_pressure, temp_mean, rh_mean, vapor_pressure_mean, wspd_arith_mean, tbrg_precip_total_corr
1.000000,-0.087781,0.035328,-0.038332,-0.111473,0.002701
-0.087781,1.000000,-0.307893,0.973442,-0.077978,0.271802
0.035328,-0.307893,1.000000,-0.168384,-0.151722,-0.097463
-0.038332,0.973442,-0.168384,1.000000,-0.119489,0.272519
-0.111473,-0.077978,-0.151722,-0.119489,1.000000,0.148270
0.002701,0.271802,-0.097463,0.272519,0.148270,1.000000
