atmos_pressure, temp_mean, rh_mean, vapor_pressure_mean, wspd_arith_mean, tbrg_precip_total_corr
1.000000,-0.422056,0.100593,-0.416339,-0.321051,-0.040240
-0.422056,1.000000,-0.522297,0.833866,0.396166,0.238851
0.100593,-0.522297,1.000000,-0.005956,-0.357456,-0.084127
-0.416339,0.833866,-0.005956,1.000000,0.183789,0.210193
-0.321051,0.396166,-0.357456,0.183789,1.000000,0.029186
-0.040240,0.238851,-0.084127,0.210193,0.029186,1.000000
