atmos_pressure, temp_mean, rh_mean, vapor_pressure_mean, wspd_arith_mean
1.000000,-0.410712,-0.261404,-0.557266,-0.457613
-0.410712,1.000000,-0.406071,0.728870,0.240239
-0.261404,-0.406071,1.000000,0.266051,0.028937
-0.557266,0.728870,0.266051,1.000000,0.250354
-0.457613,0.240239,0.028937,0.250354,1.000000
