atmos_pressure, temp_mean, rh_mean, vapor_pressure_mean, wspd_arith_mean
1.000000,-0.621822,-0.037549,-0.651596,-0.077841
-0.621822,1.000000,-0.446694,0.758846,0.007428
-0.037549,-0.446694,1.000000,0.175086,-0.163338
-0.651596,0.758846,0.175086,1.000000,-0.095067
-0.077841,0.007428,-0.163338,-0.095067,1.000000
