atmos_pressure, temp_mean, rh_mean, vapor_pressure_mean, wspd_arith_mean
1.000000,-0.463070,-0.187054,-0.454159,-0.289009
-0.463070,1.000000,-0.129892,0.790037,0.218830
-0.187054,-0.129892,1.000000,0.431769,-0.027728
-0.454159,0.790037,0.431769,1.000000,0.206202
-0.289009,0.218830,-0.027728,0.206202,1.000000
