atmos_pressure, temp_mean, rh_mean, vapor_pressure_mean, wspd_arith_mean
1.000000,-0.487347,0.054085,-0.377455,-0.392567
-0.487347,1.000000,-0.286149,0.794390,0.122375
0.054085,-0.286149,1.000000,0.275340,-0.239684
-0.377455,0.794390,0.275340,1.000000,-0.006531
-0.392567,0.122375,-0.239684,-0.006531,1.000000
