atmos_pressure, temp_mean, rh_mean, vapor_pressure_mean, wspd_arith_mean
1.000000,-0.740490,0.610526,-0.730238,-0.249095
-0.740490,1.000000,-0.950823,0.831569,-0.190318
0.610526,-0.950823,1.000000,-0.626651,0.306718
-0.730238,0.831569,-0.626651,1.000000,0.067757
-0.249095,-0.190318,0.306718,0.067757,1.000000
