atmos_pressure, temp_mean, rh_mean, vapor_pressure_mean, wspd_arith_mean
1.000000,-0.912846,0.080116,-0.936891,-0.651970
-0.912846,1.000000,-0.344193,0.926523,0.749372
0.080116,-0.344193,1.000000,0.027422,-0.052080
-0.936891,0.926523,0.027422,1.000000,0.773339
-0.651970,0.749372,-0.052080,0.773339,1.000000
