atmos_pressure, temp_mean, rh_mean, vapor_pressure_mean, wspd_arith_mean, tbrg_precip_total_corr
1.000000,-0.828886,0.882852,-0.120451,0.712621,nan
-0.828886,1.000000,-0.963875,0.371747,-0.553810,nan
0.882852,-0.963875,1.000000,-0.138335,0.622904,nan
-0.120451,0.371747,-0.138335,1.000000,0.179268,nan
0.712621,-0.553810,0.622904,0.179268,1.000000,nan
nan,nan,nan,nan,nan,nan
