atmos_pressure, temp_mean, rh_mean, vapor_pressure_mean, wspd_arith_mean
1.000000,-0.316258,-0.001691,-0.312435,-0.280338
-0.316258,1.000000,-0.362980,0.839889,0.105037
-0.001691,-0.362980,1.000000,0.121882,-0.114395
-0.312435,0.839889,0.121882,1.000000,0.038156
-0.280338,0.105037,-0.114395,0.038156,1.000000
