atmos_pressure, temp_mean, rh_mean, vapor_pressure_mean, wspd_arith_mean, tbrg_precip_total_corr
1.000000,-0.698722,-0.722936,-0.801673,-0.554983,0.040605
-0.698722,1.000000,0.291973,0.905957,0.671183,-0.060836
-0.722936,0.291973,1.000000,0.617535,0.124686,-0.137148
-0.801673,0.905957,0.617535,1.000000,0.614216,-0.116998
-0.554983,0.671183,0.124686,0.614216,1.000000,0.086488
0.040605,-0.060836,-0.137148,-0.116998,0.086488,1.000000
