atmos_pressure, temp_mean, rh_mean, vapor_pressure_mean, wspd_arith_mean
1.000000,-0.770573,-0.063510,-0.915784,-0.903048
-0.770573,1.000000,-0.546386,0.652733,0.722598
-0.063510,-0.546386,1.000000,0.262534,-0.033198
-0.915784,0.652733,0.262534,1.000000,0.764339
-0.903048,0.722598,-0.033198,0.764339,1.000000
