atmos_pressure, temp_mean, rh_mean, vapor_pressure_mean, wspd_arith_mean
1.000000,-0.766231,0.180099,-0.966754,-0.837139
-0.766231,1.000000,-0.753679,0.885358,0.614770
0.180099,-0.753679,1.000000,-0.369681,-0.065187
-0.966754,0.885358,-0.369681,1.000000,0.835547
-0.837139,0.614770,-0.065187,0.835547,1.000000
