atmos_pressure, temp_mean, rh_mean, vapor_pressure_mean, wspd_arith_mean
1.000000,-0.834666,0.217814,-0.965577,-0.762199
-0.834666,1.000000,-0.684623,0.846131,0.649368
0.217814,-0.684623,1.000000,-0.198089,-0.136414
-0.965577,0.846131,-0.198089,1.000000,0.747080
-0.762199,0.649368,-0.136414,0.747080,1.000000
