atmos_pressure, temp_mean, rh_mean, vapor_pressure_mean, wspd_arith_mean, tbrg_precip_total_corr
1.000000,-0.117789,-0.328176,-0.272648,-0.199393,0.034642
-0.117789,1.000000,0.027475,0.874561,0.076040,0.000100
-0.328176,0.027475,1.000000,0.485586,0.052912,-0.089690
-0.272648,0.874561,0.485586,1.000000,0.093787,-0.001177
-0.199393,0.076040,0.052912,0.093787,1.000000,-0.086581
0.034642,0.000100,-0.089690,-0.001177,-0.086581,1.000000
