atmos_pressure, temp_mean, rh_mean, vapor_pressure_mean, wspd_arith_mean
1.000000,-0.683749,0.451401,-0.583316,0.383079
-0.683749,1.000000,-0.918794,0.405219,-0.605334
0.451401,-0.918794,1.000000,-0.031702,0.496519
-0.583316,0.405219,-0.031702,1.000000,-0.550683
0.383079,-0.605334,0.496519,-0.550683,1.000000
