atmos_pressure, temp_mean, rh_mean, vapor_pressure_mean, wspd_arith_mean, tbrg_precip_total_corr
1.000000,-0.377826,-0.166360,-0.464308,-0.544698,-0.205689
-0.377826,1.000000,-0.340201,0.849532,0.096514,0.199074
-0.166360,-0.340201,1.000000,0.119450,-0.020884,-0.020215
-0.464308,0.849532,0.119450,1.000000,0.176351,0.215379
-0.544698,0.096514,-0.020884,0.176351,1.000000,0.094259
-0.205689,0.199074,-0.020215,0.215379,0.094259,1.000000
