atmos_pressure, temp_mean, rh_mean, vapor_pressure_mean, wspd_arith_mean
1.000000,-0.515207,-0.038187,-0.473472,-0.167351
-0.515207,1.000000,-0.361210,0.825077,0.156758
-0.038187,-0.361210,1.000000,0.149314,-0.297646
-0.473472,0.825077,0.149314,1.000000,0.006835
-0.167351,0.156758,-0.297646,0.006835,1.000000
