atmos_pressure, temp_mean, rh_mean, vapor_pressure_mean, wspd_arith_mean
1.000000,-0.445415,0.105478,-0.348331,-0.344609
-0.445415,1.000000,-0.395051,0.812673,0.246064
0.105478,-0.395051,1.000000,0.146845,-0.429794
-0.348331,0.812673,0.146845,1.000000,0.010647
-0.344609,0.246064,-0.429794,0.010647,1.000000
