atmos_pressure, temp_mean, rh_mean, vapor_pressure_mean, wspd_arith_mean, tbrg_precip_total_corr
1.000000,-0.665550,0.090154,-0.680115,-0.293571,-0.040763
-0.665550,1.000000,-0.601029,0.669193,0.421584,0.035004
0.090154,-0.601029,1.000000,0.131356,-0.295992,-0.034172
-0.680115,0.669193,0.131356,1.000000,0.394637,0.022529
-0.293571,0.421584,-0.295992,0.394637,1.000000,-0.075089
-0.040763,0.035004,-0.034172,0.022529,-0.075089,1.000000
