atmos_pressure, temp_mean, rh_mean, vapor_pressure_mean, wspd_arith_mean, tbrg_precip_total_corr
1.000000,-0.161835,0.036157,-0.108514,-0.125940,0.010256
-0.161835,1.000000,-0.083553,0.955530,0.029897,0.153861
0.036157,-0.083553,1.000000,0.126260,-0.059433,-0.107135
-0.108514,0.955530,0.126260,1.000000,0.014144,0.111676
-0.125940,0.029897,-0.059433,0.014144,1.000000,0.220373
0.010256,0.153861,-0.107135,0.111676,0.220373,1.000000
