atmos_pressure, temp_mean, rh_mean, vapor_pressure_mean, wspd_arith_mean, tbrg_precip_total_corr
1.000000,-0.339858,-0.080673,-0.392940,-0.243777,0.062086
-0.339858,1.000000,0.528179,0.819012,0.340817,-0.179928
-0.080673,0.528179,1.000000,0.449984,-0.136971,-0.374778
-0.392940,0.819012,0.449984,1.000000,0.313581,-0.055582
-0.243777,0.340817,-0.136971,0.313581,1.000000,0.111246
0.062086,-0.179928,-0.374778,-0.055582,0.111246,1.000000
