atmos_pressure, temp_mean, rh_mean, vapor_pressure_mean, wspd_arith_mean, tbrg_precip_total_corr
1.000000,-0.282645,-0.325418,-0.187000,-0.356949,0.191374
-0.282645,1.000000,0.767477,0.822274,0.082483,-0.233349
-0.325418,0.767477,1.000000,0.618214,0.073543,-0.378456
-0.187000,0.822274,0.618214,1.000000,0.082220,-0.101527
-0.356949,0.082483,0.073543,0.082220,1.000000,0.120053
0.191374,-0.233349,-0.378456,-0.101527,0.120053,1.000000
