atmos_pressure, temp_mean, rh_mean, vapor_pressure_mean, wspd_arith_mean
1.000000,-0.346205,0.126039,-0.203489,-0.283314
-0.346205,1.000000,-0.285513,0.784910,0.110946
0.126039,-0.285513,1.000000,0.292410,-0.311421
-0.203489,0.784910,0.292410,1.000000,-0.090347
-0.283314,0.110946,-0.311421,-0.090347,1.000000
