atmos_pressure, temp_mean, rh_mean, vapor_pressure_mean, wspd_arith_mean, tbrg_precip_total_corr
1.000000,0.031944,0.056527,0.046482,-0.123508,-0.018597
0.031944,1.000000,-0.071602,0.919076,-0.117265,0.117600
0.056527,-0.071602,1.000000,0.259478,-0.146549,-0.054799
0.046482,0.919076,0.259478,1.000000,-0.188955,0.069496
-0.123508,-0.117265,-0.146549,-0.188955,1.000000,0.129825
-0.018597,0.117600,-0.054799,0.069496,0.129825,1.000000
