atmos_pressure, temp_mean, rh_mean, vapor_pressure_mean, wspd_arith_mean, tbrg_precip_total_corr
1.000000,-0.544437,0.317138,-0.337978,-0.079429,-0.088225
-0.544437,1.000000,-0.523075,0.703601,-0.046206,0.022801
0.317138,-0.523075,1.000000,0.189736,-0.209119,0.036431
-0.337978,0.703601,0.189736,1.000000,-0.201914,0.055639
-0.079429,-0.046206,-0.209119,-0.201914,1.000000,-0.068459
-0.088225,0.022801,0.036431,0.055639,-0.068459,1.000000
