atmos_pressure, temp_mean, rh_mean, vapor_pressure_mean, wspd_arith_mean
1.000000,-0.319381,0.100292,-0.243203,-0.347497
-0.319381,1.000000,-0.397665,0.814178,0.192883
0.100292,-0.397665,1.000000,0.126149,-0.292622
-0.243203,0.814178,0.126149,1.000000,0.045442
-0.347497,0.192883,-0.292622,0.045442,1.000000
