atmos_pressure, temp_mean, rh_mean, vapor_pressure_mean, wspd_arith_mean
1.000000,-0.588371,0.203049,-0.554586,-0.336136
-0.588371,1.000000,-0.623516,0.775475,0.205152
0.203049,-0.623516,1.000000,-0.068713,-0.229888
-0.554586,0.775475,-0.068713,1.000000,0.107486
-0.336136,0.205152,-0.229888,0.107486,1.000000
