atmos_pressure, temp_mean, rh_mean, vapor_pressure_mean, wspd_arith_mean, tbrg_precip_total_corr
1.000000,-0.479667,-0.249319,-0.620192,-0.466925,-0.180797
-0.479667,1.000000,-0.270264,0.732656,0.177830,0.146059
-0.249319,-0.270264,1.000000,0.381226,-0.065542,0.032456
-0.620192,0.732656,0.381226,1.000000,0.178013,0.205623
-0.466925,0.177830,-0.065542,0.178013,1.000000,0.104286
-0.180797,0.146059,0.032456,0.205623,0.104286,1.000000
