atmos_pressure, temp_mean, rh_mean, vapor_pressure_mean, wspd_arith_mean, tbrg_precip_total_corr
1.000000,-0.326493,-0.123398,-0.285285,-0.228171,-0.003429
-0.326493,1.000000,-0.088069,0.972351,-0.146849,0.221827
-0.123398,-0.088069,1.000000,0.041229,0.071971,0.000818
-0.285285,0.972351,0.041229,1.000000,-0.148532,0.235906
-0.228171,-0.146849,0.071971,-0.148532,1.000000,0.063617
-0.003429,0.221827,0.000818,0.235906,0.063617,1.000000
