atmos_pressure, temp_mean, rh_mean, vapor_pressure_mean, wspd_arith_mean, tbrg_precip_total_corr
1.000000,-0.484514,-0.017765,-0.469519,-0.322771,-0.017882
-0.484514,1.000000,-0.362681,0.762668,0.280595,0.144025
-0.017765,-0.362681,1.000000,0.270896,-0.197281,-0.002875
-0.469519,0.762668,0.270896,1.000000,0.104181,0.160447
-0.322771,0.280595,-0.197281,0.104181,1.000000,-0.016557
-0.017882,0.144025,-0.002875,0.160447,-0.016557,1.000000
