atmos_pressure, temp_mean, rh_mean, vapor_pressure_mean, wspd_arith_mean, tbrg_precip_total_corr
1.000000,-0.617567,0.128004,-0.521212,-0.273858,-0.121405
-0.617567,1.000000,-0.411582,0.730659,0.270210,0.151173
0.128004,-0.411582,1.000000,0.256744,-0.261125,0.006006
-0.521212,0.730659,0.256744,1.000000,0.134386,0.176342
-0.273858,0.270210,-0.261125,0.134386,1.000000,-0.026027
-0.121405,0.151173,0.006006,0.176342,-0.026027,1.000000
