atmos_pressure, temp_mean, rh_mean, vapor_pressure_mean, wspd_arith_mean
1.000000,-0.418459,-0.077313,-0.367789,-0.244088
-0.418459,1.000000,-0.296707,0.808848,0.090697
-0.077313,-0.296707,1.000000,0.240249,-0.286168
-0.367789,0.808848,0.240249,1.000000,-0.065239
-0.244088,0.090697,-0.286168,-0.065239,1.000000
