atmos_pressure, temp_mean, rh_mean, vapor_pressure_mean, wspd_arith_mean, tbrg_precip_total_corr
1.000000,-0.190181,-0.155579,-0.177325,-0.263968,-0.077881
-0.190181,1.000000,-0.286310,0.958324,0.304880,0.223638
-0.155579,-0.286310,1.000000,-0.100541,-0.244892,-0.117062
-0.177325,0.958324,-0.100541,1.000000,0.275104,0.202520
-0.263968,0.304880,-0.244892,0.275104,1.000000,0.355250
-0.077881,0.223638,-0.117062,0.202520,0.355250,1.000000
