atmos_pressure, temp_mean, rh_mean, vapor_pressure_mean, wspd_arith_mean, tbrg_precip_total_corr
1.000000,-0.345295,0.003768,-0.324311,-0.374292,0.038518
-0.345295,1.000000,-0.257511,0.847942,-0.078613,0.135108
0.003768,-0.257511,1.000000,0.243297,-0.180223,-0.061632
-0.324311,0.847942,0.243297,1.000000,-0.170765,0.103898
-0.374292,-0.078613,-0.180223,-0.170765,1.000000,0.042525
0.038518,0.135108,-0.061632,0.103898,0.042525,1.000000
