atmos_pressure, temp_mean, rh_mean, vapor_pressure_mean, wspd_arith_mean, tbrg_precip_total_corr
1.000000,-0.135010,0.013827,-0.147698,-0.335668,-0.039109
-0.135010,1.000000,-0.401248,0.809156,0.351377,0.081676
0.013827,-0.401248,1.000000,0.176526,-0.378789,0.019221
-0.147698,0.809156,0.176526,1.000000,0.174746,0.128072
-0.335668,0.351377,-0.378789,0.174746,1.000000,0.105603
-0.039109,0.081676,0.019221,0.128072,0.105603,1.000000
