atmos_pressure, temp_mean, rh_mean, vapor_pressure_mean, wspd_arith_mean, tbrg_precip_total_corr
1.000000,-0.297633,-0.005597,-0.344902,-0.381192,-0.050833
-0.297633,1.000000,-0.434273,0.839398,0.342803,0.055601
-0.005597,-0.434273,1.000000,0.090783,-0.203895,0.030471
-0.344902,0.839398,0.090783,1.000000,0.299487,0.067434
-0.381192,0.342803,-0.203895,0.299487,1.000000,-0.084738
-0.050833,0.055601,0.030471,0.067434,-0.084738,1.000000
