atmos_pressure, temp_mean, rh_mean, vapor_pressure_mean, wspd_arith_mean
1.000000,-0.500278,-0.021067,-0.455161,-0.300574
-0.500278,1.000000,-0.362607,0.837681,0.148618
-0.021067,-0.362607,1.000000,0.132435,-0.253272
-0.455161,0.837681,0.132435,1.000000,0.009798
-0.300574,0.148618,-0.253272,0.009798,1.000000
