atmos_pressure, temp_mean, rh_mean, vapor_pressure_mean, wspd_arith_mean, tbrg_precip_total_corr
1.000000,-0.180116,-0.097242,-0.155463,-0.276054,0.001957
-0.180116,1.000000,-0.507435,0.859729,0.255709,0.193378
-0.097242,-0.507435,1.000000,-0.049613,-0.247742,-0.074199
-0.155463,0.859729,-0.049613,1.000000,0.203735,0.198702
-0.276054,0.255709,-0.247742,0.203735,1.000000,0.087709
0.001957,0.193378,-0.074199,0.198702,0.087709,1.000000
