atmos_pressure, temp_mean, rh_mean, vapor_pressure_mean, wspd_arith_mean
1.000000,-0.517512,-0.033942,-0.472035,-0.209767
-0.517512,1.000000,-0.345063,0.824184,0.163929
-0.033942,-0.345063,1.000000,0.169584,-0.241456
-0.472035,0.824184,0.169584,1.000000,0.037007
-0.209767,0.163929,-0.241456,0.037007,1.000000
