atmos_pressure, temp_mean, rh_mean, vapor_pressure_mean, wspd_arith_mean, tbrg_precip_total_corr
1.000000,-0.248316,0.031172,-0.216080,-0.146586,-0.102305
-0.248316,1.000000,-0.331447,0.929515,0.169364,0.215266
0.031172,-0.331447,1.000000,-0.020549,-0.161236,-0.033705
-0.216080,0.929515,-0.020549,1.000000,0.141583,0.226869
-0.146586,0.169364,-0.161236,0.141583,1.000000,0.217960
-0.102305,0.215266,-0.033705,0.226869,0.217960,1.000000
