atmos_pressure, temp_mean, rh_mean, vapor_pressure_mean, wspd_arith_mean
1.000000,-0.423271,0.062196,-0.332306,-0.300749
-0.423271,1.000000,-0.375908,0.833084,0.196618
0.062196,-0.375908,1.000000,0.119101,-0.321846
-0.332306,0.833084,0.119101,1.000000,0.036878
-0.300749,0.196618,-0.321846,0.036878,1.000000
