atmos_pressure, temp_mean, rh_mean, vapor_pressure_mean, wspd_arith_mean, tbrg_precip_total_corr
1.000000,-0.280427,0.122676,-0.222949,-0.458846,-0.076974
-0.280427,1.000000,-0.424053,0.860521,-0.103027,0.186684
0.122676,-0.424053,1.000000,0.059030,-0.119161,0.016208
-0.222949,0.860521,0.059030,1.000000,-0.213390,0.233155
-0.458846,-0.103027,-0.119161,-0.213390,1.000000,-0.050099
-0.076974,0.186684,0.016208,0.233155,-0.050099,1.000000
