atmos_pressure, temp_mean, rh_mean, vapor_pressure_mean, wspd_arith_mean, tbrg_precip_total_corr
1.000000,-0.396866,0.027797,-0.339548,-0.351189,-0.113641
-0.396866,1.000000,-0.157001,0.971392,0.016849,0.309934
0.027797,-0.157001,1.000000,-0.045396,-0.117469,-0.034025
-0.339548,0.971392,-0.045396,1.000000,-0.033320,0.329141
-0.351189,0.016849,-0.117469,-0.033320,1.000000,0.156637
-0.113641,0.309934,-0.034025,0.329141,0.156637,1.000000
