atmos_pressure, temp_mean, rh_mean, vapor_pressure_mean, wspd_arith_mean, tbrg_precip_total_corr
1.000000,-0.202587,-0.000288,-0.184462,-0.439554,-0.113266
-0.202587,1.000000,-0.439259,0.756651,0.416601,0.162218
-0.000288,-0.439259,1.000000,0.219830,-0.362344,-0.110966
-0.184462,0.756651,0.219830,1.000000,0.185336,0.099922
-0.439554,0.416601,-0.362344,0.185336,1.000000,0.305811
-0.113266,0.162218,-0.110966,0.099922,0.305811,1.000000
