atmos_pressure, temp_mean, rh_mean, vapor_pressure_mean, wspd_arith_mean, tbrg_precip_total_corr
1.000000,-0.220956,-0.040153,-0.129094,-0.199857,-0.028134
-0.220956,1.000000,-0.430273,0.811114,0.287144,0.185271
-0.040153,-0.430273,1.000000,0.128416,-0.281496,-0.111216
-0.129094,0.811114,0.128416,1.000000,0.147737,0.140216
-0.199857,0.287144,-0.281496,0.147737,1.000000,0.084876
-0.028134,0.185271,-0.111216,0.140216,0.084876,1.000000
