atmos_pressure, temp_mean, rh_mean, vapor_pressure_mean, wspd_arith_mean
1.000000,-0.419889,0.043822,-0.336365,-0.262141
-0.419889,1.000000,-0.323004,0.801323,0.116547
0.043822,-0.323004,1.000000,0.225421,-0.267862
-0.336365,0.801323,0.225421,1.000000,-0.034084
-0.262141,0.116547,-0.267862,-0.034084,1.000000
