atmos_pressure, temp_mean, rh_mean, vapor_pressure_mean, wspd_arith_mean, tbrg_precip_total_corr
1.000000,-0.455356,0.113511,-0.391468,-0.356744,-0.097795
-0.455356,1.000000,-0.497511,0.842965,0.354369,0.248418
0.113511,-0.497511,1.000000,-0.016782,-0.316494,-0.029739
-0.391468,0.842965,-0.016782,1.000000,0.170322,0.285744
-0.356744,0.354369,-0.316494,0.170322,1.000000,-0.016137
-0.097795,0.248418,-0.029739,0.285744,-0.016137,1.000000
