atmos_pressure, temp_mean, rh_mean, vapor_pressure_mean, wspd_arith_mean
1.000000,-0.398995,-0.062724,-0.333880,-0.293865
-0.398995,1.000000,-0.274938,0.789446,0.167562
-0.062724,-0.274938,1.000000,0.293688,-0.256067
-0.333880,0.789446,0.293688,1.000000,0.013747
-0.293865,0.167562,-0.256067,0.013747,1.000000
