atmos_pressure, temp_mean, rh_mean, vapor_pressure_mean, wspd_arith_mean
1.000000,-0.416428,-0.045602,-0.374335,-0.273663
-0.416428,1.000000,-0.258493,0.826939,0.039920
-0.045602,-0.258493,1.000000,0.249279,-0.262261
-0.374335,0.826939,0.249279,1.000000,-0.114442
-0.273663,0.039920,-0.262261,-0.114442,1.000000
