atmos_pressure, temp_mean, rh_mean, vapor_pressure_mean, wspd_arith_mean, tbrg_precip_total_corr
1.000000,0.012346,-0.129871,-0.015118,-0.232297,-0.153124
0.012346,1.000000,-0.004099,0.916742,-0.071325,0.112919
-0.129871,-0.004099,1.000000,0.347950,-0.135556,-0.054872
-0.015118,0.916742,0.347950,1.000000,-0.146645,0.078315
-0.232297,-0.071325,-0.135556,-0.146645,1.000000,0.240772
-0.153124,0.112919,-0.054872,0.078315,0.240772,1.000000
