atmos_pressure, temp_mean, rh_mean, vapor_pressure_mean, wspd_arith_mean, tbrg_precip_total_corr
1.000000,-0.468106,0.142643,-0.396506,-0.333387,-0.102969
-0.468106,1.000000,-0.408665,0.739943,0.285744,0.136754
0.142643,-0.408665,1.000000,0.254545,-0.364278,-0.153497
-0.396506,0.739943,0.254545,1.000000,0.070296,0.049233
-0.333387,0.285744,-0.364278,0.070296,1.000000,0.061919
-0.102969,0.136754,-0.153497,0.049233,0.061919,1.000000
