atmos_pressure, temp_mean, rh_mean, vapor_pressure_mean, wspd_arith_mean, tbrg_precip_total_corr
1.000000,-0.126133,0.109120,-0.029553,-0.404468,-0.031720
-0.126133,1.000000,-0.326145,0.827545,0.049073,0.107219
0.109120,-0.326145,1.000000,0.216704,-0.430066,-0.010353
-0.029553,0.827545,0.216704,1.000000,-0.197171,0.104150
-0.404468,0.049073,-0.430066,-0.197171,1.000000,0.010206
-0.031720,0.107219,-0.010353,0.104150,0.010206,1.000000
