atmos_pressure, temp_mean, rh_mean, vapor_pressure_mean, wspd_arith_mean, tbrg_precip_total_corr
1.000000,0.378334,-0.012267,0.388645,-0.183385,0.053945
0.378334,1.000000,-0.038002,0.958311,-0.247269,0.172906
-0.012267,-0.038002,1.000000,0.128016,-0.176838,-0.078737
0.388645,0.958311,0.128016,1.000000,-0.252825,0.161615
-0.183385,-0.247269,-0.176838,-0.252825,1.000000,0.097090
0.053945,0.172906,-0.078737,0.161615,0.097090,1.000000
