atmos_pressure, temp_mean, rh_mean, vapor_pressure_mean, wspd_arith_mean, tbrg_precip_total_corr
1.000000,-0.302131,0.142291,-0.238543,-0.358952,-0.043460
-0.302131,1.000000,-0.444969,0.866478,0.095506,0.122810
0.142291,-0.444969,1.000000,0.012556,-0.234948,-0.019111
-0.238543,0.866478,0.012556,1.000000,-0.042088,0.119741
-0.358952,0.095506,-0.234948,-0.042088,1.000000,-0.124142
-0.043460,0.122810,-0.019111,0.119741,-0.124142,1.000000
