atmos_pressure, temp_mean, rh_mean, vapor_pressure_mean, wspd_arith_mean
1.000000,-0.461052,-0.118349,-0.419260,-0.307261
-0.461052,1.000000,-0.148968,0.836730,0.027107
-0.118349,-0.148968,1.000000,0.342663,-0.223248
-0.419260,0.836730,0.342663,1.000000,-0.095172
-0.307261,0.027107,-0.223248,-0.095172,1.000000
