atmos_pressure, temp_mean, rh_mean, vapor_pressure_mean, wspd_arith_mean, tbrg_precip_total_corr
1.000000,-0.021767,-0.132291,-0.054624,-0.258203,0.019808
-0.021767,1.000000,-0.146828,0.961114,-0.031386,0.019347
-0.132291,-0.146828,1.000000,0.091468,-0.070532,-0.150683
-0.054624,0.961114,0.091468,1.000000,-0.069886,-0.028736
-0.258203,-0.031386,-0.070532,-0.069886,1.000000,0.296517
0.019808,0.019347,-0.150683,-0.028736,0.296517,1.000000
