atmos_pressure, temp_mean, rh_mean, vapor_pressure_mean, wspd_arith_mean, tbrg_precip_total_corr
1.000000,-0.237575,-0.196071,-0.233133,-0.193277,-0.041696
-0.237575,1.000000,-0.004005,0.977283,-0.351365,0.207116
-0.196071,-0.004005,1.000000,0.121224,0.078144,-0.056048
-0.233133,0.977283,0.121224,1.000000,-0.321963,0.203266
-0.193277,-0.351365,0.078144,-0.321963,1.000000,0.056201
-0.041696,0.207116,-0.056048,0.203266,0.056201,1.000000
