atmos_pressure, temp_mean, rh_mean, vapor_pressure_mean, wspd_arith_mean
1.000000,-0.582582,0.035870,-0.566117,-0.191432
-0.582582,1.000000,-0.447598,0.789818,0.008301
0.035870,-0.447598,1.000000,0.115080,-0.109951
-0.566117,0.789818,0.115080,1.000000,-0.063724
-0.191432,0.008301,-0.109951,-0.063724,1.000000
