atmos_pressure, temp_mean, rh_mean, vapor_pressure_mean, wspd_arith_mean, tbrg_precip_total_corr
1.000000,-0.271835,-0.056080,-0.179935,-0.117569,-0.082879
-0.271835,1.000000,-0.115317,0.953563,0.041760,0.130787
-0.056080,-0.115317,1.000000,0.103856,-0.167432,-0.050096
-0.179935,0.953563,0.103856,1.000000,-0.027269,0.106388
-0.117569,0.041760,-0.167432,-0.027269,1.000000,0.358748
-0.082879,0.130787,-0.050096,0.106388,0.358748,1.000000
