atmos_pressure, temp_mean, rh_mean, vapor_pressure_mean, wspd_arith_mean
1.000000,-0.450253,-0.088171,-0.373005,-0.215184
-0.450253,1.000000,-0.114403,0.824018,-0.055760
-0.088171,-0.114403,1.000000,0.393892,-0.295626
-0.373005,0.824018,0.393892,1.000000,-0.218978
-0.215184,-0.055760,-0.295626,-0.218978,1.000000
