atmos_pressure, temp_mean, rh_mean, vapor_pressure_mean, wspd_arith_mean
1.000000,-0.403393,-0.138929,-0.349016,-0.166932
-0.403393,1.000000,-0.110620,0.801792,-0.074199
-0.138929,-0.110620,1.000000,0.433292,-0.265007
-0.349016,0.801792,0.433292,1.000000,-0.230575
-0.166932,-0.074199,-0.265007,-0.230575,1.000000
