atmos_pressure, temp_mean, rh_mean, vapor_pressure_mean, wspd_arith_mean
1.000000,-0.440118,-0.149129,-0.409770,-0.168738
-0.440118,1.000000,-0.120311,0.838285,-0.078512
-0.149129,-0.120311,1.000000,0.354855,-0.235199
-0.409770,0.838285,0.354855,1.000000,-0.204164
-0.168738,-0.078512,-0.235199,-0.204164,1.000000
