atmos_pressure, temp_mean, rh_mean, vapor_pressure_mean, wspd_arith_mean, tbrg_precip_total_corr
1.000000,-0.455984,0.035719,-0.418531,-0.350165,-0.094709
-0.455984,1.000000,-0.237838,0.834832,0.087762,0.078163
0.035719,-0.237838,1.000000,0.290495,-0.208881,0.056986
-0.418531,0.834832,0.290495,1.000000,-0.037580,0.102360
-0.350165,0.087762,-0.208881,-0.037580,1.000000,0.008870
-0.094709,0.078163,0.056986,0.102360,0.008870,1.000000
