atmos_pressure, temp_mean, rh_mean, vapor_pressure_mean, wspd_arith_mean, tbrg_precip_total_corr
1.000000,-0.528665,-0.033073,-0.490145,-0.341000,-0.147149
-0.528665,1.000000,-0.293465,0.808032,0.075703,0.160429
-0.033073,-0.293465,1.000000,0.250218,-0.220450,0.038236
-0.490145,0.808032,0.250218,1.000000,-0.039710,0.214033
-0.341000,0.075703,-0.220450,-0.039710,1.000000,0.036267
-0.147149,0.160429,0.038236,0.214033,0.036267,1.000000
