atmos_pressure, temp_mean, rh_mean, vapor_pressure_mean, wspd_arith_mean
1.000000,-0.416346,-0.067404,-0.394202,-0.338041
-0.416346,1.000000,-0.271240,0.798566,0.097809
-0.067404,-0.271240,1.000000,0.293514,-0.246556
-0.394202,0.798566,0.293514,1.000000,-0.038393
-0.338041,0.097809,-0.246556,-0.038393,1.000000
