atmos_pressure, temp_mean, rh_mean, vapor_pressure_mean, wspd_arith_mean
1.000000,-0.411621,-0.018370,-0.352371,-0.226676
-0.411621,1.000000,-0.263056,0.783879,0.079661
-0.018370,-0.263056,1.000000,0.317685,-0.262849
-0.352371,0.783879,0.317685,1.000000,-0.079274
-0.226676,0.079661,-0.262849,-0.079274,1.000000
