atmos_pressure, temp_mean, rh_mean, vapor_pressure_mean, wspd_arith_mean, tbrg_precip_total_corr
1.000000,-0.162179,0.247854,0.016216,-0.490353,-0.194402
-0.162179,1.000000,-0.275392,0.883618,-0.123275,0.072685
0.247854,-0.275392,1.000000,0.164876,-0.297434,-0.311662
0.016216,0.883618,0.164876,1.000000,-0.293753,-0.065451
-0.490353,-0.123275,-0.297434,-0.293753,1.000000,0.189368
-0.194402,0.072685,-0.311662,-0.065451,0.189368,1.000000
