atmos_pressure, temp_mean, rh_mean, vapor_pressure_mean, wspd_arith_mean
1.000000,-0.437598,-0.100943,-0.394287,-0.190691
-0.437598,1.000000,-0.178247,0.820321,0.080685
-0.100943,-0.178247,1.000000,0.338356,-0.264836
-0.394287,0.820321,0.338356,1.000000,-0.074967
-0.190691,0.080685,-0.264836,-0.074967,1.000000
