atmos_pressure, temp_mean, rh_mean, vapor_pressure_mean, wspd_arith_mean, tbrg_precip_total_corr
1.000000,0.164310,-0.414253,0.025889,0.107721,-0.063576
0.164310,1.000000,0.052375,0.904017,-0.058204,0.133434
-0.414253,0.052375,1.000000,0.430814,-0.194338,-0.203912
0.025889,0.904017,0.430814,1.000000,-0.135780,-0.022823
0.107721,-0.058204,-0.194338,-0.135780,1.000000,0.102733
-0.063576,0.133434,-0.203912,-0.022823,0.102733,1.000000
