atmos_pressure, temp_mean, rh_mean, vapor_pressure_mean, wspd_arith_mean, tbrg_precip_total_corr
1.000000,0.206371,-0.040631,0.214102,-0.321952,-0.131345
0.206371,1.000000,-0.190367,0.952547,-0.123104,-0.007109
-0.040631,-0.190367,1.000000,0.080079,-0.168321,-0.118985
0.214102,0.952547,0.080079,1.000000,-0.181591,-0.065507
-0.321952,-0.123104,-0.168321,-0.181591,1.000000,0.292679
-0.131345,-0.007109,-0.118985,-0.065507,0.292679,1.000000
