atmos_pressure, temp_mean, rh_mean, vapor_pressure_mean, wspd_arith_mean
1.000000,-0.465208,-0.165571,-0.440432,-0.283486
-0.465208,1.000000,-0.131462,0.835738,0.012212
-0.165571,-0.131462,1.000000,0.362292,-0.210525
-0.440432,0.835738,0.362292,1.000000,-0.104952
-0.283486,0.012212,-0.210525,-0.104952,1.000000
