atmos_pressure, temp_mean, rh_mean, vapor_pressure_mean, wspd_arith_mean, tbrg_precip_total_corr
1.000000,-0.314410,0.300926,-0.138884,-0.518998,-0.098830
-0.314410,1.000000,-0.468654,0.785304,0.258805,0.273878
0.300926,-0.468654,1.000000,0.132394,-0.456812,-0.209871
-0.138884,0.785304,0.132394,1.000000,-0.038959,0.148263
-0.518998,0.258805,-0.456812,-0.038959,1.000000,0.221635
-0.098830,0.273878,-0.209871,0.148263,0.221635,1.000000
