atmos_pressure, temp_mean, rh_mean, vapor_pressure_mean, wspd_arith_mean
1.000000,-0.518507,0.106439,-0.367263,-0.280152
-0.518507,1.000000,-0.330047,0.796826,0.204951
0.106439,-0.330047,1.000000,0.214487,-0.377056
-0.367263,0.796826,0.214487,1.000000,0.007274
-0.280152,0.204951,-0.377056,0.007274,1.000000
