atmos_pressure, temp_mean, rh_mean, vapor_pressure_mean, wspd_arith_mean, tbrg_precip_total_corr
1.000000,-0.202551,0.086164,-0.109523,-0.168543,0.037477
-0.202551,1.000000,-0.643665,0.805786,0.412956,0.248026
0.086164,-0.643665,1.000000,-0.108342,-0.329523,-0.162587
-0.109523,0.805786,-0.108342,1.000000,0.308496,0.221800
-0.168543,0.412956,-0.329523,0.308496,1.000000,0.091841
0.037477,0.248026,-0.162587,0.221800,0.091841,1.000000
