atmos_pressure, temp_mean, rh_mean, vapor_pressure_mean, wspd_arith_mean
1.000000,-0.543617,0.108476,-0.590940,-0.169010
-0.543617,1.000000,-0.681057,0.607121,0.326254
0.108476,-0.681057,1.000000,0.118073,-0.313567
-0.590940,0.607121,0.118073,1.000000,0.143413
-0.169010,0.326254,-0.313567,0.143413,1.000000
