atmos_pressure, temp_mean, rh_mean, vapor_pressure_mean, wspd_arith_mean, tbrg_precip_total_corr
1.000000,-0.136817,-0.024004,-0.169125,-0.261817,-0.083119
-0.136817,1.000000,-0.448723,0.911235,0.129398,0.136908
-0.024004,-0.448723,1.000000,-0.097271,-0.140222,-0.060928
-0.169125,0.911235,-0.097271,1.000000,0.143897,0.141587
-0.261817,0.129398,-0.140222,0.143897,1.000000,0.205222
-0.083119,0.136908,-0.060928,0.141587,0.205222,1.000000
