atmos_pressure, temp_mean, rh_mean, vapor_pressure_mean, wspd_arith_mean
1.000000,-0.462931,0.027102,-0.399903,-0.278381
-0.462931,1.000000,-0.406439,0.824526,0.232096
0.027102,-0.406439,1.000000,0.106849,-0.340258
-0.399903,0.824526,0.106849,1.000000,0.048794
-0.278381,0.232096,-0.340258,0.048794,1.000000
