atmos_pressure, temp_mean, rh_mean, vapor_pressure_mean, wspd_arith_mean, tbrg_precip_total_corr
1.000000,-0.008312,0.016672,0.042324,-0.321480,-0.036524
-0.008312,1.000000,0.101623,0.944830,0.087792,0.175668
0.016672,0.101623,1.000000,0.344974,-0.205629,-0.204410
0.042324,0.944830,0.344974,1.000000,0.029072,0.124007
-0.321480,0.087792,-0.205629,0.029072,1.000000,0.301525
-0.036524,0.175668,-0.204410,0.124007,0.301525,1.000000
