atmos_pressure, temp_mean, rh_mean, vapor_pressure_mean, wspd_arith_mean, tbrg_precip_total_corr
1.000000,-0.347240,-0.196736,-0.272728,-0.353993,-0.044470
-0.347240,1.000000,0.225141,0.925711,0.150941,0.130246
-0.196736,0.225141,1.000000,0.447380,0.004979,0.038722
-0.272728,0.925711,0.447380,1.000000,0.103879,0.138806
-0.353993,0.150941,0.004979,0.103879,1.000000,0.331632
-0.044470,0.130246,0.038722,0.138806,0.331632,1.000000
