atmos_pressure, temp_mean, rh_mean, vapor_pressure_mean, wspd_arith_mean, tbrg_precip_total_corr
1.000000,-0.620812,-0.026684,-0.664082,-0.289822,0.027256
-0.620812,1.000000,-0.442901,0.750379,0.354238,0.011712
-0.026684,-0.442901,1.000000,0.193405,-0.393795,0.038107
-0.664082,0.750379,0.193405,1.000000,0.136608,0.065363
-0.289822,0.354238,-0.393795,0.136608,1.000000,-0.168699
0.027256,0.011712,0.038107,0.065363,-0.168699,1.000000
