atmos_pressure, temp_mean, rh_mean, vapor_pressure_mean, wspd_arith_mean, tbrg_precip_total_corr
1.000000,0.188493,0.012092,0.240461,-0.286482,0.114986
0.188493,1.000000,-0.368007,0.942657,-0.038818,0.189486
0.012092,-0.368007,1.000000,-0.107518,-0.158157,-0.230197
0.240461,0.942657,-0.107518,1.000000,-0.097385,0.163328
-0.286482,-0.038818,-0.158157,-0.097385,1.000000,0.195197
0.114986,0.189486,-0.230197,0.163328,0.195197,1.000000
