atmos_pressure, temp_mean, rh_mean, vapor_pressure_mean, wspd_arith_mean, tbrg_precip_total_corr
1.000000,-0.451385,0.072807,-0.367859,-0.541270,-0.083487
-0.451385,1.000000,-0.282407,0.778750,0.302489,0.190232
0.072807,-0.282407,1.000000,0.327736,-0.408500,-0.143653
-0.367859,0.778750,0.327736,1.000000,0.013563,0.126238
-0.541270,0.302489,-0.408500,0.013563,1.000000,0.088577
-0.083487,0.190232,-0.143653,0.126238,0.088577,1.000000
