atmos_pressure, temp_mean, rh_mean, vapor_pressure_mean, wspd_arith_mean, tbrg_precip_total_corr
1.000000,-0.196816,-0.190232,-0.177312,-0.150046,-0.064399
-0.196816,1.000000,-0.015774,0.971216,-0.168722,0.209407
-0.190232,-0.015774,1.000000,0.153324,0.012816,0.011776
-0.177312,0.971216,0.153324,1.000000,-0.169942,0.208566
-0.150046,-0.168722,0.012816,-0.169942,1.000000,0.213670
-0.064399,0.209407,0.011776,0.208566,0.213670,1.000000
