atmos_pressure, temp_mean, rh_mean, vapor_pressure_mean, wspd_arith_mean, tbrg_precip_total_corr
1.000000,-0.472152,0.189280,-0.379792,-0.388103,-0.095079
-0.472152,1.000000,-0.489231,0.836402,0.339961,0.178611
0.189280,-0.489231,1.000000,0.003263,-0.314071,-0.070565
-0.379792,0.836402,0.003263,1.000000,0.167918,0.153955
-0.388103,0.339961,-0.314071,0.167918,1.000000,0.107922
-0.095079,0.178611,-0.070565,0.153955,0.107922,1.000000
