atmos_pressure, temp_mean, rh_mean, vapor_pressure_mean, wspd_arith_mean
1.000000,-0.435352,0.018530,-0.461933,-0.273023
-0.435352,1.000000,-0.508475,0.721472,0.236224
0.018530,-0.508475,1.000000,0.153279,-0.285259
-0.461933,0.721472,0.153279,1.000000,0.094859
-0.273023,0.236224,-0.285259,0.094859,1.000000
