atmos_pressure, temp_mean, rh_mean, vapor_pressure_mean, wspd_arith_mean
1.000000,-0.419515,-0.104800,-0.355433,-0.227492
-0.419515,1.000000,-0.097050,0.876052,-0.029343
-0.104800,-0.097050,1.000000,0.284636,-0.269017
-0.355433,0.876052,0.284636,1.000000,-0.142608
-0.227492,-0.029343,-0.269017,-0.142608,1.000000
