atmos_pressure, temp_mean, rh_mean, vapor_pressure_mean, wspd_arith_mean, tbrg_precip_total_corr
1.000000,-0.515950,-0.010095,-0.505538,-0.291807,-0.055668
-0.515950,1.000000,-0.404178,0.822000,0.290860,0.101195
-0.010095,-0.404178,1.000000,0.128073,-0.177716,0.083370
-0.505538,0.822000,0.128073,1.000000,0.163279,0.147825
-0.291807,0.290860,-0.177716,0.163279,1.000000,0.018230
-0.055668,0.101195,0.083370,0.147825,0.018230,1.000000
