atmos_pressure, temp_mean, rh_mean, vapor_pressure_mean, wspd_arith_mean
1.000000,-0.460655,0.061336,-0.475165,-0.277429
-0.460655,1.000000,-0.532151,0.741961,0.181222
0.061336,-0.532151,1.000000,0.100343,-0.238971
-0.475165,0.741961,0.100343,1.000000,0.080247
-0.277429,0.181222,-0.238971,0.080247,1.000000
