atmos_pressure, temp_mean, rh_mean, vapor_pressure_mean, wspd_arith_mean
1.000000,-0.543737,-0.027513,-0.508796,-0.168190
-0.543737,1.000000,-0.380672,0.826285,0.132440
-0.027513,-0.380672,1.000000,0.125049,-0.281787
-0.508796,0.826285,0.125049,1.000000,-0.008399
-0.168190,0.132440,-0.281787,-0.008399,1.000000
