atmos_pressure, temp_mean, rh_mean, vapor_pressure_mean, wspd_arith_mean, tbrg_precip_total_corr
1.000000,-0.384895,0.097409,-0.309678,-0.528887,0.004978
-0.384895,1.000000,-0.326167,0.824301,0.210523,0.081711
0.097409,-0.326167,1.000000,0.226728,-0.425355,-0.062150
-0.309678,0.824301,0.226728,1.000000,-0.048613,0.042052
-0.528887,0.210523,-0.425355,-0.048613,1.000000,-0.091981
0.004978,0.081711,-0.062150,0.042052,-0.091981,1.000000
