atmos_pressure, temp_mean, rh_mean, vapor_pressure_mean, wspd_arith_mean, tbrg_precip_total_corr
1.000000,-0.793402,0.221996,-0.690051,-0.115009,0.028001
-0.793402,1.000000,-0.593530,0.561851,0.130059,0.056799
0.221996,-0.593530,1.000000,0.285755,0.158810,-0.073230
-0.690051,0.561851,0.285755,1.000000,0.380227,-0.075128
-0.115009,0.130059,0.158810,0.380227,1.000000,-0.028304
0.028001,0.056799,-0.073230,-0.075128,-0.028304,1.000000
