atmos_pressure, temp_mean, rh_mean, vapor_pressure_mean, wspd_arith_mean, tbrg_precip_total_corr
1.000000,0.209574,-0.126201,0.264820,-0.309723,0.146698
0.209574,1.000000,-0.427213,0.960355,-0.113507,0.250951
-0.126201,-0.427213,1.000000,-0.211367,-0.013060,-0.112662
0.264820,0.960355,-0.211367,1.000000,-0.168755,0.248253
-0.309723,-0.113507,-0.013060,-0.168755,1.000000,0.061793
0.146698,0.250951,-0.112662,0.248253,0.061793,1.000000
