atmos_pressure, temp_mean, rh_mean, vapor_pressure_mean, wspd_arith_mean, tbrg_precip_total_corr
1.000000,-0.457026,0.030563,-0.456814,-0.365118,-0.091474
-0.457026,1.000000,-0.368153,0.867160,0.105084,0.197600
0.030563,-0.368153,1.000000,0.088174,-0.121226,-0.018204
-0.456814,0.867160,0.088174,1.000000,0.015660,0.199984
-0.365118,0.105084,-0.121226,0.015660,1.000000,0.028823
-0.091474,0.197600,-0.018204,0.199984,0.028823,1.000000
