atmos_pressure, temp_mean, rh_mean, vapor_pressure_mean, wspd_arith_mean
1.000000,-0.546033,0.130392,-0.407896,-0.292374
-0.546033,1.000000,-0.352492,0.812658,0.146263
0.130392,-0.352492,1.000000,0.170351,-0.363334
-0.407896,0.812658,0.170351,1.000000,-0.033421
-0.292374,0.146263,-0.363334,-0.033421,1.000000
