atmos_pressure, temp_mean, rh_mean, vapor_pressure_mean, wspd_arith_mean, tbrg_precip_total_corr
1.000000,-0.342079,0.080392,-0.273205,-0.248796,-0.077599
-0.342079,1.000000,-0.273967,0.963143,0.028656,0.162341
0.080392,-0.273967,1.000000,-0.100980,-0.133583,-0.121317
-0.273205,0.963143,-0.100980,1.000000,-0.028900,0.128000
-0.248796,0.028656,-0.133583,-0.028900,1.000000,0.195184
-0.077599,0.162341,-0.121317,0.128000,0.195184,1.000000
