atmos_pressure, temp_mean, rh_mean, vapor_pressure_mean, wspd_arith_mean, tbrg_precip_total_corr
1.000000,-0.194200,0.049258,-0.158723,-0.257578,-0.074516
-0.194200,1.000000,-0.503264,0.970537,0.286175,0.211932
0.049258,-0.503264,1.000000,-0.354041,-0.234955,-0.159318
-0.158723,0.970537,-0.354041,1.000000,0.228334,0.205111
-0.257578,0.286175,-0.234955,0.228334,1.000000,0.186853
-0.074516,0.211932,-0.159318,0.205111,0.186853,1.000000
