atmos_pressure, temp_mean, rh_mean, vapor_pressure_mean, wspd_arith_mean
1.000000,-0.432925,0.077244,-0.363645,-0.349691
-0.432925,1.000000,-0.407219,0.821102,0.228915
0.077244,-0.407219,1.000000,0.121288,-0.400119
-0.363645,0.821102,0.121288,1.000000,0.014921
-0.349691,0.228915,-0.400119,0.014921,1.000000
