atmos_pressure, temp_mean, rh_mean, vapor_pressure_mean, wspd_arith_mean
1.000000,-0.434579,-0.012899,-0.429236,-0.268027
-0.434579,1.000000,-0.182175,0.863675,0.146869
-0.012899,-0.182175,1.000000,0.152261,-0.242855
-0.429236,0.863675,0.152261,1.000000,-0.000182
-0.268027,0.146869,-0.242855,-0.000182,1.000000
