atmos_pressure, temp_mean, rh_mean, vapor_pressure_mean, wspd_arith_mean, tbrg_precip_total_corr
1.000000,-0.492677,-0.143997,-0.643034,-0.283455,-0.068269
-0.492677,1.000000,-0.518955,0.667972,0.285108,0.065703
-0.143997,-0.518955,1.000000,0.230574,-0.235058,-0.013120
-0.643034,0.667972,0.230574,1.000000,0.180548,0.057207
-0.283455,0.285108,-0.235058,0.180548,1.000000,-0.055293
-0.068269,0.065703,-0.013120,0.057207,-0.055293,1.000000
