atmos_pressure, temp_mean, rh_mean, vapor_pressure_mean, wspd_arith_mean, tbrg_precip_total_corr
1.000000,-0.099569,-0.158900,-0.036201,-0.323736,-0.013167
-0.099569,1.000000,-0.272837,0.944341,0.060906,0.243732
-0.158900,-0.272837,1.000000,0.005385,-0.099930,-0.097187
-0.036201,0.944341,0.005385,1.000000,-0.027754,0.222292
-0.323736,0.060906,-0.099930,-0.027754,1.000000,0.311193
-0.013167,0.243732,-0.097187,0.222292,0.311193,1.000000
