atmos_pressure, temp_mean, rh_mean, vapor_pressure_mean, wspd_arith_mean
1.000000,-0.408601,-0.136677,-0.372630,-0.250725
-0.408601,1.000000,-0.215747,0.822615,0.066675
-0.136677,-0.215747,1.000000,0.291192,-0.276737
-0.372630,0.822615,0.291192,1.000000,-0.093482
-0.250725,0.066675,-0.276737,-0.093482,1.000000
