atmos_pressure, temp_mean, rh_mean, vapor_pressure_mean, wspd_arith_mean
1.000000,-0.529742,-0.068336,-0.496145,-0.186924
-0.529742,1.000000,-0.316743,0.830050,0.112818
-0.068336,-0.316743,1.000000,0.180458,-0.274573
-0.496145,0.830050,0.180458,1.000000,-0.018028
-0.186924,0.112818,-0.274573,-0.018028,1.000000
