atmos_pressure, temp_mean, rh_mean, vapor_pressure_mean, wspd_arith_mean, tbrg_precip_total_corr
1.000000,0.054014,0.236222,0.161499,-0.229002,-0.077476
0.054014,1.000000,-0.294969,0.939455,0.057299,0.124369
0.236222,-0.294969,1.000000,-0.031257,-0.185253,-0.126117
0.161499,0.939455,-0.031257,1.000000,0.004818,0.087305
-0.229002,0.057299,-0.185253,0.004818,1.000000,0.408548
-0.077476,0.124369,-0.126117,0.087305,0.408548,1.000000
