atmos_pressure, temp_mean, rh_mean, vapor_pressure_mean, wspd_arith_mean, tbrg_precip_total_corr
1.000000,-0.570053,0.085424,-0.545947,-0.379309,-0.039163
-0.570053,1.000000,-0.459082,0.864676,0.460977,0.173054
0.085424,-0.459082,1.000000,0.000353,-0.314122,-0.043723
-0.545947,0.864676,0.000353,1.000000,0.317311,0.167774
-0.379309,0.460977,-0.314122,0.317311,1.000000,0.049752
-0.039163,0.173054,-0.043723,0.167774,0.049752,1.000000
