atmos_pressure, temp_mean, rh_mean, vapor_pressure_mean, wspd_arith_mean, tbrg_precip_total_corr
1.000000,-0.061197,0.058550,-0.020553,-0.193037,-0.148590
-0.061197,1.000000,-0.170076,0.959349,0.043336,-0.250055
0.058550,-0.170076,1.000000,0.054505,-0.167282,-0.082802
-0.020553,0.959349,0.054505,1.000000,0.007651,-0.300880
-0.193037,0.043336,-0.167282,0.007651,1.000000,0.163871
-0.148590,-0.250055,-0.082802,-0.300880,0.163871,1.000000
