atmos_pressure, temp_mean, rh_mean, vapor_pressure_mean, wspd_arith_mean, tbrg_precip_total_corr
1.000000,-0.316007,-0.103046,-0.278340,-0.095324,-0.069103
-0.316007,1.000000,-0.146422,0.973055,0.035020,0.191860
-0.103046,-0.146422,1.000000,-0.018137,-0.087642,-0.065927
-0.278340,0.973055,-0.018137,1.000000,-0.019174,0.178913
-0.095324,0.035020,-0.087642,-0.019174,1.000000,0.205907
-0.069103,0.191860,-0.065927,0.178913,0.205907,1.000000
