atmos_pressure, temp_mean, rh_mean, vapor_pressure_mean, wspd_arith_mean
1.000000,-0.472929,-0.165151,-0.449370,-0.192668
-0.472929,1.000000,-0.198299,0.837113,0.073592
-0.165151,-0.198299,1.000000,0.280116,-0.148256
-0.449370,0.837113,0.280116,1.000000,-0.001661
-0.192668,0.073592,-0.148256,-0.001661,1.000000
