atmos_pressure, temp_mean, rh_mean, vapor_pressure_mean, wspd_arith_mean
1.000000,-0.407342,-0.072067,-0.448154,-0.304356
-0.407342,1.000000,-0.401476,0.766131,0.073611
-0.072067,-0.401476,1.000000,0.207919,-0.032047
-0.448154,0.766131,0.207919,1.000000,0.087459
-0.304356,0.073611,-0.032047,0.087459,1.000000
