atmos_pressure, temp_mean, rh_mean, vapor_pressure_mean, wspd_arith_mean
1.000000,-0.366478,-0.151958,-0.333258,-0.301649
-0.366478,1.000000,-0.198979,0.829520,0.085068
-0.151958,-0.198979,1.000000,0.295392,-0.147225
-0.333258,0.829520,0.295392,1.000000,-0.006310
-0.301649,0.085068,-0.147225,-0.006310,1.000000
