atmos_pressure, temp_mean, rh_mean, vapor_pressure_mean, wspd_arith_mean, tbrg_precip_total_corr
1.000000,0.189133,0.048892,0.261920,-0.226303,0.002230
0.189133,1.000000,-0.110739,0.957233,0.017152,0.146640
0.048892,-0.110739,1.000000,0.095364,-0.160875,-0.160710
0.261920,0.957233,0.095364,1.000000,-0.045278,0.109185
-0.226303,0.017152,-0.160875,-0.045278,1.000000,0.335451
0.002230,0.146640,-0.160710,0.109185,0.335451,1.000000
