atmos_pressure, temp_mean, rh_mean, vapor_pressure_mean, wspd_arith_mean, tbrg_precip_total_corr
1.000000,-0.082241,-0.201561,-0.133663,-0.414297,0.022618
-0.082241,1.000000,-0.080431,0.866086,-0.009906,0.164669
-0.201561,-0.080431,1.000000,0.365108,-0.170196,-0.135879
-0.133663,0.866086,0.365108,1.000000,-0.115091,0.083395
-0.414297,-0.009906,-0.170196,-0.115091,1.000000,-0.047797
0.022618,0.164669,-0.135879,0.083395,-0.047797,1.000000
