atmos_pressure, temp_mean, rh_mean, vapor_pressure_mean, wspd_arith_mean, tbrg_precip_total_corr
1.000000,0.051449,-0.093403,0.087696,-0.245873,-0.041884
0.051449,1.000000,-0.007761,0.976918,-0.031035,0.138540
-0.093403,-0.007761,1.000000,0.100783,-0.057045,-0.002890
0.087696,0.976918,0.100783,1.000000,-0.062369,0.127370
-0.245873,-0.031035,-0.057045,-0.062369,1.000000,0.198901
-0.041884,0.138540,-0.002890,0.127370,0.198901,1.000000
