atmos_pressure, temp_mean, rh_mean, vapor_pressure_mean, wspd_arith_mean
1.000000,-0.180189,-0.048928,-0.183752,-0.302756
-0.180189,1.000000,-0.154984,0.834454,0.112527
-0.048928,-0.154984,1.000000,0.335950,-0.212935
-0.183752,0.834454,0.335950,1.000000,-0.024771
-0.302756,0.112527,-0.212935,-0.024771,1.000000
