atmos_pressure, temp_mean, rh_mean, vapor_pressure_mean, wspd_arith_mean, tbrg_precip_total_corr
1.000000,0.204216,-0.020491,0.267037,-0.133277,0.091973
0.204216,1.000000,-0.375106,0.965260,-0.061500,0.148142
-0.020491,-0.375106,1.000000,-0.167406,-0.169039,-0.066419
0.267037,0.965260,-0.167406,1.000000,-0.138214,0.154182
-0.133277,-0.061500,-0.169039,-0.138214,1.000000,0.116620
0.091973,0.148142,-0.066419,0.154182,0.116620,1.000000
