atmos_pressure, temp_mean, rh_mean, vapor_pressure_mean, wspd_arith_mean, tbrg_precip_total_corr
1.000000,-0.291512,0.089979,-0.205888,-0.468939,0.011283
-0.291512,1.000000,-0.498467,0.848657,0.355679,0.166268
0.089979,-0.498467,1.000000,-0.013215,-0.260015,-0.108099
-0.205888,0.848657,-0.013215,1.000000,0.210641,0.133532
-0.468939,0.355679,-0.260015,0.210641,1.000000,0.025110
0.011283,0.166268,-0.108099,0.133532,0.025110,1.000000
