atmos_pressure, temp_mean, rh_mean, vapor_pressure_mean, wspd_arith_mean
1.000000,-0.576260,0.158906,-0.487119,-0.362920
-0.576260,1.000000,-0.534639,0.681673,0.340976
0.158906,-0.534639,1.000000,0.211647,-0.194780
-0.487119,0.681673,0.211647,1.000000,0.212987
-0.362920,0.340976,-0.194780,0.212987,1.000000
