atmos_pressure, temp_mean, rh_mean, vapor_pressure_mean, wspd_arith_mean
1.000000,-0.525475,-0.002303,-0.468617,-0.337927
-0.525475,1.000000,-0.329244,0.842955,0.221725
-0.002303,-0.329244,1.000000,0.167629,-0.318077
-0.468617,0.842955,0.167629,1.000000,0.045179
-0.337927,0.221725,-0.318077,0.045179,1.000000
