atmos_pressure, temp_mean, rh_mean, vapor_pressure_mean, wspd_arith_mean, tbrg_precip_total_corr
1.000000,-0.383744,-0.112779,-0.344377,-0.243747,-0.017360
-0.383744,1.000000,0.105765,0.945160,-0.084392,0.157179
-0.112779,0.105765,1.000000,0.352892,-0.117272,-0.026914
-0.344377,0.945160,0.352892,1.000000,-0.130417,0.134915
-0.243747,-0.084392,-0.117272,-0.130417,1.000000,0.203753
-0.017360,0.157179,-0.026914,0.134915,0.203753,1.000000
