atmos_pressure, temp_mean, rh_mean, vapor_pressure_mean, wspd_arith_mean, tbrg_precip_total_corr
1.000000,-0.163001,-0.180868,-0.146157,-0.114219,-0.132363
-0.163001,1.000000,-0.056501,0.972264,-0.063149,0.235851
-0.180868,-0.056501,1.000000,0.101088,-0.084814,-0.067700
-0.146157,0.972264,0.101088,1.000000,-0.098169,0.221266
-0.114219,-0.063149,-0.084814,-0.098169,1.000000,0.248113
-0.132363,0.235851,-0.067700,0.221266,0.248113,1.000000
