atmos_pressure, temp_mean, rh_mean, vapor_pressure_mean, wspd_arith_mean
1.000000,-0.550886,-0.027047,-0.510505,-0.221826
-0.550886,1.000000,-0.337113,0.840966,0.195919
-0.027047,-0.337113,1.000000,0.146877,-0.313965
-0.510505,0.840966,0.146877,1.000000,0.053791
-0.221826,0.195919,-0.313965,0.053791,1.000000
