atmos_pressure, temp_mean, rh_mean, vapor_pressure_mean, wspd_arith_mean
1.000000,-0.444099,-0.001023,-0.359716,-0.303686
-0.444099,1.000000,-0.281908,0.800323,0.229343
-0.001023,-0.281908,1.000000,0.271997,-0.354981
-0.359716,0.800323,0.271997,1.000000,0.031769
-0.303686,0.229343,-0.354981,0.031769,1.000000
