atmos_pressure, temp_mean, rh_mean, vapor_pressure_mean, wspd_arith_mean
1.000000,-0.648224,0.177724,-0.552037,-0.366840
-0.648224,1.000000,-0.537303,0.676651,0.439066
0.177724,-0.537303,1.000000,0.218492,-0.380248
-0.552037,0.676651,0.218492,1.000000,0.194506
-0.366840,0.439066,-0.380248,0.194506,1.000000
