atmos_pressure, temp_mean, rh_mean, vapor_pressure_mean, wspd_arith_mean, tbrg_precip_total_corr
1.000000,-0.037626,0.157290,0.156608,-0.278985,0.062535
-0.037626,1.000000,-0.083993,0.927750,0.196249,0.305388
0.157290,-0.083993,1.000000,0.205943,-0.258948,-0.101865
0.156608,0.927750,0.205943,1.000000,0.082677,0.282605
-0.278985,0.196249,-0.258948,0.082677,1.000000,0.295225
0.062535,0.305388,-0.101865,0.282605,0.295225,1.000000
