atmos_pressure, temp_mean, rh_mean, vapor_pressure_mean, wspd_arith_mean, tbrg_precip_total_corr
1.000000,-0.300962,-0.188659,-0.274506,-0.162149,-0.149984
-0.300962,1.000000,0.144112,0.962327,-0.055248,0.196493
-0.188659,0.144112,1.000000,0.384634,-0.377743,-0.049366
-0.274506,0.962327,0.384634,1.000000,-0.168829,0.166693
-0.162149,-0.055248,-0.377743,-0.168829,1.000000,0.024165
-0.149984,0.196493,-0.049366,0.166693,0.024165,1.000000
