atmos_pressure, temp_mean, rh_mean, vapor_pressure_mean, wspd_arith_mean, tbrg_precip_total_corr
1.000000,-0.273636,0.025814,-0.224086,-0.148828,-0.105763
-0.273636,1.000000,-0.300694,0.941247,0.051248,0.163022
0.025814,-0.300694,1.000000,-0.015018,-0.193270,-0.044278
-0.224086,0.941247,-0.015018,1.000000,0.022940,0.156561
-0.148828,0.051248,-0.193270,0.022940,1.000000,0.330564
-0.105763,0.163022,-0.044278,0.156561,0.330564,1.000000
