atmos_pressure, temp_mean, rh_mean, vapor_pressure_mean, wspd_arith_mean
1.000000,-0.500087,0.025381,-0.479674,-0.314462
-0.500087,1.000000,-0.409696,0.742943,0.217519
0.025381,-0.409696,1.000000,0.233069,-0.258944
-0.479674,0.742943,0.233069,1.000000,0.092477
-0.314462,0.217519,-0.258944,0.092477,1.000000
