atmos_pressure, temp_mean, rh_mean, vapor_pressure_mean, wspd_arith_mean, tbrg_precip_total_corr
1.000000,-0.389122,-0.049701,-0.299054,-0.177176,-0.065534
-0.389122,1.000000,-0.276588,0.881097,0.369265,0.271089
-0.049701,-0.276588,1.000000,0.143578,-0.369984,-0.025332
-0.299054,0.881097,0.143578,1.000000,0.237997,0.271983
-0.177176,0.369265,-0.369984,0.237997,1.000000,0.110451
-0.065534,0.271089,-0.025332,0.271983,0.110451,1.000000
