atmos_pressure, temp_mean, rh_mean, vapor_pressure_mean, wspd_arith_mean, tbrg_precip_total_corr
1.000000,0.030867,0.095485,0.170168,-0.393477,-0.022469
0.030867,1.000000,-0.198785,0.959990,0.049555,0.186981
0.095485,-0.198785,1.000000,0.008396,-0.168872,-0.168364
0.170168,0.959990,0.008396,1.000000,-0.050108,0.151185
-0.393477,0.049555,-0.168872,-0.050108,1.000000,0.272158
-0.022469,0.186981,-0.168364,0.151185,0.272158,1.000000
