atmos_pressure, temp_mean, rh_mean, vapor_pressure_mean, wspd_arith_mean
1.000000,-0.561934,0.104539,-0.411111,-0.336323
-0.561934,1.000000,-0.244251,0.817382,0.147422
0.104539,-0.244251,1.000000,0.272979,-0.313269
-0.411111,0.817382,0.272979,1.000000,-0.023675
-0.336323,0.147422,-0.313269,-0.023675,1.000000
