atmos_pressure, temp_mean, rh_mean, vapor_pressure_mean, wspd_arith_mean
1.000000,-0.457039,0.026031,-0.368045,-0.362488
-0.457039,1.000000,-0.264429,0.819828,0.214581
0.026031,-0.264429,1.000000,0.265923,-0.308731
-0.368045,0.819828,0.265923,1.000000,0.023131
-0.362488,0.214581,-0.308731,0.023131,1.000000
