atmos_pressure, temp_mean, rh_mean, vapor_pressure_mean, wspd_arith_mean, tbrg_precip_total_corr
1.000000,-0.362819,-0.083890,-0.327663,-0.292367,-0.136752
-0.362819,1.000000,-0.453537,0.868654,0.328539,0.183421
-0.083890,-0.453537,1.000000,-0.012266,-0.249502,-0.068393
-0.327663,0.868654,-0.012266,1.000000,0.228114,0.170146
-0.292367,0.328539,-0.249502,0.228114,1.000000,0.130965
-0.136752,0.183421,-0.068393,0.170146,0.130965,1.000000
