atmos_pressure, temp_mean, rh_mean, vapor_pressure_mean, wspd_arith_mean, tbrg_precip_total_corr
1.000000,-0.245493,0.024770,-0.191806,0.028410,0.006472
-0.245493,1.000000,-0.170986,0.945393,-0.125380,0.156884
0.024770,-0.170986,1.000000,0.103073,-0.170958,-0.123724
-0.191806,0.945393,0.103073,1.000000,-0.129450,0.117842
0.028410,-0.125380,-0.170958,-0.129450,1.000000,0.134646
0.006472,0.156884,-0.123724,0.117842,0.134646,1.000000
