atmos_pressure, temp_mean, rh_mean, vapor_pressure_mean, wspd_arith_mean, tbrg_precip_total_corr
1.000000,-0.507626,-0.109951,-0.495502,-0.262735,-0.199246
-0.507626,1.000000,-0.323155,0.681653,0.129579,0.190312
-0.109951,-0.323155,1.000000,0.405996,-0.252324,-0.001237
-0.495502,0.681653,0.405996,1.000000,-0.050801,0.186146
-0.262735,0.129579,-0.252324,-0.050801,1.000000,-0.019256
-0.199246,0.190312,-0.001237,0.186146,-0.019256,1.000000
