atmos_pressure, temp_mean, rh_mean, vapor_pressure_mean, wspd_arith_mean
1.000000,-0.540235,-0.053633,-0.505495,-0.195502
-0.540235,1.000000,-0.331137,0.831444,0.151402
-0.053633,-0.331137,1.000000,0.170835,-0.212086
-0.505495,0.831444,0.170835,1.000000,0.045099
-0.195502,0.151402,-0.212086,0.045099,1.000000
