atmos_pressure, temp_mean, rh_mean, vapor_pressure_mean, wspd_arith_mean, tbrg_precip_total_corr
1.000000,-0.351959,-0.143318,-0.299441,-0.231297,-0.022363
-0.351959,1.000000,0.013605,0.974729,0.050952,0.244020
-0.143318,0.013605,1.000000,0.127269,-0.084409,0.035740
-0.299441,0.974729,0.127269,1.000000,0.004899,0.257865
-0.231297,0.050952,-0.084409,0.004899,1.000000,0.315535
-0.022363,0.244020,0.035740,0.257865,0.315535,1.000000
