atmos_pressure, temp_mean, rh_mean, vapor_pressure_mean, wspd_arith_mean, tbrg_precip_total_corr
1.000000,-0.373569,0.002886,-0.363592,-0.469580,-0.071735
-0.373569,1.000000,-0.318648,0.852808,0.027716,0.232226
0.002886,-0.318648,1.000000,0.182956,-0.129951,-0.167276
-0.363592,0.852808,0.182956,1.000000,-0.101123,0.145216
-0.469580,0.027716,-0.129951,-0.101123,1.000000,0.004399
-0.071735,0.232226,-0.167276,0.145216,0.004399,1.000000
