atmos_pressure, temp_mean, rh_mean, vapor_pressure_mean, wspd_arith_mean, tbrg_precip_total_corr
1.000000,-0.519671,0.052143,-0.462059,-0.325675,-0.156073
-0.519671,1.000000,-0.393957,0.791544,0.243998,0.160784
0.052143,-0.393957,1.000000,0.201573,-0.044852,0.038460
-0.462059,0.791544,0.201573,1.000000,0.196354,0.191621
-0.325675,0.243998,-0.044852,0.196354,1.000000,-0.049193
-0.156073,0.160784,0.038460,0.191621,-0.049193,1.000000
