atmos_pressure, temp_mean, rh_mean, vapor_pressure_mean, wspd_arith_mean, tbrg_precip_total_corr
1.000000,-0.251278,-0.018602,-0.193385,-0.254493,-0.096978
-0.251278,1.000000,0.115196,0.953311,0.025820,0.171184
-0.018602,0.115196,1.000000,0.306078,-0.055282,0.066308
-0.193385,0.953311,0.306078,1.000000,-0.007249,0.192289
-0.254493,0.025820,-0.055282,-0.007249,1.000000,0.379980
-0.096978,0.171184,0.066308,0.192289,0.379980,1.000000
