atmos_pressure, temp_mean, rh_mean, vapor_pressure_mean, wspd_arith_mean, tbrg_precip_total_corr
1.000000,-0.413170,-0.011927,-0.351895,-0.278482,-0.084663
-0.413170,1.000000,-0.148409,0.972069,-0.172612,0.219305
-0.011927,-0.148409,1.000000,-0.026322,-0.036900,-0.017534
-0.351895,0.972069,-0.026322,1.000000,-0.183709,0.243564
-0.278482,-0.172612,-0.036900,-0.183709,1.000000,0.138026
-0.084663,0.219305,-0.017534,0.243564,0.138026,1.000000
