atmos_pressure, temp_mean, rh_mean, vapor_pressure_mean, wspd_arith_mean
1.000000,-0.414761,0.010121,-0.373009,-0.325200
-0.414761,1.000000,-0.366833,0.812466,0.196171
0.010121,-0.366833,1.000000,0.181006,-0.308773
-0.373009,0.812466,0.181006,1.000000,0.021470
-0.325200,0.196171,-0.308773,0.021470,1.000000
