atmos_pressure, temp_mean, rh_mean, vapor_pressure_mean, wspd_arith_mean, tbrg_precip_total_corr
1.000000,-0.813193,0.380044,-0.523451,-0.350805,-0.085206
-0.813193,1.000000,-0.445993,0.755368,0.527932,0.056626
0.380044,-0.445993,1.000000,0.211682,-0.179616,-0.326360
-0.523451,0.755368,0.211682,1.000000,0.443129,-0.220884
-0.350805,0.527932,-0.179616,0.443129,1.000000,-0.052327
-0.085206,0.056626,-0.326360,-0.220884,-0.052327,1.000000
