atmos_pressure, temp_mean, rh_mean, vapor_pressure_mean, wspd_arith_mean, tbrg_precip_total_corr
1.000000,-0.274614,-0.088979,-0.309592,-0.442769,-0.057987
-0.274614,1.000000,-0.299097,0.862992,0.040424,0.210244
-0.088979,-0.299097,1.000000,0.172348,-0.162036,0.051162
-0.309592,0.862992,0.172348,1.000000,-0.066730,0.260874
-0.442769,0.040424,-0.162036,-0.066730,1.000000,-0.016067
-0.057987,0.210244,0.051162,0.260874,-0.016067,1.000000
