atmos_pressure, temp_mean, rh_mean, vapor_pressure_mean, wspd_arith_mean, tbrg_precip_total_corr
1.000000,-0.483051,-0.243349,-0.654040,-0.385675,-0.097724
-0.483051,1.000000,-0.414412,0.682764,0.445477,0.057351
-0.243349,-0.414412,1.000000,0.316202,-0.091307,0.077994
-0.654040,0.682764,0.316202,1.000000,0.441575,0.143803
-0.385675,0.445477,-0.091307,0.441575,1.000000,0.017680
-0.097724,0.057351,0.077994,0.143803,0.017680,1.000000
