atmos_pressure, temp_mean, rh_mean, vapor_pressure_mean, wspd_arith_mean
1.000000,-0.398154,-0.067835,-0.361567,-0.266161
-0.398154,1.000000,-0.345675,0.807247,0.129219
-0.067835,-0.345675,1.000000,0.194844,-0.227438
-0.361567,0.807247,0.194844,1.000000,0.000224
-0.266161,0.129219,-0.227438,0.000224,1.000000
