atmos_pressure, temp_mean, rh_mean, vapor_pressure_mean, wspd_arith_mean, tbrg_precip_total_corr
1.000000,0.047261,-0.062317,0.075326,-0.100092,-0.067551
0.047261,1.000000,-0.292855,0.976292,-0.038476,0.238072
-0.062317,-0.292855,1.000000,-0.138553,-0.018538,-0.042801
0.075326,0.976292,-0.138553,1.000000,-0.075961,0.227259
-0.100092,-0.038476,-0.018538,-0.075961,1.000000,0.146395
-0.067551,0.238072,-0.042801,0.227259,0.146395,1.000000
