atmos_pressure, temp_mean, rh_mean, vapor_pressure_mean, wspd_arith_mean, tbrg_precip_total_corr
1.000000,0.098548,0.183775,0.236788,-0.274881,-0.127039
0.098548,1.000000,-0.470495,0.894422,-0.026646,0.039267
0.183775,-0.470495,1.000000,-0.074923,-0.198254,-0.207083
0.236788,0.894422,-0.074923,1.000000,-0.130874,-0.072514
-0.274881,-0.026646,-0.198254,-0.130874,1.000000,0.322456
-0.127039,0.039267,-0.207083,-0.072514,0.322456,1.000000
