atmos_pressure, temp_mean, rh_mean, vapor_pressure_mean, wspd_arith_mean
1.000000,-0.453048,0.000658,-0.475296,-0.269390
-0.453048,1.000000,-0.474800,0.741278,0.113546
0.000658,-0.474800,1.000000,0.166286,-0.127850
-0.475296,0.741278,0.166286,1.000000,0.070644
-0.269390,0.113546,-0.127850,0.070644,1.000000
