atmos_pressure, temp_mean, rh_mean, vapor_pressure_mean, wspd_arith_mean, tbrg_precip_total_corr
1.000000,-0.273914,0.054459,-0.248555,-0.078058,-0.067916
-0.273914,1.000000,-0.443168,0.953648,0.047974,0.171701
0.054459,-0.443168,1.000000,-0.229819,-0.167623,-0.050946
-0.248555,0.953648,-0.229819,1.000000,0.011599,0.164474
-0.078058,0.047974,-0.167623,0.011599,1.000000,0.276364
-0.067916,0.171701,-0.050946,0.164474,0.276364,1.000000
