atmos_pressure, temp_mean, rh_mean, vapor_pressure_mean, wspd_arith_mean, tbrg_precip_total_corr
1.000000,-0.760108,0.486818,-0.563598,0.275366,-0.048713
-0.760108,1.000000,-0.634587,0.783298,0.099251,0.072199
0.486818,-0.634587,1.000000,-0.064925,-0.027679,-0.169608
-0.563598,0.783298,-0.064925,1.000000,0.058595,-0.057158
0.275366,0.099251,-0.027679,0.058595,1.000000,0.065837
-0.048713,0.072199,-0.169608,-0.057158,0.065837,1.000000
