atmos_pressure, temp_mean, rh_mean, vapor_pressure_mean, wspd_arith_mean, tbrg_precip_total_corr
1.000000,-0.367894,0.047722,-0.399186,-0.304958,-0.032466
-0.367894,1.000000,-0.573192,0.778861,0.179830,0.224415
0.047722,-0.573192,1.000000,0.012759,-0.036812,-0.143430
-0.399186,0.778861,0.012759,1.000000,0.208181,0.135073
-0.304958,0.179830,-0.036812,0.208181,1.000000,-0.044796
-0.032466,0.224415,-0.143430,0.135073,-0.044796,1.000000
