atmos_pressure, temp_mean, rh_mean, vapor_pressure_mean, wspd_arith_mean, tbrg_precip_total_corr
1.000000,-0.257855,-0.029218,-0.133248,-0.087942,-0.102374
-0.257855,1.000000,-0.440519,0.756010,0.385842,0.241921
-0.029218,-0.440519,1.000000,0.191265,-0.373749,-0.074794
-0.133248,0.756010,0.191265,1.000000,0.206755,0.226337
-0.087942,0.385842,-0.373749,0.206755,1.000000,0.175977
-0.102374,0.241921,-0.074794,0.226337,0.175977,1.000000
