atmos_pressure, temp_mean, rh_mean, vapor_pressure_mean, wspd_arith_mean
1.000000,-0.554776,0.141519,-0.407589,-0.294259
-0.554776,1.000000,-0.344257,0.795278,0.153688
0.141519,-0.344257,1.000000,0.208821,-0.381376
-0.407589,0.795278,0.208821,1.000000,-0.046047
-0.294259,0.153688,-0.381376,-0.046047,1.000000
