atmos_pressure, temp_mean, rh_mean, vapor_pressure_mean, wspd_arith_mean, tbrg_precip_total_corr
1.000000,-0.594497,0.038987,-0.649561,-0.518623,-0.078307
-0.594497,1.000000,-0.518105,0.778090,0.547058,0.089118
0.038987,-0.518105,1.000000,0.071290,-0.151454,-0.016578
-0.649561,0.778090,0.071290,1.000000,0.611699,0.051222
-0.518623,0.547058,-0.151454,0.611699,1.000000,-0.017862
-0.078307,0.089118,-0.016578,0.051222,-0.017862,1.000000
