atmos_pressure, temp_mean, rh_mean, vapor_pressure_mean, wspd_arith_mean, tbrg_precip_total_corr
1.000000,-0.320327,0.063962,-0.329964,-0.444317,-0.058563
-0.320327,1.000000,-0.575556,0.825400,0.187922,0.107223
0.063962,-0.575556,1.000000,-0.066608,-0.273739,-0.168480
-0.329964,0.825400,-0.066608,1.000000,0.039928,0.024533
-0.444317,0.187922,-0.273739,0.039928,1.000000,0.011159
-0.058563,0.107223,-0.168480,0.024533,0.011159,1.000000
