atmos_pressure, temp_mean, rh_mean, vapor_pressure_mean, wspd_arith_mean, tbrg_precip_total_corr
1.000000,-0.318848,0.032799,-0.292431,-0.459478,-0.030574
-0.318848,1.000000,-0.476983,0.848812,0.049019,0.145196
0.032799,-0.476983,1.000000,0.007280,-0.154526,0.020340
-0.292431,0.848812,0.007280,1.000000,-0.050237,0.172940
-0.459478,0.049019,-0.154526,-0.050237,1.000000,-0.076330
-0.030574,0.145196,0.020340,0.172940,-0.076330,1.000000
