atmos_pressure, temp_mean, rh_mean, vapor_pressure_mean, wspd_arith_mean, tbrg_precip_total_corr
1.000000,-0.124015,-0.092857,-0.093615,-0.373505,-0.075724
-0.124015,1.000000,-0.254753,0.975450,-0.057621,0.221450
-0.092857,-0.254753,1.000000,-0.109607,0.049213,-0.011793
-0.093615,0.975450,-0.109607,1.000000,-0.073239,0.221424
-0.373505,-0.057621,0.049213,-0.073239,1.000000,0.280062
-0.075724,0.221450,-0.011793,0.221424,0.280062,1.000000
