atmos_pressure, temp_mean, rh_mean, vapor_pressure_mean, wspd_arith_mean
1.000000,-0.482893,0.073603,-0.474152,-0.287462
-0.482893,1.000000,-0.510429,0.716628,0.177730
0.073603,-0.510429,1.000000,0.159136,-0.219021
-0.474152,0.716628,0.159136,1.000000,0.079718
-0.287462,0.177730,-0.219021,0.079718,1.000000
