atmos_pressure, temp_mean, rh_mean, vapor_pressure_mean, wspd_arith_mean
1.000000,-0.526205,-0.025829,-0.505435,-0.149008
-0.526205,1.000000,-0.424646,0.820434,0.139158
-0.025829,-0.424646,1.000000,0.096115,-0.291650
-0.505435,0.820434,0.096115,1.000000,-0.008741
-0.149008,0.139158,-0.291650,-0.008741,1.000000
