atmos_pressure, temp_mean, rh_mean, vapor_pressure_mean, wspd_arith_mean, tbrg_precip_total_corr
1.000000,-0.219781,-0.185624,-0.351328,-0.242045,-0.123804
-0.219781,1.000000,-0.375223,0.752679,0.263588,0.035725
-0.185624,-0.375223,1.000000,0.271878,-0.411218,0.115433
-0.351328,0.752679,0.271878,1.000000,0.037377,0.127067
-0.242045,0.263588,-0.411218,0.037377,1.000000,0.026260
-0.123804,0.035725,0.115433,0.127067,0.026260,1.000000
