atmos_pressure, temp_mean, rh_mean, vapor_pressure_mean, wspd_arith_mean, tbrg_precip_total_corr
1.000000,0.085828,0.167007,0.178613,-0.260633,0.021674
0.085828,1.000000,-0.338119,0.950657,0.063007,0.028981
0.167007,-0.338119,1.000000,-0.083480,-0.212406,-0.160885
0.178613,0.950657,-0.083480,1.000000,0.002635,0.006399
-0.260633,0.063007,-0.212406,0.002635,1.000000,0.183801
0.021674,0.028981,-0.160885,0.006399,0.183801,1.000000
