atmos_pressure, temp_mean, rh_mean, vapor_pressure_mean, wspd_arith_mean
1.000000,-0.445288,0.002548,-0.370339,-0.354385
-0.445288,1.000000,-0.257791,0.824943,0.148637
0.002548,-0.257791,1.000000,0.259916,-0.309532
-0.370339,0.824943,0.259916,1.000000,-0.032897
-0.354385,0.148637,-0.309532,-0.032897,1.000000
