atmos_pressure, temp_mean, rh_mean, vapor_pressure_mean, wspd_arith_mean
1.000000,-0.427566,-0.053040,-0.365973,-0.285309
-0.427566,1.000000,-0.282601,0.801612,0.114078
-0.053040,-0.282601,1.000000,0.267202,-0.259126
-0.365973,0.801612,0.267202,1.000000,-0.041780
-0.285309,0.114078,-0.259126,-0.041780,1.000000
