atmos_pressure, temp_mean, rh_mean, vapor_pressure_mean, wspd_arith_mean, tbrg_precip_total_corr
1.000000,0.128100,-0.038228,0.185495,-0.067726,0.025752
0.128100,1.000000,-0.103711,0.947549,0.051394,0.211179
-0.038228,-0.103711,1.000000,0.131722,-0.227663,-0.052322
0.185495,0.947549,0.131722,1.000000,-0.023117,0.221233
-0.067726,0.051394,-0.227663,-0.023117,1.000000,0.211383
0.025752,0.211179,-0.052322,0.221233,0.211383,1.000000
