atmos_pressure, temp_mean, rh_mean, vapor_pressure_mean, wspd_arith_mean, tbrg_precip_total_corr
1.000000,0.075962,0.231780,0.231507,-0.278791,0.049529
0.075962,1.000000,-0.130751,0.968564,0.125663,0.249325
0.231780,-0.130751,1.000000,0.025839,-0.287733,-0.005371
0.231507,0.968564,0.025839,1.000000,0.028434,0.247827
-0.278791,0.125663,-0.287733,0.028434,1.000000,0.363576
0.049529,0.249325,-0.005371,0.247827,0.363576,1.000000
