atmos_pressure, temp_mean, rh_mean, vapor_pressure_mean, wspd_arith_mean, tbrg_precip_total_corr
1.000000,0.203057,0.100538,0.265526,-0.124765,-0.078363
0.203057,1.000000,-0.030401,0.952725,0.012263,0.049722
0.100538,-0.030401,1.000000,0.208319,-0.258165,-0.164229
0.265526,0.952725,0.208319,1.000000,-0.061735,0.007745
-0.124765,0.012263,-0.258165,-0.061735,1.000000,0.149320
-0.078363,0.049722,-0.164229,0.007745,0.149320,1.000000
