atmos_pressure, temp_mean, rh_mean, vapor_pressure_mean, wspd_arith_mean
1.000000,-0.464941,0.000223,-0.364871,-0.366496
-0.464941,1.000000,-0.186015,0.827895,0.211408
0.000223,-0.186015,1.000000,0.322156,-0.398650
-0.364871,0.827895,0.322156,1.000000,-0.019305
-0.366496,0.211408,-0.398650,-0.019305,1.000000
