atmos_pressure, temp_mean, rh_mean, vapor_pressure_mean, wspd_arith_mean, tbrg_precip_total_corr
1.000000,0.004791,-0.355977,-0.230109,-0.073420,0.067090
0.004791,1.000000,-0.016882,0.586768,0.390723,0.107093
-0.355977,-0.016882,1.000000,0.790095,0.345759,0.056494
-0.230109,0.586768,0.790095,1.000000,0.535844,0.121410
-0.073420,0.390723,0.345759,0.535844,1.000000,0.090077
0.067090,0.107093,0.056494,0.121410,0.090077,1.000000
