atmos_pressure, temp_mean, rh_mean, vapor_pressure_mean, wspd_arith_mean, tbrg_precip_total_corr
1.000000,-0.260078,-0.026406,-0.166965,-0.138736,-0.054359
-0.260078,1.000000,-0.370194,0.890099,0.325458,0.245467
-0.026406,-0.370194,1.000000,0.039182,-0.383463,-0.058444
-0.166965,0.890099,0.039182,1.000000,0.176065,0.236121
-0.138736,0.325458,-0.383463,0.176065,1.000000,0.040207
-0.054359,0.245467,-0.058444,0.236121,0.040207,1.000000
