atmos_pressure, temp_mean, rh_mean, vapor_pressure_mean, wspd_arith_mean
1.000000,-0.447874,-0.071675,-0.374044,-0.291994
-0.447874,1.000000,-0.204305,0.811672,0.165930
-0.071675,-0.204305,1.000000,0.325519,-0.344424
-0.374044,0.811672,0.325519,1.000000,-0.037884
-0.291994,0.165930,-0.344424,-0.037884,1.000000
