atmos_pressure, temp_mean, rh_mean, vapor_pressure_mean, wspd_arith_mean
1.000000,-0.290082,-0.091710,-0.287795,-0.232285
-0.290082,1.000000,-0.247249,0.830971,0.087850
-0.091710,-0.247249,1.000000,0.246980,-0.256253
-0.287795,0.830971,0.246980,1.000000,-0.042770
-0.232285,0.087850,-0.256253,-0.042770,1.000000
