atmos_pressure, temp_mean, rh_mean, vapor_pressure_mean, wspd_arith_mean, tbrg_precip_total_corr
1.000000,-0.345981,0.049846,-0.299890,-0.292457,-0.066644
-0.345981,1.000000,-0.577252,0.846168,0.277527,0.170743
0.049846,-0.577252,1.000000,-0.102378,-0.268756,-0.099655
-0.299890,0.846168,-0.102378,1.000000,0.168715,0.142460
-0.292457,0.277527,-0.268756,0.168715,1.000000,-0.015468
-0.066644,0.170743,-0.099655,0.142460,-0.015468,1.000000
