atmos_pressure, temp_mean, rh_mean, vapor_pressure_mean, wspd_arith_mean, tbrg_precip_total_corr
1.000000,-0.313829,-0.184056,-0.370472,-0.228309,-0.126988
-0.313829,1.000000,-0.429618,0.829471,0.304945,0.123582
-0.184056,-0.429618,1.000000,0.104710,-0.456491,-0.054984
-0.370472,0.829471,0.104710,1.000000,0.051123,0.088331
-0.228309,0.304945,-0.456491,0.051123,1.000000,0.071256
-0.126988,0.123582,-0.054984,0.088331,0.071256,1.000000
