atmos_pressure, temp_mean, rh_mean, vapor_pressure_mean, wspd_arith_mean, tbrg_precip_total_corr
1.000000,-0.167715,-0.074107,-0.084439,-0.261369,-0.014130
-0.167715,1.000000,-0.339668,0.962298,0.179343,0.153035
-0.074107,-0.339668,1.000000,-0.134979,-0.134507,-0.119699
-0.084439,0.962298,-0.134979,1.000000,0.118439,0.131375
-0.261369,0.179343,-0.134507,0.118439,1.000000,0.283611
-0.014130,0.153035,-0.119699,0.131375,0.283611,1.000000
