atmos_pressure, temp_mean, rh_mean, vapor_pressure_mean, wspd_arith_mean, tbrg_precip_total_corr
1.000000,-0.194975,-0.167871,-0.141672,0.014213,0.115551
-0.194975,1.000000,-0.030111,0.908419,0.189924,0.225143
-0.167871,-0.030111,1.000000,0.306906,-0.069100,-0.017336
-0.141672,0.908419,0.306906,1.000000,0.167351,0.248332
0.014213,0.189924,-0.069100,0.167351,1.000000,0.420030
0.115551,0.225143,-0.017336,0.248332,0.420030,1.000000
