atmos_pressure, temp_mean, rh_mean, vapor_pressure_mean, wspd_arith_mean, tbrg_precip_total_corr
1.000000,-0.374377,-0.295946,-0.399206,-0.115836,0.011032
-0.374377,1.000000,-0.171809,0.810290,0.052693,0.226927
-0.295946,-0.171809,1.000000,0.357290,-0.350500,-0.051561
-0.399206,0.810290,0.357290,1.000000,-0.111834,0.248699
-0.115836,0.052693,-0.350500,-0.111834,1.000000,0.155337
0.011032,0.226927,-0.051561,0.248699,0.155337,1.000000
