atmos_pressure, temp_mean, rh_mean, vapor_pressure_mean, wspd_arith_mean
1.000000,-0.348683,0.032404,-0.289388,-0.319234
-0.348683,1.000000,-0.326057,0.825904,0.101844
0.032404,-0.326057,1.000000,0.183296,-0.305011
-0.289388,0.825904,0.183296,1.000000,-0.051784
-0.319234,0.101844,-0.305011,-0.051784,1.000000
