atmos_pressure, temp_mean, rh_mean, vapor_pressure_mean, wspd_arith_mean
1.000000,-0.379848,0.071800,-0.302941,-0.293652
-0.379848,1.000000,-0.436492,0.830765,0.208632
0.071800,-0.436492,1.000000,0.056655,-0.366235
-0.302941,0.830765,0.056655,1.000000,0.045902
-0.293652,0.208632,-0.366235,0.045902,1.000000
