atmos_pressure, temp_mean, rh_mean, vapor_pressure_mean, wspd_arith_mean, tbrg_precip_total_corr
1.000000,-0.269342,0.082867,-0.268467,-0.220443,-0.238750
-0.269342,1.000000,-0.259615,0.960406,0.013441,0.167370
0.082867,-0.259615,1.000000,-0.044219,-0.254313,-0.186833
-0.268467,0.960406,-0.044219,1.000000,-0.048331,0.113956
-0.220443,0.013441,-0.254313,-0.048331,1.000000,0.325816
-0.238750,0.167370,-0.186833,0.113956,0.325816,1.000000
