atmos_pressure, temp_mean, rh_mean, vapor_pressure_mean, wspd_arith_mean, tbrg_precip_total_corr
1.000000,-0.422683,0.143652,-0.368674,-0.488443,-0.076225
-0.422683,1.000000,-0.378432,0.784966,0.338814,0.130264
0.143652,-0.378432,1.000000,0.235093,-0.264047,-0.047138
-0.368674,0.784966,0.235093,1.000000,0.253313,0.117505
-0.488443,0.338814,-0.264047,0.253313,1.000000,0.077833
-0.076225,0.130264,-0.047138,0.117505,0.077833,1.000000
