atmos_pressure, temp_mean, rh_mean, vapor_pressure_mean, wspd_arith_mean, tbrg_precip_total_corr
1.000000,0.077772,0.077707,0.096691,-0.288386,-0.124162
0.077772,1.000000,0.153165,0.946457,-0.053114,0.172263
0.077707,0.153165,1.000000,0.380315,-0.170608,0.016304
0.096691,0.946457,0.380315,1.000000,-0.095843,0.163074
-0.288386,-0.053114,-0.170608,-0.095843,1.000000,0.403723
-0.124162,0.172263,0.016304,0.163074,0.403723,1.000000
