atmos_pressure, temp_mean, rh_mean, vapor_pressure_mean, wspd_arith_mean
1.000000,-0.512545,0.148676,-0.418593,-0.249383
-0.512545,1.000000,-0.607813,0.772038,0.105784
0.148676,-0.607813,1.000000,-0.046035,-0.246620
-0.418593,0.772038,-0.046035,1.000000,-0.047238
-0.249383,0.105784,-0.246620,-0.047238,1.000000
