atmos_pressure, temp_mean, rh_mean, vapor_pressure_mean, wspd_arith_mean, tbrg_precip_total_corr
1.000000,0.069864,0.045828,0.094601,-0.371420,-0.109090
0.069864,1.000000,0.140671,0.944569,-0.122255,0.186946
0.045828,0.140671,1.000000,0.388359,-0.041740,-0.006596
0.094601,0.944569,0.388359,1.000000,-0.123552,0.164999
-0.371420,-0.122255,-0.041740,-0.123552,1.000000,0.268339
-0.109090,0.186946,-0.006596,0.164999,0.268339,1.000000
