atmos_pressure, temp_mean, rh_mean, vapor_pressure_mean, wspd_arith_mean
1.000000,-0.412353,-0.043982,-0.354040,-0.304299
-0.412353,1.000000,-0.205062,0.866241,0.031487
-0.043982,-0.205062,1.000000,0.222343,-0.272510
-0.354040,0.866241,0.222343,1.000000,-0.092981
-0.304299,0.031487,-0.272510,-0.092981,1.000000
