atmos_pressure, temp_mean, rh_mean, vapor_pressure_mean, wspd_arith_mean
1.000000,-0.525335,0.077771,-0.475570,-0.278026
-0.525335,1.000000,-0.538752,0.805440,0.139063
0.077771,-0.538752,1.000000,-0.018964,-0.195228
-0.475570,0.805440,-0.018964,1.000000,0.023068
-0.278026,0.139063,-0.195228,0.023068,1.000000
