atmos_pressure, temp_mean, rh_mean, vapor_pressure_mean, wspd_arith_mean, tbrg_precip_total_corr
1.000000,-0.345381,0.114621,-0.275681,-0.608975,-0.085732
-0.345381,1.000000,-0.322220,0.756261,0.269295,0.025112
0.114621,-0.322220,1.000000,0.321272,-0.336594,-0.076023
-0.275681,0.756261,0.321272,1.000000,0.012597,-0.039792
-0.608975,0.269295,-0.336594,0.012597,1.000000,0.101737
-0.085732,0.025112,-0.076023,-0.039792,0.101737,1.000000
