atmos_pressure, temp_mean, rh_mean, vapor_pressure_mean, wspd_arith_mean
1.000000,-0.419687,-0.016544,-0.329470,-0.223584
-0.419687,1.000000,-0.171414,0.844873,-0.010655
-0.016544,-0.171414,1.000000,0.288612,-0.268228
-0.329470,0.844873,0.288612,1.000000,-0.138334
-0.223584,-0.010655,-0.268228,-0.138334,1.000000
