atmos_pressure, temp_mean, rh_mean, vapor_pressure_mean, wspd_arith_mean, tbrg_precip_total_corr
1.000000,-0.306678,0.221550,-0.152246,-0.394677,-0.109449
-0.306678,1.000000,-0.203444,0.786287,0.176821,0.122977
0.221550,-0.203444,1.000000,0.405310,-0.399210,-0.023028
-0.152246,0.786287,0.405310,1.000000,-0.071054,0.088021
-0.394677,0.176821,-0.399210,-0.071054,1.000000,-0.000025
-0.109449,0.122977,-0.023028,0.088021,-0.000025,1.000000
