atmos_pressure, temp_mean, rh_mean, vapor_pressure_mean, wspd_arith_mean, tbrg_precip_total_corr
1.000000,-0.479979,-0.117123,-0.492320,-0.310303,-0.130210
-0.479979,1.000000,-0.420425,0.814937,0.114964,0.111337
-0.117123,-0.420425,1.000000,0.085381,-0.168879,-0.022717
-0.492320,0.814937,0.085381,1.000000,0.071599,0.081678
-0.310303,0.114964,-0.168879,0.071599,1.000000,0.085757
-0.130210,0.111337,-0.022717,0.081678,0.085757,1.000000
