atmos_pressure, temp_mean, rh_mean, vapor_pressure_mean, wspd_arith_mean, tbrg_precip_total_corr
1.000000,-0.371893,0.218434,-0.235492,-0.420768,-0.048429
-0.371893,1.000000,-0.369109,0.792302,0.178706,0.223640
0.218434,-0.369109,1.000000,0.220419,-0.188831,-0.149511
-0.235492,0.792302,0.220419,1.000000,0.115685,0.142997
-0.420768,0.178706,-0.188831,0.115685,1.000000,0.092829
-0.048429,0.223640,-0.149511,0.142997,0.092829,1.000000
