atmos_pressure, temp_mean, rh_mean, vapor_pressure_mean, wspd_arith_mean
1.000000,-0.452268,-0.066238,-0.392485,-0.272878
-0.452268,1.000000,-0.159816,0.881229,0.042325
-0.066238,-0.159816,1.000000,0.233191,-0.411685
-0.392485,0.881229,0.233191,1.000000,-0.127524
-0.272878,0.042325,-0.411685,-0.127524,1.000000
