atmos_pressure, temp_mean, rh_mean, vapor_pressure_mean, wspd_arith_mean
1.000000,-0.459148,0.026269,-0.486655,-0.242611
-0.459148,1.000000,-0.089861,0.792401,0.160628
0.026269,-0.089861,1.000000,0.152322,-0.313750
-0.486655,0.792401,0.152322,1.000000,-0.025897
-0.242611,0.160628,-0.313750,-0.025897,1.000000
