atmos_pressure, temp_mean, rh_mean, vapor_pressure_mean, wspd_arith_mean, tbrg_precip_total_corr
1.000000,-0.373276,0.217116,-0.232378,-0.461476,-0.068737
-0.373276,1.000000,-0.339572,0.841738,0.062633,0.208750
0.217116,-0.339572,1.000000,0.168560,-0.324493,-0.063605
-0.232378,0.841738,0.168560,1.000000,-0.082858,0.197619
-0.461476,0.062633,-0.324493,-0.082858,1.000000,0.117695
-0.068737,0.208750,-0.063605,0.197619,0.117695,1.000000
