atmos_pressure, temp_mean, rh_mean, vapor_pressure_mean, wspd_arith_mean
1.000000,-0.464937,0.009269,-0.377281,-0.254869
-0.464937,1.000000,-0.263908,0.865391,0.131807
0.009269,-0.263908,1.000000,0.153047,-0.417136
-0.377281,0.865391,0.153047,1.000000,-0.045216
-0.254869,0.131807,-0.417136,-0.045216,1.000000
