atmos_pressure, temp_mean, rh_mean, vapor_pressure_mean, wspd_arith_mean, tbrg_precip_total_corr
1.000000,-0.425835,-0.012395,-0.463054,-0.125444,-0.122263
-0.425835,1.000000,-0.054227,0.777897,0.016985,0.176262
-0.012395,-0.054227,1.000000,0.303373,-0.437615,0.002397
-0.463054,0.777897,0.303373,1.000000,-0.260264,0.231148
-0.125444,0.016985,-0.437615,-0.260264,1.000000,-0.045408
-0.122263,0.176262,0.002397,0.231148,-0.045408,1.000000
