atmos_pressure, temp_mean, rh_mean, vapor_pressure_mean, wspd_arith_mean, tbrg_precip_total_corr
1.000000,-0.035029,0.014712,-0.024200,-0.191291,-0.180696
-0.035029,1.000000,-0.176938,0.924652,-0.181585,0.144282
0.014712,-0.176938,1.000000,0.160599,-0.090894,-0.054907
-0.024200,0.924652,0.160599,1.000000,-0.222117,0.108849
-0.191291,-0.181585,-0.090894,-0.222117,1.000000,0.164243
-0.180696,0.144282,-0.054907,0.108849,0.164243,1.000000
