atmos_pressure, temp_mean, rh_mean, vapor_pressure_mean, wspd_arith_mean
1.000000,-0.314068,0.062952,-0.230202,-0.292980
-0.314068,1.000000,-0.336965,0.796775,0.114034
0.062952,-0.336965,1.000000,0.229170,-0.218383
-0.230202,0.796775,0.229170,1.000000,-0.027710
-0.292980,0.114034,-0.218383,-0.027710,1.000000
