atmos_pressure, temp_mean, rh_mean, vapor_pressure_mean, wspd_arith_mean, tbrg_precip_total_corr
1.000000,-0.421548,0.089113,-0.419393,-0.134291,-0.046184
-0.421548,1.000000,-0.317215,0.869067,-0.034693,0.089644
0.089113,-0.317215,1.000000,0.111697,-0.247540,-0.158536
-0.419393,0.869067,0.111697,1.000000,-0.142791,0.011156
-0.134291,-0.034693,-0.247540,-0.142791,1.000000,0.185273
-0.046184,0.089644,-0.158536,0.011156,0.185273,1.000000
