atmos_pressure, temp_mean, rh_mean, vapor_pressure_mean, wspd_arith_mean, tbrg_precip_total_corr
1.000000,-0.430056,0.091546,-0.372263,-0.437341,-0.052285
-0.430056,1.000000,-0.277207,0.872864,0.062720,0.166210
0.091546,-0.277207,1.000000,0.173867,-0.284148,0.053375
-0.372263,0.872864,0.173867,1.000000,-0.085985,0.193674
-0.437341,0.062720,-0.284148,-0.085985,1.000000,0.003456
-0.052285,0.166210,0.053375,0.193674,0.003456,1.000000
