atmos_pressure, temp_mean, rh_mean, vapor_pressure_mean, wspd_arith_mean
1.000000,-0.428424,-0.092898,-0.392588,-0.325418
-0.428424,1.000000,-0.211255,0.842880,0.003065
-0.092898,-0.211255,1.000000,0.274187,-0.140964
-0.392588,0.842880,0.274187,1.000000,-0.069482
-0.325418,0.003065,-0.140964,-0.069482,1.000000
