atmos_pressure, temp_mean, rh_mean, vapor_pressure_mean, wspd_arith_mean, tbrg_precip_total_corr
1.000000,-0.286151,0.064140,-0.222799,-0.441758,-0.030681
-0.286151,1.000000,-0.247266,0.816669,0.062254,0.138639
0.064140,-0.247266,1.000000,0.316814,-0.221639,-0.065342
-0.222799,0.816669,0.316814,1.000000,-0.076081,0.102175
-0.441758,0.062254,-0.221639,-0.076081,1.000000,0.014102
-0.030681,0.138639,-0.065342,0.102175,0.014102,1.000000
