atmos_pressure, temp_mean, rh_mean, vapor_pressure_mean, wspd_arith_mean
1.000000,-0.510772,-0.107960,-0.478862,-0.214109
-0.510772,1.000000,-0.261125,0.834437,0.091747
-0.107960,-0.261125,1.000000,0.227203,-0.167874
-0.478862,0.834437,0.227203,1.000000,0.012400
-0.214109,0.091747,-0.167874,0.012400,1.000000
