atmos_pressure, temp_mean, rh_mean, vapor_pressure_mean, wspd_arith_mean, tbrg_precip_total_corr
1.000000,-0.073663,-0.064724,-0.060707,-0.136753,-0.022121
-0.073663,1.000000,-0.283162,0.959562,-0.048230,0.177000
-0.064724,-0.283162,1.000000,-0.065146,-0.172995,-0.133677
-0.060707,0.959562,-0.065146,1.000000,-0.071319,0.173081
-0.136753,-0.048230,-0.172995,-0.071319,1.000000,0.135562
-0.022121,0.177000,-0.133677,0.173081,0.135562,1.000000
