atmos_pressure, temp_mean, rh_mean, vapor_pressure_mean, wspd_arith_mean, tbrg_precip_total_corr
1.000000,-0.301833,0.012650,-0.359557,-0.296480,-0.142602
-0.301833,1.000000,-0.572298,0.921216,0.318321,0.213209
0.012650,-0.572298,1.000000,-0.272344,-0.336823,-0.217853
-0.359557,0.921216,-0.272344,1.000000,0.274603,0.160750
-0.296480,0.318321,-0.336823,0.274603,1.000000,0.126772
-0.142602,0.213209,-0.217853,0.160750,0.126772,1.000000
