atmos_pressure, temp_mean, rh_mean, vapor_pressure_mean, wspd_arith_mean, tbrg_precip_total_corr
1.000000,-0.000252,-0.037089,0.077693,-0.221530,0.034438
-0.000252,1.000000,-0.226475,0.933283,-0.018963,0.202735
-0.037089,-0.226475,1.000000,0.094480,-0.111968,-0.210253
0.077693,0.933283,0.094480,1.000000,-0.097132,0.133844
-0.221530,-0.018963,-0.111968,-0.097132,1.000000,0.236513
0.034438,0.202735,-0.210253,0.133844,0.236513,1.000000
