atmos_pressure, temp_mean, rh_mean, vapor_pressure_mean, wspd_arith_mean, tbrg_precip_total_corr
1.000000,-0.375246,0.138453,-0.242982,-0.333329,0.037635
-0.375246,1.000000,-0.516309,0.820467,0.342581,0.163218
0.138453,-0.516309,1.000000,0.020007,-0.151135,-0.217037
-0.242982,0.820467,0.020007,1.000000,0.289019,0.037524
-0.333329,0.342581,-0.151135,0.289019,1.000000,0.028289
0.037635,0.163218,-0.217037,0.037524,0.028289,1.000000
