atmos_pressure, temp_mean, rh_mean, vapor_pressure_mean, wspd_arith_mean, tbrg_precip_total_corr
1.000000,-0.076550,-0.079890,-0.042910,-0.402656,0.031242
-0.076550,1.000000,-0.013888,0.967806,0.044700,0.191705
-0.079890,-0.013888,1.000000,0.137279,-0.114830,-0.067951
-0.042910,0.967806,0.137279,1.000000,-0.011809,0.182795
-0.402656,0.044700,-0.114830,-0.011809,1.000000,0.256309
0.031242,0.191705,-0.067951,0.182795,0.256309,1.000000
