atmos_pressure, temp_mean, rh_mean, vapor_pressure_mean, wspd_arith_mean, tbrg_precip_total_corr
1.000000,0.259705,-0.028486,0.289569,-0.186840,0.038623
0.259705,1.000000,-0.332698,0.958358,-0.044491,0.180903
-0.028486,-0.332698,1.000000,-0.102705,-0.246689,-0.117244
0.289569,0.958358,-0.102705,1.000000,-0.115964,0.163219
-0.186840,-0.044491,-0.246689,-0.115964,1.000000,0.264586
0.038623,0.180903,-0.117244,0.163219,0.264586,1.000000
