atmos_pressure, temp_mean, rh_mean, vapor_pressure_mean, wspd_arith_mean, tbrg_precip_total_corr
1.000000,-0.134172,0.185023,-0.037131,-0.449475,-0.036134
-0.134172,1.000000,-0.510016,0.858935,0.239040,0.189046
0.185023,-0.510016,1.000000,-0.049572,-0.257463,-0.120230
-0.037131,0.858935,-0.049572,1.000000,0.176286,0.174462
-0.449475,0.239040,-0.257463,0.176286,1.000000,0.069597
-0.036134,0.189046,-0.120230,0.174462,0.069597,1.000000
