atmos_pressure, temp_mean, rh_mean, vapor_pressure_mean, wspd_arith_mean, tbrg_precip_total_corr
1.000000,-0.523309,0.051058,-0.511919,-0.355629,-0.071423
-0.523309,1.000000,-0.432373,0.856702,0.418537,0.250411
0.051058,-0.432373,1.000000,0.040724,-0.321302,-0.072767
-0.511919,0.856702,0.040724,1.000000,0.236162,0.226898
-0.355629,0.418537,-0.321302,0.236162,1.000000,0.044339
-0.071423,0.250411,-0.072767,0.226898,0.044339,1.000000
