atmos_pressure, temp_mean, rh_mean, vapor_pressure_mean, wspd_arith_mean
1.000000,-0.620836,0.015315,-0.600585,-0.243668
-0.620836,1.000000,-0.450118,0.825060,0.314423
0.015315,-0.450118,1.000000,0.052639,-0.309283
-0.600585,0.825060,0.052639,1.000000,0.241421
-0.243668,0.314423,-0.309283,0.241421,1.000000
