atmos_pressure, temp_mean, rh_mean, vapor_pressure_mean, wspd_arith_mean
1.000000,-0.544263,-0.091515,-0.615713,-0.161363
-0.544263,1.000000,-0.393367,0.750591,0.251041
-0.091515,-0.393367,1.000000,0.219722,-0.334009
-0.615713,0.750591,0.219722,1.000000,0.100946
-0.161363,0.251041,-0.334009,0.100946,1.000000
