atmos_pressure, temp_mean, rh_mean, vapor_pressure_mean, wspd_arith_mean
1.000000,-0.628079,-0.116267,-0.676745,-0.170585
-0.628079,1.000000,-0.381801,0.660985,0.222213
-0.116267,-0.381801,1.000000,0.337914,-0.270095
-0.676745,0.660985,0.337914,1.000000,0.108592
-0.170585,0.222213,-0.270095,0.108592,1.000000
