atmos_pressure, temp_mean, rh_mean, vapor_pressure_mean, wspd_arith_mean
1.000000,-0.863289,0.870389,0.032448,-0.784053
-0.863289,1.000000,-0.972869,0.297134,0.814216
0.870389,-0.972869,1.000000,-0.106217,-0.833096
0.032448,0.297134,-0.106217,1.000000,0.085395
-0.784053,0.814216,-0.833096,0.085395,1.000000
