atmos_pressure, temp_mean, rh_mean, vapor_pressure_mean, wspd_arith_mean
1.000000,-0.414515,0.065632,-0.406172,-0.307677
-0.414515,1.000000,-0.498677,0.813115,0.246814
0.065632,-0.498677,1.000000,0.052050,-0.306817
-0.406172,0.813115,0.052050,1.000000,0.095977
-0.307677,0.246814,-0.306817,0.095977,1.000000
