atmos_pressure, temp_mean, rh_mean, vapor_pressure_mean, wspd_arith_mean
1.000000,-0.412933,0.221321,-0.218099,-0.316845
-0.412933,1.000000,-0.357054,0.793588,0.149927
0.221321,-0.357054,1.000000,0.214404,-0.366801
-0.218099,0.793588,0.214404,1.000000,-0.060763
-0.316845,0.149927,-0.366801,-0.060763,1.000000
