atmos_pressure, temp_mean, rh_mean, vapor_pressure_mean, wspd_arith_mean
1.000000,-0.329218,0.088993,-0.279905,-0.242081
-0.329218,1.000000,-0.501969,0.848495,0.174031
0.088993,-0.501969,1.000000,-0.015954,-0.346668
-0.279905,0.848495,-0.015954,1.000000,0.029985
-0.242081,0.174031,-0.346668,0.029985,1.000000
