atmos_pressure, temp_mean, rh_mean, vapor_pressure_mean, wspd_arith_mean
1.000000,-0.272135,-0.570534,-0.796261,-0.647864
-0.272135,1.000000,-0.403707,0.210266,0.469758
-0.570534,-0.403707,1.000000,0.804224,0.499077
-0.796261,0.210266,0.804224,1.000000,0.819319
-0.647864,0.469758,0.499077,0.819319,1.000000
