atmos_pressure, temp_mean, rh_mean, vapor_pressure_mean, wspd_arith_mean
1.000000,-0.529071,0.184176,-0.443313,-0.375007
-0.529071,1.000000,-0.595088,0.804984,0.226295
0.184176,-0.595088,1.000000,-0.072811,-0.294097
-0.443313,0.804984,-0.072811,1.000000,0.069009
-0.375007,0.226295,-0.294097,0.069009,1.000000
