atmos_pressure, temp_mean, rh_mean, vapor_pressure_mean, wspd_arith_mean
1.000000,-0.714887,-0.203558,-0.587499,-0.282904
-0.714887,1.000000,0.343892,0.841500,-0.011397
-0.203558,0.343892,1.000000,0.794817,-0.353652
-0.587499,0.841500,0.794817,1.000000,-0.194325
-0.282904,-0.011397,-0.353652,-0.194325,1.000000
