atmos_pressure, temp_mean, rh_mean, vapor_pressure_mean, wspd_arith_mean
1.000000,0.491585,-0.477444,0.627501,0.259248
0.491585,1.000000,-0.995586,0.790989,0.514003
-0.477444,-0.995586,1.000000,-0.742548,-0.524694
0.627501,0.790989,-0.742548,1.000000,0.451407
0.259248,0.514003,-0.524694,0.451407,1.000000
