atmos_pressure, temp_mean, rh_mean, vapor_pressure_mean, wspd_arith_mean, tbrg_precip_total_corr
1.000000,-0.845506,-0.120442,-0.828740,-0.484061,0.032624
-0.845506,1.000000,-0.133503,0.921711,0.666414,-0.050298
-0.120442,-0.133503,1.000000,0.199809,-0.298076,-0.083728
-0.828740,0.921711,0.199809,1.000000,0.631671,-0.097822
-0.484061,0.666414,-0.298076,0.631671,1.000000,-0.144670
0.032624,-0.050298,-0.083728,-0.097822,-0.144670,1.000000
