atmos_pressure, temp_mean, rh_mean, vapor_pressure_mean, wspd_arith_mean
1.000000,-0.764612,0.768245,-0.045978,-0.708978
-0.764612,1.000000,-0.995879,0.582811,0.916873
0.768245,-0.995879,1.000000,-0.545855,-0.933561
-0.045978,0.582811,-0.545855,1.000000,0.370778
-0.708978,0.916873,-0.933561,0.370778,1.000000
