atmos_pressure, temp_mean, rh_mean, vapor_pressure_mean, wspd_arith_mean
1.000000,-0.581865,0.031656,-0.827033,0.497524
-0.581865,1.000000,-0.782383,0.378924,-0.805428
0.031656,-0.782383,1.000000,0.265331,0.571531
-0.827033,0.378924,0.265331,1.000000,-0.453592
0.497524,-0.805428,0.571531,-0.453592,1.000000
