atmos_pressure, temp_mean, rh_mean, vapor_pressure_mean, wspd_arith_mean
1.000000,-0.386046,0.086639,-0.318329,-0.295604
-0.386046,1.000000,-0.388862,0.810517,0.271992
0.086639,-0.388862,1.000000,0.156510,-0.379422
-0.318329,0.810517,0.156510,1.000000,0.075915
-0.295604,0.271992,-0.379422,0.075915,1.000000
