atmos_pressure, temp_mean, rh_mean, vapor_pressure_mean, wspd_arith_mean
1.000000,-0.827342,-0.731315,-0.967128,0.653559
-0.827342,1.000000,0.258714,0.905979,-0.776208
-0.731315,0.258714,1.000000,0.637096,-0.289712
-0.967128,0.905979,0.637096,1.000000,-0.760559
0.653559,-0.776208,-0.289712,-0.760559,1.000000
