atmos_pressure, temp_mean, rh_mean, vapor_pressure_mean, wspd_arith_mean
1.000000,-0.550845,0.125480,-0.484356,-0.320834
-0.550845,1.000000,-0.480576,0.713721,0.478261
0.125480,-0.480576,1.000000,0.213803,-0.322826
-0.484356,0.713721,0.213803,1.000000,0.262814
-0.320834,0.478261,-0.322826,0.262814,1.000000
