atmos_pressure, temp_mean, rh_mean, vapor_pressure_mean, wspd_arith_mean
1.000000,-0.676041,0.172024,-0.675857,-0.205448
-0.676041,1.000000,-0.642586,0.631331,0.341833
0.172024,-0.642586,1.000000,0.092033,-0.341732
-0.675857,0.631331,0.092033,1.000000,0.156920
-0.205448,0.341833,-0.341732,0.156920,1.000000
