atmos_pressure, temp_mean, rh_mean, vapor_pressure_mean, wspd_arith_mean
1.000000,0.036513,-0.046138,-0.114041,0.425831
0.036513,1.000000,-0.989115,-0.828312,0.396913
-0.046138,-0.989115,1.000000,0.885136,-0.435551
-0.114041,-0.828312,0.885136,1.000000,-0.405831
0.425831,0.396913,-0.435551,-0.405831,1.000000
