atmos_pressure, temp_mean, rh_mean, vapor_pressure_mean, wspd_arith_mean
1.000000,-0.798371,0.584111,-0.931857,0.011530
-0.798371,1.000000,-0.943434,0.921097,-0.134341
0.584111,-0.943434,1.000000,-0.740621,0.089347
-0.931857,0.921097,-0.740621,1.000000,-0.159060
0.011530,-0.134341,0.089347,-0.159060,1.000000
