atmos_pressure, temp_mean, rh_mean, vapor_pressure_mean, wspd_arith_mean
1.000000,-0.548097,0.071135,-0.443708,-0.340922
-0.548097,1.000000,-0.335680,0.801774,0.312830
0.071135,-0.335680,1.000000,0.221909,-0.337677
-0.443708,0.801774,0.221909,1.000000,0.168926
-0.340922,0.312830,-0.337677,0.168926,1.000000
