atmos_pressure, temp_mean, rh_mean, vapor_pressure_mean, wspd_arith_mean
1.000000,-0.635115,0.018666,-0.659480,-0.203249
-0.635115,1.000000,-0.494405,0.765542,0.302941
0.018666,-0.494405,1.000000,0.105868,-0.411327
-0.659480,0.765542,0.105868,1.000000,0.105524
-0.203249,0.302941,-0.411327,0.105524,1.000000
