atmos_pressure, temp_mean, rh_mean, vapor_pressure_mean, wspd_arith_mean, tbrg_precip_total_corr
1.000000,-0.694557,0.799585,-0.053868,-0.078253,nan
-0.694557,1.000000,-0.793841,0.550689,-0.140917,nan
0.799585,-0.793841,1.000000,0.069609,0.097000,nan
-0.053868,0.550689,0.069609,1.000000,-0.083137,nan
-0.078253,-0.140917,0.097000,-0.083137,1.000000,nan
nan,nan,nan,nan,nan,nan
