atmos_pressure, temp_mean, rh_mean, vapor_pressure_mean, wspd_arith_mean, tbrg_precip_total_corr
1.000000,-0.266725,0.280484,-0.131278,-0.210113,0.075814
-0.266725,1.000000,-0.641474,0.917479,-0.125230,-0.127083
0.280484,-0.641474,1.000000,-0.308667,-0.055954,-0.064311
-0.131278,0.917479,-0.308667,1.000000,-0.150306,-0.172591
-0.210113,-0.125230,-0.055954,-0.150306,1.000000,0.006232
0.075814,-0.127083,-0.064311,-0.172591,0.006232,1.000000
