atmos_pressure, temp_mean, rh_mean, vapor_pressure_mean, wspd_arith_mean
1.000000,-0.333638,0.031551,-0.335172,-0.278118
-0.333638,1.000000,-0.485730,0.821559,0.149078
0.031551,-0.485730,1.000000,0.036763,-0.303104
-0.335172,0.821559,0.036763,1.000000,0.016585
-0.278118,0.149078,-0.303104,0.016585,1.000000
