atmos_pressure, temp_mean, rh_mean, vapor_pressure_mean, wspd_arith_mean, tbrg_precip_total_corr
1.000000,-0.406570,0.010105,-0.374608,0.058304,-0.007458
-0.406570,1.000000,-0.686397,0.192778,0.148939,-0.094824
0.010105,-0.686397,1.000000,0.523259,-0.228852,0.042052
-0.374608,0.192778,0.523259,1.000000,0.066624,-0.042293
0.058304,0.148939,-0.228852,0.066624,1.000000,-0.114479
-0.007458,-0.094824,0.042052,-0.042293,-0.114479,1.000000
