atmos_pressure, temp_mean, rh_mean, vapor_pressure_mean, wspd_arith_mean, tbrg_precip_total_corr
1.000000,-0.633049,-0.239774,-0.611906,-0.579567,0.263116
-0.633049,1.000000,-0.161607,0.980162,0.501548,-0.134985
-0.239774,-0.161607,1.000000,-0.031519,-0.090745,-0.005944
-0.611906,0.980162,-0.031519,1.000000,0.413312,-0.133063
-0.579567,0.501548,-0.090745,0.413312,1.000000,-0.163521
0.263116,-0.134985,-0.005944,-0.133063,-0.163521,1.000000
