atmos_pressure, temp_mean, rh_mean, vapor_pressure_mean, wspd_arith_mean, tbrg_precip_total_corr
1.000000,-0.293194,-0.006651,-0.244488,-0.115835,-0.156377
-0.293194,1.000000,-0.165969,0.966515,-0.023069,0.119129
-0.006651,-0.165969,1.000000,0.020919,-0.101724,0.045582
-0.244488,0.966515,0.020919,1.000000,-0.063904,0.121951
-0.115835,-0.023069,-0.101724,-0.063904,1.000000,0.335112
-0.156377,0.119129,0.045582,0.121951,0.335112,1.000000
