atmos_pressure, temp_mean, rh_mean, vapor_pressure_mean, wspd_arith_mean, tbrg_precip_total_corr
1.000000,-0.994295,0.993572,0.983455,-0.953797,nan
-0.994295,1.000000,-0.990665,-0.975422,0.952557,nan
0.993572,-0.990665,1.000000,0.996348,-0.926497,nan
0.983455,-0.975422,0.996348,1.000000,-0.901606,nan
-0.953797,0.952557,-0.926497,-0.901606,1.000000,nan
nan,nan,nan,nan,nan,nan
