atmos_pressure, temp_mean, rh_mean, vapor_pressure_mean, wspd_arith_mean
1.000000,-0.390182,0.158155,-0.328208,-0.274119
-0.390182,1.000000,-0.499182,0.806522,0.097099
0.158155,-0.499182,1.000000,0.035222,-0.340238
-0.328208,0.806522,0.035222,1.000000,-0.077385
-0.274119,0.097099,-0.340238,-0.077385,1.000000
