atmos_pressure, temp_mean, rh_mean, vapor_pressure_mean, wspd_arith_mean
1.000000,-0.686367,0.689697,0.728881,-0.716583
-0.686367,1.000000,-0.996273,-0.836286,0.829930
0.689697,-0.996273,1.000000,0.864682,-0.826252
0.728881,-0.836286,0.864682,1.000000,-0.823471
-0.716583,0.829930,-0.826252,-0.823471,1.000000
