atmos_pressure, temp_mean, rh_mean, vapor_pressure_mean, wspd_arith_mean, tbrg_precip_total_corr
1.000000,-0.217115,0.155740,-0.139380,-0.334741,-0.098651
-0.217115,1.000000,-0.439633,0.774300,0.139597,0.118025
0.155740,-0.439633,1.000000,0.188613,-0.486477,0.026070
-0.139380,0.774300,0.188613,1.000000,-0.193749,0.154010
-0.334741,0.139597,-0.486477,-0.193749,1.000000,-0.041737
-0.098651,0.118025,0.026070,0.154010,-0.041737,1.000000
