atmos_pressure, temp_mean, rh_mean, vapor_pressure_mean, wspd_arith_mean
1.000000,-0.536260,0.169486,-0.377389,-0.365657
-0.536260,1.000000,-0.407032,0.761269,0.225641
0.169486,-0.407032,1.000000,0.201794,-0.394097
-0.377389,0.761269,0.201794,1.000000,0.000351
-0.365657,0.225641,-0.394097,0.000351,1.000000
