atmos_pressure, temp_mean, rh_mean, vapor_pressure_mean, wspd_arith_mean, tbrg_precip_total_corr
1.000000,-0.259312,0.793870,0.279679,-0.532184,nan
-0.259312,1.000000,-0.481066,0.780959,0.313836,nan
0.793870,-0.481066,1.000000,0.171335,-0.448298,nan
0.279679,0.780959,0.171335,1.000000,0.035171,nan
-0.532184,0.313836,-0.448298,0.035171,1.000000,nan
nan,nan,nan,nan,nan,nan
