atmos_pressure, temp_mean, rh_mean, vapor_pressure_mean, wspd_arith_mean
1.000000,-0.635927,0.732787,-0.418900,-0.638846
-0.635927,1.000000,-0.872002,0.883947,0.696487
0.732787,-0.872002,1.000000,-0.549646,-0.656385
-0.418900,0.883947,-0.549646,1.000000,0.560363
-0.638846,0.696487,-0.656385,0.560363,1.000000
