atmos_pressure, temp_mean, rh_mean, vapor_pressure_mean, wspd_arith_mean, tbrg_precip_total_corr
1.000000,-0.819360,-0.161314,-0.763760,-0.215311,0.146511
-0.819360,1.000000,0.156657,0.959842,0.376498,-0.149106
-0.161314,0.156657,1.000000,0.385341,-0.160898,0.020530
-0.763760,0.959842,0.385341,1.000000,0.307409,-0.136728
-0.215311,0.376498,-0.160898,0.307409,1.000000,-0.039938
0.146511,-0.149106,0.020530,-0.136728,-0.039938,1.000000
