atmos_pressure, temp_mean, rh_mean, vapor_pressure_mean, wspd_arith_mean, tbrg_precip_total_corr
1.000000,-0.739593,-0.470378,-0.761537,0.241421,nan
-0.739593,1.000000,0.445012,0.975556,-0.153970,nan
-0.470378,0.445012,1.000000,0.612275,0.014155,nan
-0.761537,0.975556,0.612275,1.000000,-0.122770,nan
0.241421,-0.153970,0.014155,-0.122770,1.000000,nan
nan,nan,nan,nan,nan,nan
