atmos_pressure, temp_mean, rh_mean, vapor_pressure_mean, wspd_arith_mean
1.000000,-0.594361,0.159302,-0.527815,-0.313247
-0.594361,1.000000,-0.546798,0.726429,0.244693
0.159302,-0.546798,1.000000,0.110110,-0.280113
-0.527815,0.726429,0.110110,1.000000,0.090035
-0.313247,0.244693,-0.280113,0.090035,1.000000
