atmos_pressure, temp_mean, rh_mean, vapor_pressure_mean, wspd_arith_mean, tbrg_precip_total_corr
1.000000,-0.282613,-0.384930,-0.146910,-0.283110,0.208231
-0.282613,1.000000,0.820833,0.839787,0.050257,-0.246696
-0.384930,0.820833,1.000000,0.759699,0.122977,-0.346176
-0.146910,0.839787,0.759699,1.000000,0.014913,-0.162972
-0.283110,0.050257,0.122977,0.014913,1.000000,0.128897
0.208231,-0.246696,-0.346176,-0.162972,0.128897,1.000000
