atmos_pressure, temp_mean, rh_mean, vapor_pressure_mean, wspd_arith_mean, tbrg_precip_total_corr
1.000000,-0.306672,-0.381259,-0.597296,0.379539,nan
-0.306672,1.000000,-0.389821,0.695112,0.310064,nan
-0.381259,-0.389821,1.000000,0.390162,-0.614639,nan
-0.597296,0.695112,0.390162,1.000000,-0.156959,nan
0.379539,0.310064,-0.614639,-0.156959,1.000000,nan
nan,nan,nan,nan,nan,nan
