atmos_pressure, temp_mean, rh_mean, vapor_pressure_mean, wspd_arith_mean
1.000000,-0.416703,0.036783,-0.363592,-0.302468
-0.416703,1.000000,-0.339863,0.838833,0.211095
0.036783,-0.339863,1.000000,0.154119,-0.395221
-0.363592,0.838833,0.154119,1.000000,0.019174
-0.302468,0.211095,-0.395221,0.019174,1.000000
