atmos_pressure, temp_mean, rh_mean, vapor_pressure_mean, wspd_arith_mean
1.000000,-0.840335,0.466042,-0.812351,-0.793846
-0.840335,1.000000,-0.781573,0.722119,0.778319
0.466042,-0.781573,1.000000,-0.142716,-0.696749
-0.812351,0.722119,-0.142716,1.000000,0.441417
-0.793846,0.778319,-0.696749,0.441417,1.000000
