atmos_pressure, temp_mean, rh_mean, vapor_pressure_mean, wspd_arith_mean, tbrg_precip_total_corr
1.000000,-0.577279,0.091525,-0.544740,-0.145937,-0.033465
-0.577279,1.000000,-0.554045,0.816773,0.337840,0.134605
0.091525,-0.554045,1.000000,-0.026624,-0.118468,-0.097060
-0.544740,0.816773,-0.026624,1.000000,0.354563,0.117881
-0.145937,0.337840,-0.118468,0.354563,1.000000,0.036820
-0.033465,0.134605,-0.097060,0.117881,0.036820,1.000000
