atmos_pressure, temp_mean, rh_mean, vapor_pressure_mean, wspd_arith_mean
1.000000,-0.288904,0.006794,-0.297739,-0.253591
-0.288904,1.000000,-0.501232,0.776721,0.182901
0.006794,-0.501232,1.000000,0.114381,-0.289947
-0.297739,0.776721,0.114381,1.000000,-0.003277
-0.253591,0.182901,-0.289947,-0.003277,1.000000
