atmos_pressure, temp_mean, rh_mean, vapor_pressure_mean, wspd_arith_mean, tbrg_precip_total_corr
1.000000,-0.464593,0.388482,-0.273962,-0.486796,-0.062436
-0.464593,1.000000,-0.508599,0.809569,0.523501,0.069664
0.388482,-0.508599,1.000000,0.060732,-0.565950,-0.023995
-0.273962,0.809569,0.060732,1.000000,0.260403,0.070747
-0.486796,0.523501,-0.565950,0.260403,1.000000,-0.060415
-0.062436,0.069664,-0.023995,0.070747,-0.060415,1.000000
