atmos_pressure, temp_mean, rh_mean, vapor_pressure_mean, wspd_arith_mean
1.000000,0.670905,-0.640321,0.232758,0.508830
0.670905,1.000000,-0.982343,0.502968,0.322956
-0.640321,-0.982343,1.000000,-0.371438,-0.257806
0.232758,0.502968,-0.371438,1.000000,0.214546
0.508830,0.322956,-0.257806,0.214546,1.000000
