atmos_pressure, temp_mean, rh_mean, vapor_pressure_mean, wspd_arith_mean, tbrg_precip_total_corr
1.000000,-0.811080,0.299649,-0.829172,-0.875682,0.007746
-0.811080,1.000000,-0.519543,0.916642,0.838668,-0.090223
0.299649,-0.519543,1.000000,-0.147530,-0.272626,-0.147058
-0.829172,0.916642,-0.147530,1.000000,0.862816,-0.149107
-0.875682,0.838668,-0.272626,0.862816,1.000000,0.023295
0.007746,-0.090223,-0.147058,-0.149107,0.023295,1.000000
