atmos_pressure, temp_mean, rh_mean, vapor_pressure_mean, wspd_arith_mean, tbrg_precip_total_corr
1.000000,-0.122839,0.109107,-0.067292,-0.149225,-0.103562
-0.122839,1.000000,-0.602028,0.779659,0.368637,0.170601
0.109107,-0.602028,1.000000,-0.008243,-0.245783,-0.096625
-0.067292,0.779659,-0.008243,1.000000,0.264902,0.126572
-0.149225,0.368637,-0.245783,0.264902,1.000000,0.119144
-0.103562,0.170601,-0.096625,0.126572,0.119144,1.000000
