atmos_pressure, temp_mean, rh_mean, vapor_pressure_mean, wspd_arith_mean
1.000000,-0.433501,0.056589,-0.425855,-0.301577
-0.433501,1.000000,-0.507072,0.849050,0.348873
0.056589,-0.507072,1.000000,-0.033244,-0.358960
-0.425855,0.849050,-0.033244,1.000000,0.201678
-0.301577,0.348873,-0.358960,0.201678,1.000000
