atmos_pressure, temp_mean, rh_mean, vapor_pressure_mean, wspd_arith_mean, tbrg_precip_total_corr
1.000000,-0.324659,0.130156,-0.322551,-0.341774,0.049490
-0.324659,1.000000,-0.425801,0.868928,0.243151,0.017450
0.130156,-0.425801,1.000000,0.040018,-0.078798,-0.214158
-0.322551,0.868928,0.040018,1.000000,0.214134,-0.094607
-0.341774,0.243151,-0.078798,0.214134,1.000000,0.041378
0.049490,0.017450,-0.214158,-0.094607,0.041378,1.000000
