atmos_pressure, temp_mean, rh_mean, vapor_pressure_mean, wspd_arith_mean
1.000000,-0.709133,0.619657,-0.321150,-0.801889
-0.709133,1.000000,-0.986095,0.512315,0.792924
0.619657,-0.986095,1.000000,-0.444609,-0.735152
-0.321150,0.512315,-0.444609,1.000000,0.390616
-0.801889,0.792924,-0.735152,0.390616,1.000000
