atmos_pressure, temp_mean, rh_mean, vapor_pressure_mean, wspd_arith_mean
1.000000,-0.613651,0.125891,-0.629335,-0.314358
-0.613651,1.000000,-0.605323,0.748335,0.452779
0.125891,-0.605323,1.000000,0.010972,-0.369949
-0.629335,0.748335,0.010972,1.000000,0.334126
-0.314358,0.452779,-0.369949,0.334126,1.000000
