atmos_pressure, temp_mean, rh_mean, vapor_pressure_mean, wspd_arith_mean
1.000000,-0.181313,-0.256984,-0.773431,-0.165133
-0.181313,1.000000,-0.875930,-0.061795,-0.044648
-0.256984,-0.875930,1.000000,0.522455,0.196228
-0.773431,-0.061795,0.522455,1.000000,0.462972
-0.165133,-0.044648,0.196228,0.462972,1.000000
