atmos_pressure, temp_mean, rh_mean, vapor_pressure_mean, wspd_arith_mean, tbrg_precip_total_corr
1.000000,-0.249210,0.076696,-0.182954,-0.127310,-0.015951
-0.249210,1.000000,-0.126589,0.945188,-0.062508,0.101249
0.076696,-0.126589,1.000000,0.154949,-0.045344,-0.116754
-0.182954,0.945188,0.154949,1.000000,-0.052546,0.048682
-0.127310,-0.062508,-0.045344,-0.052546,1.000000,0.226059
-0.015951,0.101249,-0.116754,0.048682,0.226059,1.000000
