atmos_pressure, temp_mean, rh_mean, vapor_pressure_mean, wspd_arith_mean, tbrg_precip_total_corr
1.000000,-0.517378,0.123630,-0.439277,-0.498067,-0.186136
-0.517378,1.000000,-0.435366,0.764133,0.398839,0.259978
0.123630,-0.435366,1.000000,0.204318,-0.387739,-0.091076
-0.439277,0.764133,0.204318,1.000000,0.152924,0.209896
-0.498067,0.398839,-0.387739,0.152924,1.000000,0.069901
-0.186136,0.259978,-0.091076,0.209896,0.069901,1.000000
