atmos_pressure, temp_mean, rh_mean, vapor_pressure_mean, wspd_arith_mean
1.000000,-0.548076,0.285702,-0.495477,0.871405
-0.548076,1.000000,-0.893382,0.023928,-0.533460
0.285702,-0.893382,1.000000,0.392523,0.309161
-0.495477,0.023928,0.392523,1.000000,-0.367105
0.871405,-0.533460,0.309161,-0.367105,1.000000
