atmos_pressure, temp_mean, rh_mean, vapor_pressure_mean, wspd_arith_mean, tbrg_precip_total_corr
1.000000,0.315112,-0.577147,0.059423,-0.421426,0.053482
0.315112,1.000000,-0.899955,0.846316,-0.553374,0.248682
-0.577147,-0.899955,1.000000,-0.567928,0.574915,-0.320394
0.059423,0.846316,-0.567928,1.000000,-0.509947,-0.001974
-0.421426,-0.553374,0.574915,-0.509947,1.000000,-0.119298
0.053482,0.248682,-0.320394,-0.001974,-0.119298,1.000000
