atmos_pressure, temp_mean, rh_mean, vapor_pressure_mean, wspd_arith_mean, tbrg_precip_total_corr
1.000000,-0.554850,0.024606,-0.517142,-0.124036,-0.062835
-0.554850,1.000000,0.161477,0.945832,0.120685,0.164618
0.024606,0.161477,1.000000,0.448906,-0.532499,-0.218186
-0.517142,0.945832,0.448906,1.000000,-0.002459,0.075407
-0.124036,0.120685,-0.532499,-0.002459,1.000000,0.168414
-0.062835,0.164618,-0.218186,0.075407,0.168414,1.000000
