atmos_pressure, temp_mean, rh_mean, vapor_pressure_mean, wspd_arith_mean
1.000000,-0.524560,0.060318,-0.536149,-0.234633
-0.524560,1.000000,-0.578477,0.679575,0.328537
0.060318,-0.578477,1.000000,0.131586,-0.330631
-0.536149,0.679575,0.131586,1.000000,0.126396
-0.234633,0.328537,-0.330631,0.126396,1.000000
