atmos_pressure, temp_mean, rh_mean, vapor_pressure_mean, wspd_arith_mean
1.000000,-0.447979,0.110449,-0.411090,-0.270820
-0.447979,1.000000,-0.518673,0.795454,0.300248
0.110449,-0.518673,1.000000,0.039870,-0.324905
-0.411090,0.795454,0.039870,1.000000,0.163763
-0.270820,0.300248,-0.324905,0.163763,1.000000
