atmos_pressure, temp_mean, rh_mean, vapor_pressure_mean, wspd_arith_mean
1.000000,-0.463687,0.012049,-0.447324,-0.345577
-0.463687,1.000000,-0.387141,0.833300,0.239365
0.012049,-0.387141,1.000000,0.133769,-0.344623
-0.447324,0.833300,0.133769,1.000000,0.062536
-0.345577,0.239365,-0.344623,0.062536,1.000000
