atmos_pressure, temp_mean, rh_mean, vapor_pressure_mean, wspd_arith_mean, tbrg_precip_total_corr
1.000000,-0.105548,-0.013031,-0.097290,-0.272373,-0.019044
-0.105548,1.000000,-0.587142,0.960416,0.274302,0.237555
-0.013031,-0.587142,1.000000,-0.392620,-0.223580,-0.295919
-0.097290,0.960416,-0.392620,1.000000,0.279540,0.196452
-0.272373,0.274302,-0.223580,0.279540,1.000000,0.338026
-0.019044,0.237555,-0.295919,0.196452,0.338026,1.000000
