atmos_pressure, temp_mean, rh_mean, vapor_pressure_mean, wspd_arith_mean
1.000000,-0.629640,0.165356,-0.601765,-0.259441
-0.629640,1.000000,-0.606809,0.592534,0.418553
0.165356,-0.606809,1.000000,0.203625,-0.399770
-0.601765,0.592534,0.203625,1.000000,0.206293
-0.259441,0.418553,-0.399770,0.206293,1.000000
