atmos_pressure, temp_mean, rh_mean, vapor_pressure_mean, wspd_arith_mean
1.000000,-0.370503,0.021742,-0.387279,-0.358044
-0.370503,1.000000,-0.487560,0.752377,0.275891
0.021742,-0.487560,1.000000,0.143136,-0.367079
-0.387279,0.752377,0.143136,1.000000,0.061809
-0.358044,0.275891,-0.367079,0.061809,1.000000
