atmos_pressure, temp_mean, rh_mean, vapor_pressure_mean, wspd_arith_mean, tbrg_precip_total_corr
1.000000,-0.651729,-0.296104,-0.777124,-0.216921,0.169630
-0.651729,1.000000,-0.167127,0.853581,0.468719,-0.039843
-0.296104,-0.167127,1.000000,0.333509,-0.368828,-0.358964
-0.777124,0.853581,0.333509,1.000000,0.301651,-0.178407
-0.216921,0.468719,-0.368828,0.301651,1.000000,0.046569
0.169630,-0.039843,-0.358964,-0.178407,0.046569,1.000000
