atmos_pressure, temp_mean, rh_mean, vapor_pressure_mean, wspd_arith_mean
1.000000,0.724725,0.025827,0.825284,-0.408254
0.724725,1.000000,-0.523163,0.943578,0.095854
0.025827,-0.523163,1.000000,-0.214356,-0.596203
0.825284,0.943578,-0.214356,1.000000,-0.105996
-0.408254,0.095854,-0.596203,-0.105996,1.000000
