atmos_pressure, temp_mean, rh_mean, vapor_pressure_mean, wspd_arith_mean
1.000000,0.590268,-0.768997,-0.878331,-0.773565
0.590268,1.000000,-0.957275,-0.779661,-0.291173
-0.768997,-0.957275,1.000000,0.904361,0.447746
-0.878331,-0.779661,0.904361,1.000000,0.696867
-0.773565,-0.291173,0.447746,0.696867,1.000000
