atmos_pressure, temp_mean, rh_mean, vapor_pressure_mean, wspd_arith_mean
1.000000,-0.926468,0.884805,-0.785187,0.130744
-0.926468,1.000000,-0.947815,0.840436,-0.254776
0.884805,-0.947815,1.000000,-0.629974,0.349112
-0.785187,0.840436,-0.629974,1.000000,-0.024838
0.130744,-0.254776,0.349112,-0.024838,1.000000
