atmos_pressure, temp_mean, rh_mean, vapor_pressure_mean, wspd_arith_mean
1.000000,-0.812834,0.772762,-0.745172,-0.690573
-0.812834,1.000000,-0.983477,0.831383,0.765959
0.772762,-0.983477,1.000000,-0.724533,-0.802713
-0.745172,0.831383,-0.724533,1.000000,0.506666
-0.690573,0.765959,-0.802713,0.506666,1.000000
