atmos_pressure, temp_mean, rh_mean, vapor_pressure_mean, wspd_arith_mean
1.000000,-0.623808,0.114310,-0.594589,-0.291352
-0.623808,1.000000,-0.539516,0.804428,0.308981
0.114310,-0.539516,1.000000,-0.025136,-0.352400
-0.594589,0.804428,-0.025136,1.000000,0.210966
-0.291352,0.308981,-0.352400,0.210966,1.000000
