atmos_pressure, temp_mean, rh_mean, vapor_pressure_mean, wspd_arith_mean
1.000000,-0.336593,0.110181,-0.270716,-0.388340
-0.336593,1.000000,-0.436924,0.775679,0.166691
0.110181,-0.436924,1.000000,0.147249,-0.315620
-0.270716,0.775679,0.147249,1.000000,-0.000420
-0.388340,0.166691,-0.315620,-0.000420,1.000000
