atmos_pressure, temp_mean, rh_mean, vapor_pressure_mean, wspd_arith_mean
1.000000,-0.732703,0.154724,-0.959870,-0.572786
-0.732703,1.000000,-0.773722,0.776313,0.626871
0.154724,-0.773722,1.000000,-0.208756,-0.458520
-0.959870,0.776313,-0.208756,1.000000,0.473961
-0.572786,0.626871,-0.458520,0.473961,1.000000
