atmos_pressure, temp_mean, rh_mean, vapor_pressure_mean, wspd_arith_mean
1.000000,-0.857409,0.735804,-0.771999,-0.389002
-0.857409,1.000000,-0.960432,0.795769,0.537730
0.735804,-0.960432,1.000000,-0.620231,-0.533057
-0.771999,0.795769,-0.620231,1.000000,0.433659
-0.389002,0.537730,-0.533057,0.433659,1.000000
