atmos_pressure, temp_mean, rh_mean, vapor_pressure_mean, wspd_arith_mean
1.000000,-0.378056,0.123493,-0.308728,-0.343057
-0.378056,1.000000,-0.543807,0.754661,0.442673
0.123493,-0.543807,1.000000,0.072447,-0.380818
-0.308728,0.754661,0.072447,1.000000,0.236219
-0.343057,0.442673,-0.380818,0.236219,1.000000
