atmos_pressure, temp_mean, rh_mean, vapor_pressure_mean, wspd_arith_mean
1.000000,-0.443172,0.080129,-0.428863,-0.365148
-0.443172,1.000000,-0.541773,0.677730,0.439550
0.080129,-0.541773,1.000000,0.195425,-0.310806
-0.428863,0.677730,0.195425,1.000000,0.261871
-0.365148,0.439550,-0.310806,0.261871,1.000000
