atmos_pressure, temp_mean, rh_mean, vapor_pressure_mean, wspd_arith_mean, tbrg_precip_total_corr
1.000000,-0.523536,0.320931,-0.308333,-0.439710,-0.081148
-0.523536,1.000000,-0.546881,0.698247,0.374288,0.114985
0.320931,-0.546881,1.000000,0.168069,-0.378045,-0.074491
-0.308333,0.698247,0.168069,1.000000,0.130056,0.088219
-0.439710,0.374288,-0.378045,0.130056,1.000000,-0.058725
-0.081148,0.114985,-0.074491,0.088219,-0.058725,1.000000
