atmos_pressure, temp_mean, rh_mean, vapor_pressure_mean, wspd_arith_mean, tbrg_precip_total_corr
1.000000,-0.572392,0.360658,-0.334248,-0.056473,-0.098459
-0.572392,1.000000,-0.578033,0.644644,0.039940,0.010469
0.360658,-0.578033,1.000000,0.213062,-0.247522,0.071567
-0.334248,0.644644,0.213062,1.000000,-0.147481,0.069303
-0.056473,0.039940,-0.247522,-0.147481,1.000000,-0.069036
-0.098459,0.010469,0.071567,0.069303,-0.069036,1.000000
