atmos_pressure, temp_mean, rh_mean, vapor_pressure_mean, wspd_arith_mean
1.000000,-0.733698,0.259775,-0.929820,-0.769221
-0.733698,1.000000,-0.832555,0.595077,0.680991
0.259775,-0.832555,1.000000,-0.071219,-0.363875
-0.929820,0.595077,-0.071219,1.000000,0.676362
-0.769221,0.680991,-0.363875,0.676362,1.000000
