atmos_pressure, temp_mean, rh_mean, vapor_pressure_mean, wspd_arith_mean
1.000000,-0.318751,0.082613,-0.257729,-0.335328
-0.318751,1.000000,-0.529893,0.809303,0.329802
0.082613,-0.529893,1.000000,0.004056,-0.366305
-0.257729,0.809303,0.004056,1.000000,0.164394
-0.335328,0.329802,-0.366305,0.164394,1.000000
