atmos_pressure, temp_mean, rh_mean, vapor_pressure_mean, wspd_arith_mean
1.000000,-0.344213,-0.152520,-0.458859,-0.351868
-0.344213,1.000000,-0.533021,0.719996,0.418237
-0.152520,-0.533021,1.000000,0.102743,-0.208890
-0.458859,0.719996,0.102743,1.000000,0.371469
-0.351868,0.418237,-0.208890,0.371469,1.000000
