atmos_pressure, temp_mean, rh_mean, vapor_pressure_mean, wspd_arith_mean
1.000000,-0.300526,0.278025,0.275626,-0.532845
-0.300526,1.000000,-0.916261,-0.302586,0.829490
0.278025,-0.916261,1.000000,0.573442,-0.772408
0.275626,-0.302586,0.573442,1.000000,-0.448086
-0.532845,0.829490,-0.772408,-0.448086,1.000000
