atmos_pressure, temp_mean, rh_mean, vapor_pressure_mean, wspd_arith_mean, tbrg_precip_total_corr
1.000000,-0.852872,0.845393,0.106495,0.234612,nan
-0.852872,1.000000,-0.620026,0.334290,-0.461153,nan
0.845393,-0.620026,1.000000,0.531664,0.150275,nan
0.106495,0.334290,0.531664,1.000000,-0.329155,nan
0.234612,-0.461153,0.150275,-0.329155,1.000000,nan
nan,nan,nan,nan,nan,nan
