atmos_pressure, temp_mean, rh_mean, vapor_pressure_mean, wspd_arith_mean
1.000000,-0.430031,0.189609,-0.534921,0.372625
-0.430031,1.000000,-0.955144,-0.214898,0.162205
0.189609,-0.955144,1.000000,0.477611,-0.278715
-0.534921,-0.214898,0.477611,1.000000,-0.376280
0.372625,0.162205,-0.278715,-0.376280,1.000000
