atmos_pressure, temp_mean, rh_mean, vapor_pressure_mean, wspd_arith_mean
1.000000,-0.460585,0.076943,-0.491517,-0.226880
-0.460585,1.000000,-0.621756,0.611410,0.273106
0.076943,-0.621756,1.000000,0.169735,-0.221505
-0.491517,0.611410,0.169735,1.000000,0.153520
-0.226880,0.273106,-0.221505,0.153520,1.000000
