atmos_pressure, temp_mean, rh_mean, vapor_pressure_mean, wspd_arith_mean
1.000000,-0.329451,0.091622,-0.220015,-0.324768
-0.329451,1.000000,-0.497285,0.758074,0.247342
0.091622,-0.497285,1.000000,0.114467,-0.335020
-0.220015,0.758074,0.114467,1.000000,0.030539
-0.324768,0.247342,-0.335020,0.030539,1.000000
