atmos_pressure, temp_mean, rh_mean, vapor_pressure_mean, wspd_arith_mean
1.000000,-0.755190,-0.159878,-0.795251,0.442096
-0.755190,1.000000,-0.467904,0.406652,-0.702276
-0.159878,-0.467904,1.000000,0.564363,0.416204
-0.795251,0.406652,0.564363,1.000000,-0.248863
0.442096,-0.702276,0.416204,-0.248863,1.000000
