atmos_pressure, temp_mean, rh_mean, vapor_pressure_mean, wspd_arith_mean
1.000000,-0.563318,0.143589,-0.580502,-0.363097
-0.563318,1.000000,-0.615897,0.725874,0.375053
0.143589,-0.615897,1.000000,0.024627,-0.320302
-0.580502,0.725874,0.024627,1.000000,0.278276
-0.363097,0.375053,-0.320302,0.278276,1.000000
