atmos_pressure, temp_mean, rh_mean, vapor_pressure_mean, wspd_arith_mean
1.000000,-0.509541,0.173433,-0.439798,-0.180300
-0.509541,1.000000,-0.643753,0.474013,0.286431
0.173433,-0.643753,1.000000,0.287674,-0.216436
-0.439798,0.474013,0.287674,1.000000,0.116598
-0.180300,0.286431,-0.216436,0.116598,1.000000
