atmos_pressure, temp_mean, rh_mean, vapor_pressure_mean, wspd_arith_mean
1.000000,0.248575,-0.326194,-0.299947,-0.278163
0.248575,1.000000,-0.969033,0.322725,0.105418
-0.326194,-0.969033,1.000000,-0.109308,-0.176589
-0.299947,0.322725,-0.109308,1.000000,0.030671
-0.278163,0.105418,-0.176589,0.030671,1.000000
