atmos_pressure, temp_mean, rh_mean, vapor_pressure_mean, wspd_arith_mean
1.000000,-0.447211,-0.046384,-0.587243,-0.329042
-0.447211,1.000000,-0.602447,0.787017,0.269000
-0.046384,-0.602447,1.000000,-0.040679,-0.182147
-0.587243,0.787017,-0.040679,1.000000,0.200978
-0.329042,0.269000,-0.182147,0.200978,1.000000
