atmos_pressure, temp_mean, rh_mean, vapor_pressure_mean, wspd_arith_mean
1.000000,-0.748094,0.617867,-0.813002,-0.680926
-0.748094,1.000000,-0.979904,0.701533,0.907237
0.617867,-0.979904,1.000000,-0.579909,-0.891071
-0.813002,0.701533,-0.579909,1.000000,0.646759
-0.680926,0.907237,-0.891071,0.646759,1.000000
