atmos_pressure, temp_mean, rh_mean, vapor_pressure_mean, wspd_arith_mean, tbrg_precip_total_corr
1.000000,-0.016120,0.033466,0.003656,-0.057531,-0.039456
-0.016120,1.000000,-0.384191,0.913146,-0.109056,0.115287
0.033466,-0.384191,1.000000,-0.006000,-0.163713,-0.053225
0.003656,0.913146,-0.006000,1.000000,-0.195566,0.078089
-0.057531,-0.109056,-0.163713,-0.195566,1.000000,0.141107
-0.039456,0.115287,-0.053225,0.078089,0.141107,1.000000
