atmos_pressure, temp_mean, rh_mean, vapor_pressure_mean, wspd_arith_mean
1.000000,-0.304080,0.185824,-0.187518,-0.316627
-0.304080,1.000000,-0.595332,0.635936,0.144322
0.185824,-0.595332,1.000000,0.191167,-0.342413
-0.187518,0.635936,0.191167,1.000000,-0.111548
-0.316627,0.144322,-0.342413,-0.111548,1.000000
