atmos_pressure, temp_mean, rh_mean, vapor_pressure_mean, wspd_arith_mean
1.000000,-0.877258,0.586546,-0.935591,-0.708090
-0.877258,1.000000,-0.871304,0.900036,0.744482
0.586546,-0.871304,1.000000,-0.580918,-0.633525
-0.935591,0.900036,-0.580918,1.000000,0.716775
-0.708090,0.744482,-0.633525,0.716775,1.000000
