atmos_pressure, temp_mean, rh_mean, vapor_pressure_mean, wspd_arith_mean
1.000000,-0.825413,0.500345,-0.186392,-0.546614
-0.825413,1.000000,-0.611067,0.200457,0.535688
0.500345,-0.611067,1.000000,0.645565,0.150050
-0.186392,0.200457,0.645565,1.000000,0.686718
-0.546614,0.535688,0.150050,0.686718,1.000000
