atmos_pressure, temp_mean, rh_mean, vapor_pressure_mean, wspd_arith_mean
1.000000,-0.681564,0.653214,0.196079,-0.778411
-0.681564,1.000000,-0.989729,0.286574,0.820075
0.653214,-0.989729,1.000000,-0.215635,-0.807682
0.196079,0.286574,-0.215635,1.000000,-0.058690
-0.778411,0.820075,-0.807682,-0.058690,1.000000
