atmos_pressure, temp_mean, rh_mean, vapor_pressure_mean, wspd_arith_mean
1.000000,-0.375013,0.023812,-0.335518,-0.364647
-0.375013,1.000000,-0.408394,0.781436,0.301782
0.023812,-0.408394,1.000000,0.191191,-0.322181
-0.335518,0.781436,0.191191,1.000000,0.113217
-0.364647,0.301782,-0.322181,0.113217,1.000000
