atmos_pressure, temp_mean, rh_mean, vapor_pressure_mean, wspd_arith_mean
1.000000,-0.406184,0.202471,-0.273272,-0.319149
-0.406184,1.000000,-0.532294,0.739874,0.332516
0.202471,-0.532294,1.000000,0.106767,-0.333406
-0.273272,0.739874,0.106767,1.000000,0.147678
-0.319149,0.332516,-0.333406,0.147678,1.000000
