atmos_pressure, temp_mean, rh_mean, vapor_pressure_mean, wspd_arith_mean
1.000000,-0.905509,0.864390,-0.073074,0.130291
-0.905509,1.000000,-0.923675,0.185692,-0.120545
0.864390,-0.923675,1.000000,0.202860,0.158050
-0.073074,0.185692,0.202860,1.000000,0.131904
0.130291,-0.120545,0.158050,0.131904,1.000000
