atmos_pressure, temp_mean, rh_mean, vapor_pressure_mean, wspd_arith_mean
1.000000,-0.761691,0.804042,0.692242,-0.671648
-0.761691,1.000000,-0.975791,-0.391657,0.922209
0.804042,-0.975791,1.000000,0.493687,-0.891966
0.692242,-0.391657,0.493687,1.000000,-0.318804
-0.671648,0.922209,-0.891966,-0.318804,1.000000
