atmos_pressure, temp_mean, rh_mean, vapor_pressure_mean, wspd_arith_mean
1.000000,-0.566894,-0.051517,-0.634194,-0.245558
-0.566894,1.000000,-0.472747,0.806137,0.247655
-0.051517,-0.472747,1.000000,0.082766,-0.163460
-0.634194,0.806137,0.082766,1.000000,0.199410
-0.245558,0.247655,-0.163460,0.199410,1.000000
