atmos_pressure, temp_mean, rh_mean, vapor_pressure_mean, wspd_arith_mean
1.000000,-0.490397,-0.052319,-0.526085,-0.201207
-0.490397,1.000000,-0.442343,0.759615,0.172554
-0.052319,-0.442343,1.000000,0.174138,-0.198701
-0.526085,0.759615,0.174138,1.000000,0.084956
-0.201207,0.172554,-0.198701,0.084956,1.000000
