atmos_pressure, temp_mean, rh_mean, vapor_pressure_mean, wspd_arith_mean
1.000000,-0.496000,-0.059194,-0.509410,-0.336771
-0.496000,1.000000,-0.280181,0.834671,0.176112
-0.059194,-0.280181,1.000000,0.218038,-0.322069
-0.509410,0.834671,0.218038,1.000000,0.043764
-0.336771,0.176112,-0.322069,0.043764,1.000000
