atmos_pressure, temp_mean, rh_mean, vapor_pressure_mean, wspd_arith_mean
1.000000,0.397500,-0.459824,0.350616,0.078695
0.397500,1.000000,-0.984397,0.927164,0.123951
-0.459824,-0.984397,1.000000,-0.855102,-0.047528
0.350616,0.927164,-0.855102,1.000000,0.294726
0.078695,0.123951,-0.047528,0.294726,1.000000
