atmos_pressure, temp_mean, rh_mean, vapor_pressure_mean, wspd_arith_mean
1.000000,-0.182610,-0.288363,-0.755266,0.076060
-0.182610,1.000000,-0.803763,0.281797,-0.666640
-0.288363,-0.803763,1.000000,0.337883,0.415637
-0.755266,0.281797,0.337883,1.000000,-0.405535
0.076060,-0.666640,0.415637,-0.405535,1.000000
