atmos_pressure, temp_mean, rh_mean, vapor_pressure_mean, wspd_arith_mean
1.000000,-0.294521,0.027936,-0.228609,-0.257035
-0.294521,1.000000,-0.304408,0.843604,0.096414
0.027936,-0.304408,1.000000,0.190515,-0.314662
-0.228609,0.843604,0.190515,1.000000,-0.040320
-0.257035,0.096414,-0.314662,-0.040320,1.000000
