atmos_pressure, temp_mean, rh_mean, vapor_pressure_mean, wspd_arith_mean
1.000000,-0.307773,0.312181,0.357563,0.196865
-0.307773,1.000000,-0.994654,0.405682,-0.492485
0.312181,-0.994654,1.000000,-0.332439,0.507569
0.357563,0.405682,-0.332439,1.000000,0.024307
0.196865,-0.492485,0.507569,0.024307,1.000000
