atmos_pressure, temp_mean, rh_mean, vapor_pressure_mean, wspd_arith_mean
1.000000,-0.512294,0.108655,-0.472095,-0.397876
-0.512294,1.000000,-0.571727,0.809131,0.252131
0.108655,-0.571727,1.000000,-0.051944,-0.240413
-0.472095,0.809131,-0.051944,1.000000,0.142769
-0.397876,0.252131,-0.240413,0.142769,1.000000
