atmos_pressure, temp_mean, rh_mean, vapor_pressure_mean, wspd_arith_mean
1.000000,-0.810129,0.738817,-0.320988,-0.832691
-0.810129,1.000000,-0.972712,0.563597,0.750328
0.738817,-0.972712,1.000000,-0.406937,-0.621996
-0.320988,0.563597,-0.406937,1.000000,0.582794
-0.832691,0.750328,-0.621996,0.582794,1.000000
