atmos_pressure, temp_mean, rh_mean, vapor_pressure_mean, wspd_arith_mean
1.000000,-0.809922,0.692411,-0.448223,-0.320050
-0.809922,1.000000,-0.936173,0.590460,0.224595
0.692411,-0.936173,1.000000,-0.301785,-0.418756
-0.448223,0.590460,-0.301785,1.000000,-0.391951
-0.320050,0.224595,-0.418756,-0.391951,1.000000
