atmos_pressure, temp_mean, rh_mean, vapor_pressure_mean, wspd_arith_mean
1.000000,-0.749211,0.595939,-0.264162,-0.049459
-0.749211,1.000000,-0.961785,0.282755,0.307853
0.595939,-0.961785,1.000000,-0.092953,-0.316258
-0.264162,0.282755,-0.092953,1.000000,0.178324
-0.049459,0.307853,-0.316258,0.178324,1.000000
