atmos_pressure, temp_mean, rh_mean, vapor_pressure_mean, wspd_arith_mean, tbrg_precip_total_corr
1.000000,-0.166068,0.058299,-0.141659,-0.297660,-0.087852
-0.166068,1.000000,-0.567515,0.952358,0.305550,0.211486
0.058299,-0.567515,1.000000,-0.339299,-0.300046,-0.144489
-0.141659,0.952358,-0.339299,1.000000,0.276336,0.189864
-0.297660,0.305550,-0.300046,0.276336,1.000000,0.353033
-0.087852,0.211486,-0.144489,0.189864,0.353033,1.000000
