atmos_pressure, temp_mean, rh_mean, vapor_pressure_mean, wspd_arith_mean
1.000000,-0.656643,0.020969,-0.684635,-0.266574
-0.656643,1.000000,-0.456868,0.809109,0.274370
0.020969,-0.456868,1.000000,0.082327,-0.399447
-0.684635,0.809109,0.082327,1.000000,0.086886
-0.266574,0.274370,-0.399447,0.086886,1.000000
