atmos_pressure, temp_mean, rh_mean, vapor_pressure_mean, wspd_arith_mean
1.000000,-0.646567,0.107343,-0.648520,-0.387339
-0.646567,1.000000,-0.538814,0.752841,0.425516
0.107343,-0.538814,1.000000,0.089618,-0.237472
-0.648520,0.752841,0.089618,1.000000,0.370548
-0.387339,0.425516,-0.237472,0.370548,1.000000
