atmos_pressure, temp_mean, rh_mean, vapor_pressure_mean, wspd_arith_mean
1.000000,-0.387252,0.101137,-0.349775,-0.327799
-0.387252,1.000000,-0.483143,0.793444,0.099132
0.101137,-0.483143,1.000000,0.073729,-0.292846
-0.349775,0.793444,0.073729,1.000000,-0.046004
-0.327799,0.099132,-0.292846,-0.046004,1.000000
