atmos_pressure, temp_mean, rh_mean, vapor_pressure_mean, wspd_arith_mean, tbrg_precip_total_corr
1.000000,-0.171021,0.561502,0.706605,-0.973414,nan
-0.171021,1.000000,-0.895637,-0.777350,0.390429,nan
0.561502,-0.895637,1.000000,0.975985,-0.735606,nan
0.706605,-0.777350,0.975985,1.000000,-0.846003,nan
-0.973414,0.390429,-0.735606,-0.846003,1.000000,nan
nan,nan,nan,nan,nan,nan
