atmos_pressure, temp_mean, rh_mean, vapor_pressure_mean, wspd_arith_mean
1.000000,-0.524901,0.102974,-0.400334,-0.415257
-0.524901,1.000000,-0.360581,0.754562,0.206746
0.102974,-0.360581,1.000000,0.264371,-0.358357
-0.400334,0.754562,0.264371,1.000000,-0.007078
-0.415257,0.206746,-0.358357,-0.007078,1.000000
