atmos_pressure, temp_mean, rh_mean, vapor_pressure_mean, wspd_arith_mean
1.000000,-0.021581,-0.123897,-0.409417,-0.487433
-0.021581,1.000000,-0.966187,-0.154646,-0.201410
-0.123897,-0.966187,1.000000,0.380546,0.197832
-0.409417,-0.154646,0.380546,1.000000,0.203477
-0.487433,-0.201410,0.197832,0.203477,1.000000
