atmos_pressure, temp_mean, rh_mean, vapor_pressure_mean, wspd_arith_mean, tbrg_precip_total_corr
1.000000,0.178643,-0.211174,0.156391,-0.085022,0.058788
0.178643,1.000000,-0.342235,0.952566,0.133323,0.134429
-0.211174,-0.342235,1.000000,-0.106856,-0.152174,-0.063560
0.156391,0.952566,-0.106856,1.000000,0.092151,0.109046
-0.085022,0.133323,-0.152174,0.092151,1.000000,0.140687
0.058788,0.134429,-0.063560,0.109046,0.140687,1.000000
