atmos_pressure, temp_mean, rh_mean, vapor_pressure_mean, wspd_arith_mean
1.000000,-0.604561,0.083738,-0.631421,-0.342898
-0.604561,1.000000,-0.618478,0.606501,0.385546
0.083738,-0.618478,1.000000,0.192873,-0.336850
-0.631421,0.606501,0.192873,1.000000,0.174391
-0.342898,0.385546,-0.336850,0.174391,1.000000
