atmos_pressure, temp_mean, rh_mean, vapor_pressure_mean, wspd_arith_mean, tbrg_precip_total_corr
1.000000,-0.301382,-0.136307,-0.409966,-0.362634,-0.051127
-0.301382,1.000000,-0.361145,0.740118,0.475779,-0.072938
-0.136307,-0.361145,1.000000,0.332805,-0.179773,0.070143
-0.409966,0.740118,0.332805,1.000000,0.372790,-0.023810
-0.362634,0.475779,-0.179773,0.372790,1.000000,-0.106211
-0.051127,-0.072938,0.070143,-0.023810,-0.106211,1.000000
