atmos_pressure, temp_mean, rh_mean, vapor_pressure_mean, wspd_arith_mean
1.000000,-0.788406,0.290398,-0.918747,-0.828242
-0.788406,1.000000,-0.754409,0.892373,0.651302
0.290398,-0.754409,1.000000,-0.381218,-0.159159
-0.918747,0.892373,-0.381218,1.000000,0.803316
-0.828242,0.651302,-0.159159,0.803316,1.000000
