atmos_pressure, temp_mean, rh_mean, vapor_pressure_mean, wspd_arith_mean, tbrg_precip_total_corr
1.000000,-0.665489,-0.034069,-0.748251,0.071164,0.011371
-0.665489,1.000000,-0.539240,0.866399,-0.058749,0.060043
-0.034069,-0.539240,1.000000,-0.116234,0.164572,-0.051570
-0.748251,0.866399,-0.116234,1.000000,0.043321,0.010370
0.071164,-0.058749,0.164572,0.043321,1.000000,0.216201
0.011371,0.060043,-0.051570,0.010370,0.216201,1.000000
