atmos_pressure, temp_mean, rh_mean, vapor_pressure_mean, wspd_arith_mean, tbrg_precip_total_corr
1.000000,0.536336,-0.244770,0.912312,-0.280879,nan
0.536336,1.000000,-0.941453,0.714429,-0.495335,nan
-0.244770,-0.941453,1.000000,-0.436918,0.342176,nan
0.912312,0.714429,-0.436918,1.000000,-0.635039,nan
-0.280879,-0.495335,0.342176,-0.635039,1.000000,nan
nan,nan,nan,nan,nan,nan
