atmos_pressure, temp_mean, rh_mean, vapor_pressure_mean, wspd_arith_mean
1.000000,-0.547986,-0.046499,-0.598326,-0.293011
-0.547986,1.000000,-0.494840,0.744688,0.314117
-0.046499,-0.494840,1.000000,0.140585,-0.256117
-0.598326,0.744688,0.140585,1.000000,0.188347
-0.293011,0.314117,-0.256117,0.188347,1.000000
