atmos_pressure, temp_mean, rh_mean, vapor_pressure_mean, wspd_arith_mean, tbrg_precip_total_corr
1.000000,-0.183253,-0.841903,-0.913612,0.470540,nan
-0.183253,1.000000,-0.286306,0.460191,0.447829,nan
-0.841903,-0.286306,1.000000,0.718738,-0.715075,nan
-0.913612,0.460191,0.718738,1.000000,-0.336975,nan
0.470540,0.447829,-0.715075,-0.336975,1.000000,nan
nan,nan,nan,nan,nan,nan
