atmos_pressure, temp_mean, rh_mean, vapor_pressure_mean, wspd_arith_mean, tbrg_precip_total_corr
1.000000,-0.218240,-0.284503,-0.318546,-0.468106,0.043417
-0.218240,1.000000,-0.144732,0.824505,0.223599,0.178268
-0.284503,-0.144732,1.000000,0.403196,-0.096559,-0.124971
-0.318546,0.824505,0.403196,1.000000,0.116009,0.082685
-0.468106,0.223599,-0.096559,0.116009,1.000000,0.156841
0.043417,0.178268,-0.124971,0.082685,0.156841,1.000000
