atmos_pressure, temp_mean, rh_mean, vapor_pressure_mean, wspd_arith_mean
1.000000,-0.214427,-0.078975,-0.580716,0.273412
-0.214427,1.000000,-0.879501,-0.095228,-0.255906
-0.078975,-0.879501,1.000000,0.553335,0.053047
-0.580716,-0.095228,0.553335,1.000000,-0.320245
0.273412,-0.255906,0.053047,-0.320245,1.000000
