atmos_pressure, temp_mean, rh_mean, vapor_pressure_mean, wspd_arith_mean
1.000000,-0.242621,-0.569181,-0.895061,-0.569586
-0.242621,1.000000,-0.585575,0.359031,0.559578
-0.569181,-0.585575,1.000000,0.543142,0.030771
-0.895061,0.359031,0.543142,1.000000,0.630063
-0.569586,0.559578,0.030771,0.630063,1.000000
