atmos_pressure, temp_mean, rh_mean, vapor_pressure_mean, wspd_arith_mean
1.000000,-0.828433,0.623691,-0.901226,-0.780563
-0.828433,1.000000,-0.925055,0.916614,0.798377
0.623691,-0.925055,1.000000,-0.702224,-0.606873
-0.901226,0.916614,-0.702224,1.000000,0.848545
-0.780563,0.798377,-0.606873,0.848545,1.000000
