atmos_pressure, temp_mean, rh_mean, vapor_pressure_mean, wspd_arith_mean
1.000000,-0.701786,0.130310,-0.682145,-0.297297
-0.701786,1.000000,-0.567695,0.629761,0.348682
0.130310,-0.567695,1.000000,0.178627,-0.311954
-0.682145,0.629761,0.178627,1.000000,0.186865
-0.297297,0.348682,-0.311954,0.186865,1.000000
