atmos_pressure, temp_mean, rh_mean, vapor_pressure_mean, wspd_arith_mean, tbrg_precip_total_corr
1.000000,0.190070,-0.295965,0.073711,0.007077,0.648837
0.190070,1.000000,-0.878416,0.921115,0.922781,0.252630
-0.295965,-0.878416,1.000000,-0.639946,-0.836450,-0.467032
0.073711,0.921115,-0.639946,1.000000,0.851208,0.067508
0.007077,0.922781,-0.836450,0.851208,1.000000,0.095097
0.648837,0.252630,-0.467032,0.067508,0.095097,1.000000
