atmos_pressure, temp_mean, rh_mean, vapor_pressure_mean, wspd_arith_mean
1.000000,-0.651310,-0.166788,-0.746151,-0.224826
-0.651310,1.000000,-0.335883,0.836724,0.232168
-0.166788,-0.335883,1.000000,0.150550,-0.182219
-0.746151,0.836724,0.150550,1.000000,0.177134
-0.224826,0.232168,-0.182219,0.177134,1.000000
