atmos_pressure, temp_mean, rh_mean, vapor_pressure_mean, wspd_arith_mean, tbrg_precip_total_corr
1.000000,-0.470104,0.064050,-0.347350,-0.042130,-0.046820
-0.470104,1.000000,-0.000778,0.921274,-0.284265,0.105280
0.064050,-0.000778,1.000000,0.360838,-0.015721,-0.379019
-0.347350,0.921274,0.360838,1.000000,-0.254072,-0.054252
-0.042130,-0.284265,-0.015721,-0.254072,1.000000,-0.111279
-0.046820,0.105280,-0.379019,-0.054252,-0.111279,1.000000
