atmos_pressure, temp_mean, rh_mean, vapor_pressure_mean, wspd_arith_mean, tbrg_precip_total_corr
1.000000,0.074331,0.139889,0.147605,-0.259711,-0.110778
0.074331,1.000000,-0.391683,0.933140,0.046943,0.127354
0.139889,-0.391683,1.000000,-0.067089,-0.011490,-0.062052
0.147605,0.933140,-0.067089,1.000000,0.022498,0.101686
-0.259711,0.046943,-0.011490,0.022498,1.000000,0.360102
-0.110778,0.127354,-0.062052,0.101686,0.360102,1.000000
