atmos_pressure, temp_mean, rh_mean, vapor_pressure_mean, wspd_arith_mean
1.000000,-0.556278,0.053821,-0.448552,-0.417834
-0.556278,1.000000,-0.294638,0.805317,0.264139
0.053821,-0.294638,1.000000,0.268147,-0.261044
-0.448552,0.805317,0.268147,1.000000,0.119918
-0.417834,0.264139,-0.261044,0.119918,1.000000
