atmos_pressure, temp_mean, rh_mean, vapor_pressure_mean, wspd_arith_mean, tbrg_precip_total_corr
1.000000,-0.377654,0.316620,-0.208532,-0.771600,0.327733
-0.377654,1.000000,-0.252251,0.772885,0.518379,0.237645
0.316620,-0.252251,1.000000,0.395434,-0.133930,0.065113
-0.208532,0.772885,0.395434,1.000000,0.456519,0.310990
-0.771600,0.518379,-0.133930,0.456519,1.000000,-0.071413
0.327733,0.237645,0.065113,0.310990,-0.071413,1.000000
