atmos_pressure, temp_mean, rh_mean, vapor_pressure_mean, wspd_arith_mean
1.000000,-0.638092,0.048082,-0.595657,-0.218217
-0.638092,1.000000,-0.480945,0.769635,0.260463
0.048082,-0.480945,1.000000,0.079442,-0.143483
-0.595657,0.769635,0.079442,1.000000,0.282374
-0.218217,0.260463,-0.143483,0.282374,1.000000
