atmos_pressure, temp_mean, rh_mean, vapor_pressure_mean, wspd_arith_mean, tbrg_precip_total_corr
1.000000,-0.599440,-0.784676,-0.757741,-0.226959,0.032966
-0.599440,1.000000,0.457025,0.917905,0.198616,0.131733
-0.784676,0.457025,1.000000,0.757525,0.213299,-0.285433
-0.757741,0.917905,0.757525,1.000000,0.222946,-0.086794
-0.226959,0.198616,0.213299,0.222946,1.000000,-0.036505
0.032966,0.131733,-0.285433,-0.086794,-0.036505,1.000000
