atmos_pressure, temp_mean, rh_mean, vapor_pressure_mean, wspd_arith_mean, tbrg_precip_total_corr
1.000000,-0.344124,0.052487,-0.283707,-0.427490,0.075331
-0.344124,1.000000,-0.294972,0.745010,-0.108289,0.049414
0.052487,-0.294972,1.000000,0.380375,-0.207131,-0.039824
-0.283707,0.745010,0.380375,1.000000,-0.209704,0.026249
-0.427490,-0.108289,-0.207131,-0.209704,1.000000,0.038268
0.075331,0.049414,-0.039824,0.026249,0.038268,1.000000
