atmos_pressure, temp_mean, rh_mean, vapor_pressure_mean, wspd_arith_mean
1.000000,-0.555249,0.094630,-0.535562,-0.358942
-0.555249,1.000000,-0.501788,0.795294,0.424180
0.094630,-0.501788,1.000000,0.079933,-0.297587
-0.535562,0.795294,0.079933,1.000000,0.289573
-0.358942,0.424180,-0.297587,0.289573,1.000000
