atmos_pressure, temp_mean, rh_mean, vapor_pressure_mean, wspd_arith_mean, tbrg_precip_total_corr
1.000000,0.473514,-0.015284,0.505173,-0.260808,0.180467
0.473514,1.000000,-0.341369,0.936157,-0.238453,0.231638
-0.015284,-0.341369,1.000000,-0.006812,-0.060470,-0.081909
0.505173,0.936157,-0.006812,1.000000,-0.262876,0.221487
-0.260808,-0.238453,-0.060470,-0.262876,1.000000,0.118023
0.180467,0.231638,-0.081909,0.221487,0.118023,1.000000
