atmos_pressure, temp_mean, rh_mean, vapor_pressure_mean, wspd_arith_mean, tbrg_precip_total_corr
1.000000,-0.810417,-0.107494,-0.754611,-0.215231,-0.280414
-0.810417,1.000000,-0.163674,0.729730,0.333958,0.305067
-0.107494,-0.163674,1.000000,0.553757,-0.669326,0.087314
-0.754611,0.729730,0.553757,1.000000,-0.195928,0.323540
-0.215231,0.333958,-0.669326,-0.195928,1.000000,0.084317
-0.280414,0.305067,0.087314,0.323540,0.084317,1.000000
