atmos_pressure, temp_mean, rh_mean, vapor_pressure_mean, wspd_arith_mean, tbrg_precip_total_corr
1.000000,-0.408353,0.383861,0.137717,-0.613787,nan
-0.408353,1.000000,-0.352992,0.266716,0.108757,nan
0.383861,-0.352992,1.000000,0.807326,-0.043030,nan
0.137717,0.266716,0.807326,1.000000,0.025261,nan
-0.613787,0.108757,-0.043030,0.025261,1.000000,nan
nan,nan,nan,nan,nan,nan
