atmos_pressure, temp_mean, rh_mean, vapor_pressure_mean, wspd_arith_mean, tbrg_precip_total_corr
1.000000,-0.264559,-0.391624,-0.395812,-0.175472,-0.017363
-0.264559,1.000000,-0.059559,0.937537,0.287030,0.221440
-0.391624,-0.059559,1.000000,0.246962,0.277215,-0.096220
-0.395812,0.937537,0.246962,1.000000,0.355290,0.189333
-0.175472,0.287030,0.277215,0.355290,1.000000,0.083203
-0.017363,0.221440,-0.096220,0.189333,0.083203,1.000000
