atmos_pressure, temp_mean, rh_mean, vapor_pressure_mean, wspd_arith_mean
1.000000,-0.069762,-0.159302,-0.702736,0.182484
-0.069762,1.000000,-0.960467,0.102255,0.462739
-0.159302,-0.960467,1.000000,0.166948,-0.553250
-0.702736,0.102255,0.166948,1.000000,-0.402416
0.182484,0.462739,-0.553250,-0.402416,1.000000
