atmos_pressure, temp_mean, rh_mean, vapor_pressure_mean, wspd_arith_mean
1.000000,-0.431733,0.201693,-0.549065,0.871577
-0.431733,1.000000,-0.904590,0.408822,-0.379934
0.201693,-0.904590,1.000000,0.004026,0.121987
-0.549065,0.408822,0.004026,1.000000,-0.566603
0.871577,-0.379934,0.121987,-0.566603,1.000000
