atmos_pressure, temp_mean, rh_mean, vapor_pressure_mean, wspd_arith_mean, tbrg_precip_total_corr
1.000000,-0.738719,-0.218175,-0.767010,0.113371,0.010158
-0.738719,1.000000,0.053812,0.943819,-0.139341,0.205024
-0.218175,0.053812,1.000000,0.359404,-0.172294,-0.206784
-0.767010,0.943819,0.359404,1.000000,-0.146955,0.125212
0.113371,-0.139341,-0.172294,-0.146955,1.000000,0.010882
0.010158,0.205024,-0.206784,0.125212,0.010882,1.000000
