atmos_pressure, temp_mean, rh_mean, vapor_pressure_mean, wspd_arith_mean, tbrg_precip_total_corr
1.000000,-0.302172,-0.213986,-0.558647,-0.508444,-0.188084
-0.302172,1.000000,-0.492157,0.613204,0.142475,0.144939
-0.213986,-0.492157,1.000000,0.348963,-0.106590,0.024208
-0.558647,0.613204,0.348963,1.000000,0.131786,0.210993
-0.508444,0.142475,-0.106590,0.131786,1.000000,0.093850
-0.188084,0.144939,0.024208,0.210993,0.093850,1.000000
