atmos_pressure, temp_mean, rh_mean, vapor_pressure_mean, wspd_arith_mean, tbrg_precip_total_corr
1.000000,-0.615806,0.137835,-0.537492,-0.268532,-0.132049
-0.615806,1.000000,-0.498583,0.685265,0.333633,0.137285
0.137835,-0.498583,1.000000,0.243504,-0.255185,-0.002144
-0.537492,0.685265,0.243504,1.000000,0.184735,0.160071
-0.268532,0.333633,-0.255185,0.184735,1.000000,-0.017204
-0.132049,0.137285,-0.002144,0.160071,-0.017204,1.000000
