atmos_pressure, temp_mean, rh_mean, vapor_pressure_mean, wspd_arith_mean
1.000000,-0.789156,0.662779,0.513255,-0.373530
-0.789156,1.000000,-0.928302,-0.806132,0.140232
0.662779,-0.928302,1.000000,0.967416,-0.131106
0.513255,-0.806132,0.967416,1.000000,-0.106302
-0.373530,0.140232,-0.131106,-0.106302,1.000000
