atmos_pressure, temp_mean, rh_mean, vapor_pressure_mean, wspd_arith_mean
1.000000,0.326754,-0.289229,0.248130,-0.641211
0.326754,1.000000,-0.991028,0.681205,-0.687806
-0.289229,-0.991028,1.000000,-0.592942,0.675088
0.248130,0.681205,-0.592942,1.000000,-0.391619
-0.641211,-0.687806,0.675088,-0.391619,1.000000
