atmos_pressure, temp_mean, rh_mean, vapor_pressure_mean, wspd_arith_mean
1.000000,-0.565449,-0.064815,-0.571366,-0.232855
-0.565449,1.000000,-0.446463,0.751854,0.413701
-0.064815,-0.446463,1.000000,0.179396,-0.278977
-0.571366,0.751854,0.179396,1.000000,0.311997
-0.232855,0.413701,-0.278977,0.311997,1.000000
