atmos_pressure, temp_mean, rh_mean, vapor_pressure_mean, wspd_arith_mean, tbrg_precip_total_corr
1.000000,-0.800937,0.289732,-0.631209,-0.587875,0.148736
-0.800937,1.000000,-0.336427,0.899327,0.629692,-0.055325
0.289732,-0.336427,1.000000,0.000931,-0.177381,0.021268
-0.631209,0.899327,0.000931,1.000000,0.632757,0.001254
-0.587875,0.629692,-0.177381,0.632757,1.000000,0.058938
0.148736,-0.055325,0.021268,0.001254,0.058938,1.000000
