atmos_pressure, temp_mean, rh_mean, vapor_pressure_mean, wspd_arith_mean
1.000000,-0.419642,-0.020629,-0.421559,-0.362871
-0.419642,1.000000,-0.398427,0.875629,0.274478
-0.020629,-0.398427,1.000000,0.037004,-0.265401
-0.421559,0.875629,0.037004,1.000000,0.172211
-0.362871,0.274478,-0.265401,0.172211,1.000000
