atmos_pressure, temp_mean, rh_mean, vapor_pressure_mean, wspd_arith_mean, tbrg_precip_total_corr
1.000000,-0.227235,0.028392,-0.206109,-0.175207,-0.155919
-0.227235,1.000000,-0.182665,0.951263,-0.025373,0.044567
0.028392,-0.182665,1.000000,0.095750,-0.056569,-0.107667
-0.206109,0.951263,0.095750,1.000000,-0.022387,-0.002785
-0.175207,-0.025373,-0.056569,-0.022387,1.000000,0.271764
-0.155919,0.044567,-0.107667,-0.002785,0.271764,1.000000
