atmos_pressure, temp_mean, rh_mean, vapor_pressure_mean, wspd_arith_mean
1.000000,-0.356965,-0.026758,-0.333668,-0.332971
-0.356965,1.000000,-0.312624,0.773899,0.214136
-0.026758,-0.312624,1.000000,0.288339,-0.303716
-0.333668,0.773899,0.288339,1.000000,0.039429
-0.332971,0.214136,-0.303716,0.039429,1.000000
