atmos_pressure, temp_mean, rh_mean, vapor_pressure_mean, wspd_arith_mean
1.000000,-0.640548,0.640117,0.493491,-0.797947
-0.640548,1.000000,-0.982139,-0.351830,0.678834
0.640117,-0.982139,1.000000,0.495524,-0.688394
0.493491,-0.351830,0.495524,1.000000,-0.425444
-0.797947,0.678834,-0.688394,-0.425444,1.000000
