atmos_pressure, temp_mean, rh_mean, vapor_pressure_mean, wspd_arith_mean
1.000000,-0.929216,0.684207,-0.860496,0.030870
-0.929216,1.000000,-0.883683,0.735961,0.142819
0.684207,-0.883683,1.000000,-0.344401,-0.349187
-0.860496,0.735961,-0.344401,1.000000,-0.177560
0.030870,0.142819,-0.349187,-0.177560,1.000000
