atmos_pressure, temp_mean, rh_mean, vapor_pressure_mean, wspd_arith_mean
1.000000,-0.880795,0.617827,-0.964844,-0.815730
-0.880795,1.000000,-0.904446,0.952899,0.766092
0.617827,-0.904446,1.000000,-0.737289,-0.520830
-0.964844,0.952899,-0.737289,1.000000,0.847366
-0.815730,0.766092,-0.520830,0.847366,1.000000
