atmos_pressure, temp_mean, rh_mean, vapor_pressure_mean, wspd_arith_mean, tbrg_precip_total_corr
1.000000,-0.504071,-0.548932,-0.594738,-0.292657,-0.015591
-0.504071,1.000000,0.337348,0.825414,0.359593,0.069490
-0.548932,0.337348,1.000000,0.746218,-0.001217,-0.246983
-0.594738,0.825414,0.746218,1.000000,0.167317,-0.146645
-0.292657,0.359593,-0.001217,0.167317,1.000000,0.133471
-0.015591,0.069490,-0.246983,-0.146645,0.133471,1.000000
