atmos_pressure, temp_mean, rh_mean, vapor_pressure_mean, wspd_arith_mean
1.000000,-0.878560,0.579294,-0.882249,-0.387495
-0.878560,1.000000,-0.813461,0.929499,0.365284
0.579294,-0.813461,1.000000,-0.545455,-0.282290
-0.882249,0.929499,-0.545455,1.000000,0.346003
-0.387495,0.365284,-0.282290,0.346003,1.000000
