atmos_pressure, temp_mean, rh_mean, vapor_pressure_mean, wspd_arith_mean
1.000000,0.780190,-0.912022,-0.817112,0.030720
0.780190,1.000000,-0.890344,-0.563385,-0.246572
-0.912022,-0.890344,1.000000,0.866620,0.095296
-0.817112,-0.563385,0.866620,1.000000,-0.013380
0.030720,-0.246572,0.095296,-0.013380,1.000000
