atmos_pressure, temp_mean, rh_mean, vapor_pressure_mean, wspd_arith_mean
1.000000,-0.771640,0.522828,-0.407586,-0.766566
-0.771640,1.000000,-0.820590,0.437339,0.802113
0.522828,-0.820590,1.000000,0.131075,-0.659364
-0.407586,0.437339,0.131075,1.000000,0.345364
-0.766566,0.802113,-0.659364,0.345364,1.000000
