atmos_pressure, temp_mean, rh_mean, vapor_pressure_mean, wspd_arith_mean
1.000000,-0.464692,-0.016115,-0.432072,-0.405167
-0.464692,1.000000,-0.303527,0.815611,0.092072
-0.016115,-0.303527,1.000000,0.231068,-0.272833
-0.432072,0.815611,0.231068,1.000000,-0.041748
-0.405167,0.092072,-0.272833,-0.041748,1.000000
