atmos_pressure, temp_mean, rh_mean, vapor_pressure_mean, wspd_arith_mean
1.000000,-0.213958,-0.650128,-0.829801,-0.546198
-0.213958,1.000000,-0.371503,0.160837,0.332080
-0.650128,-0.371503,1.000000,0.851000,0.542805
-0.829801,0.160837,0.851000,1.000000,0.744607
-0.546198,0.332080,0.542805,0.744607,1.000000
