atmos_pressure, temp_mean, rh_mean, vapor_pressure_mean, wspd_arith_mean
1.000000,-0.423067,0.153441,-0.355200,-0.375201
-0.423067,1.000000,-0.556966,0.778459,0.257597
0.153441,-0.556966,1.000000,0.038398,-0.300402
-0.355200,0.778459,0.038398,1.000000,0.106856
-0.375201,0.257597,-0.300402,0.106856,1.000000
