atmos_pressure, temp_mean, rh_mean, vapor_pressure_mean, wspd_arith_mean
1.000000,-0.406460,-0.065629,-0.367914,-0.307689
-0.406460,1.000000,-0.328480,0.793330,0.124845
-0.065629,-0.328480,1.000000,0.231531,-0.249190
-0.367914,0.793330,0.231531,1.000000,-0.034019
-0.307689,0.124845,-0.249190,-0.034019,1.000000
