atmos_pressure, temp_mean, rh_mean, vapor_pressure_mean, wspd_arith_mean
1.000000,-0.315690,-0.128665,-0.815664,0.471530
-0.315690,1.000000,-0.864930,-0.010576,-0.607123
-0.128665,-0.864930,1.000000,0.495489,0.352127
-0.815664,-0.010576,0.495489,1.000000,-0.348135
0.471530,-0.607123,0.352127,-0.348135,1.000000
