atmos_pressure, temp_mean, rh_mean, vapor_pressure_mean, wspd_arith_mean
1.000000,-0.289888,0.033020,-0.262674,-0.248520
-0.289888,1.000000,-0.501341,0.854963,0.174596
0.033020,-0.501341,1.000000,-0.028986,-0.309609
-0.262674,0.854963,-0.028986,1.000000,0.051965
-0.248520,0.174596,-0.309609,0.051965,1.000000
