atmos_pressure, temp_mean, rh_mean, vapor_pressure_mean, wspd_arith_mean
1.000000,-0.147869,-0.040587,-0.123836,-0.281019
-0.147869,1.000000,-0.015080,0.639709,-0.100159
-0.040587,-0.015080,1.000000,0.757263,-0.245254
-0.123836,0.639709,0.757263,1.000000,-0.264043
-0.281019,-0.100159,-0.245254,-0.264043,1.000000
