atmos_pressure, temp_mean, rh_mean, vapor_pressure_mean, wspd_arith_mean
1.000000,0.361148,-0.234311,0.247552,-0.081609
0.361148,1.000000,-0.965773,-0.365728,-0.009454
-0.234311,-0.965773,1.000000,0.538045,-0.044558
0.247552,-0.365728,0.538045,1.000000,-0.099445
-0.081609,-0.009454,-0.044558,-0.099445,1.000000
