atmos_pressure, temp_mean, rh_mean, vapor_pressure_mean, wspd_arith_mean
1.000000,-0.769409,0.757427,0.827839,-0.635109
-0.769409,1.000000,-0.988213,-0.597955,0.873504
0.757427,-0.988213,1.000000,0.616255,-0.825597
0.827839,-0.597955,0.616255,1.000000,-0.487461
-0.635109,0.873504,-0.825597,-0.487461,1.000000
