atmos_pressure, temp_mean, rh_mean, vapor_pressure_mean, wspd_arith_mean
1.000000,-0.820912,0.832867,0.361612,-0.840625
-0.820912,1.000000,-0.984512,0.020929,0.803318
0.832867,-0.984512,1.000000,0.118002,-0.777541
0.361612,0.020929,0.118002,1.000000,-0.159779
-0.840625,0.803318,-0.777541,-0.159779,1.000000
