atmos_pressure, temp_mean, rh_mean, vapor_pressure_mean, wspd_arith_mean
1.000000,-0.560911,0.567980,0.335096,-0.591142
-0.560911,1.000000,-0.981350,0.195213,0.816318
0.567980,-0.981350,1.000000,-0.046988,-0.748045
0.335096,0.195213,-0.046988,1.000000,0.240154
-0.591142,0.816318,-0.748045,0.240154,1.000000
