atmos_pressure, temp_mean, rh_mean, vapor_pressure_mean, wspd_arith_mean
1.000000,-0.473637,0.026511,-0.439403,-0.260769
-0.473637,1.000000,-0.333306,0.850911,0.097730
0.026511,-0.333306,1.000000,0.133690,-0.286564
-0.439403,0.850911,0.133690,1.000000,-0.049792
-0.260769,0.097730,-0.286564,-0.049792,1.000000
