atmos_pressure, temp_mean, rh_mean, vapor_pressure_mean, wspd_arith_mean
1.000000,-0.557046,0.075808,-0.553825,-0.266514
-0.557046,1.000000,-0.472453,0.705611,0.259810
0.075808,-0.472453,1.000000,0.199193,-0.214174
-0.553825,0.705611,0.199193,1.000000,0.140298
-0.266514,0.259810,-0.214174,0.140298,1.000000
