atmos_pressure, temp_mean, rh_mean, vapor_pressure_mean, wspd_arith_mean
1.000000,-0.385244,0.008038,-0.372918,-0.320197
-0.385244,1.000000,-0.388946,0.781485,0.186181
0.008038,-0.388946,1.000000,0.220026,-0.227641
-0.372918,0.781485,0.220026,1.000000,0.052839
-0.320197,0.186181,-0.227641,0.052839,1.000000
