atmos_pressure, temp_mean, rh_mean, vapor_pressure_mean, wspd_arith_mean
1.000000,-0.506772,0.110937,-0.445434,-0.390933
-0.506772,1.000000,-0.551882,0.782448,0.234705
0.110937,-0.551882,1.000000,0.013268,-0.221877
-0.445434,0.782448,0.013268,1.000000,0.120163
-0.390933,0.234705,-0.221877,0.120163,1.000000
