atmos_pressure, temp_mean, rh_mean, vapor_pressure_mean, wspd_arith_mean
1.000000,-0.555499,0.021014,-0.583572,-0.265218
-0.555499,1.000000,-0.514827,0.751269,0.271097
0.021014,-0.514827,1.000000,0.117859,-0.160681
-0.583572,0.751269,0.117859,1.000000,0.231373
-0.265218,0.271097,-0.160681,0.231373,1.000000
