atmos_pressure, temp_mean, rh_mean, vapor_pressure_mean, wspd_arith_mean
1.000000,0.258012,-0.345046,-0.358408,0.309098
0.258012,1.000000,-0.976216,-0.826019,0.128740
-0.345046,-0.976216,1.000000,0.923570,-0.185648
-0.358408,-0.826019,0.923570,1.000000,-0.200223
0.309098,0.128740,-0.185648,-0.200223,1.000000
