atmos_pressure, temp_mean, rh_mean, vapor_pressure_mean, wspd_arith_mean, tbrg_precip_total_corr
1.000000,-0.469095,0.029286,-0.520076,-0.351040,-0.101525
-0.469095,1.000000,-0.458620,0.769612,0.558316,0.102620
0.029286,-0.458620,1.000000,0.175443,-0.438387,-0.054545
-0.520076,0.769612,0.175443,1.000000,0.320502,0.083818
-0.351040,0.558316,-0.438387,0.320502,1.000000,0.073422
-0.101525,0.102620,-0.054545,0.083818,0.073422,1.000000
