atmos_pressure, temp_mean, rh_mean, vapor_pressure_mean, wspd_arith_mean, tbrg_precip_total_corr
1.000000,-0.788957,0.342767,-0.476803,-0.077884,-0.139351
-0.788957,1.000000,-0.519191,0.584553,0.094130,0.204054
0.342767,-0.519191,1.000000,0.336809,0.164866,-0.188761
-0.476803,0.584553,0.336809,1.000000,0.306857,0.052687
-0.077884,0.094130,0.164866,0.306857,1.000000,-0.090631
-0.139351,0.204054,-0.188761,0.052687,-0.090631,1.000000
