atmos_pressure, temp_mean, rh_mean, vapor_pressure_mean, wspd_arith_mean, tbrg_precip_total_corr
1.000000,-0.901898,0.621152,0.017946,-0.070013,nan
-0.901898,1.000000,-0.807937,-0.222549,0.024974,nan
0.621152,-0.807937,1.000000,0.753674,0.095710,nan
0.017946,-0.222549,0.753674,1.000000,0.211040,nan
-0.070013,0.024974,0.095710,0.211040,1.000000,nan
nan,nan,nan,nan,nan,nan
