atmos_pressure, temp_mean, rh_mean, vapor_pressure_mean, wspd_arith_mean
1.000000,-0.654477,0.107661,-0.590079,-0.327413
-0.654477,1.000000,-0.538669,0.536781,0.417671
0.107661,-0.538669,1.000000,0.340615,-0.309171
-0.590079,0.536781,0.340615,1.000000,0.232535
-0.327413,0.417671,-0.309171,0.232535,1.000000
