atmos_pressure, temp_mean, rh_mean, vapor_pressure_mean, wspd_arith_mean, tbrg_precip_total_corr
1.000000,-0.599369,-0.451204,-0.612322,-0.437669,0.031018
-0.599369,1.000000,0.055328,0.981320,0.584157,0.038471
-0.451204,0.055328,1.000000,0.184100,-0.062566,-0.016447
-0.612322,0.981320,0.184100,1.000000,0.504742,0.055915
-0.437669,0.584157,-0.062566,0.504742,1.000000,0.032253
0.031018,0.038471,-0.016447,0.055915,0.032253,1.000000
