atmos_pressure, temp_mean, rh_mean, vapor_pressure_mean, wspd_arith_mean
1.000000,-0.782318,0.751985,0.547454,-0.577240
-0.782318,1.000000,-0.990406,-0.049995,0.875941
0.751985,-0.990406,1.000000,0.053713,-0.843206
0.547454,-0.049995,0.053713,1.000000,0.077814
-0.577240,0.875941,-0.843206,0.077814,1.000000
