atmos_pressure, temp_mean, rh_mean, vapor_pressure_mean, wspd_arith_mean, tbrg_precip_total_corr
1.000000,-0.795684,-0.448544,-0.821650,-0.356401,0.032808
-0.795684,1.000000,0.247935,0.936873,0.400045,0.180772
-0.448544,0.247935,1.000000,0.525917,0.181509,-0.308478
-0.821650,0.936873,0.525917,1.000000,0.408255,-0.002799
-0.356401,0.400045,0.181509,0.408255,1.000000,-0.012432
0.032808,0.180772,-0.308478,-0.002799,-0.012432,1.000000
