atmos_pressure, temp_mean, rh_mean, vapor_pressure_mean, wspd_arith_mean, tbrg_precip_total_corr
1.000000,-0.796507,0.020602,-0.547608,-0.319989,-0.163969
-0.796507,1.000000,-0.129799,0.798436,0.565879,0.089444
0.020602,-0.129799,1.000000,0.355293,-0.418801,0.515481
-0.547608,0.798436,0.355293,1.000000,0.364754,0.299050
-0.319989,0.565879,-0.418801,0.364754,1.000000,-0.359931
-0.163969,0.089444,0.515481,0.299050,-0.359931,1.000000
