atmos_pressure, temp_mean, rh_mean, vapor_pressure_mean, wspd_arith_mean
1.000000,-0.715152,0.563534,-0.176423,0.854353
-0.715152,1.000000,-0.922022,-0.225324,-0.730597
0.563534,-0.922022,1.000000,0.555703,0.600565
-0.176423,-0.225324,0.555703,1.000000,-0.091546
0.854353,-0.730597,0.600565,-0.091546,1.000000
