atmos_pressure, temp_mean, rh_mean, vapor_pressure_mean, wspd_arith_mean, tbrg_precip_total_corr
1.000000,-0.763822,-0.578991,-0.783036,-0.632882,0.160574
-0.763822,1.000000,0.425527,0.930165,0.776371,-0.154478
-0.578991,0.425527,1.000000,0.686432,0.333321,-0.120872
-0.783036,0.930165,0.686432,1.000000,0.778288,-0.177120
-0.632882,0.776371,0.333321,0.778288,1.000000,-0.220275
0.160574,-0.154478,-0.120872,-0.177120,-0.220275,1.000000
