atmos_pressure, temp_mean, rh_mean, vapor_pressure_mean, wspd_arith_mean
1.000000,-0.564543,0.062382,-0.524615,-0.311836
-0.564543,1.000000,-0.478418,0.711448,0.250049
0.062382,-0.478418,1.000000,0.206722,-0.236231
-0.524615,0.711448,0.206722,1.000000,0.120741
-0.311836,0.250049,-0.236231,0.120741,1.000000
