atmos_pressure, temp_mean, rh_mean, vapor_pressure_mean, wspd_arith_mean, tbrg_precip_total_corr
1.000000,-0.292338,0.045164,-0.246035,-0.451711,-0.142529
-0.292338,1.000000,-0.416583,0.739963,0.427762,0.149858
0.045164,-0.416583,1.000000,0.270420,-0.377809,-0.090999
-0.246035,0.739963,0.270420,1.000000,0.175827,0.090470
-0.451711,0.427762,-0.377809,0.175827,1.000000,0.312056
-0.142529,0.149858,-0.090999,0.090470,0.312056,1.000000
