atmos_pressure, temp_mean, rh_mean, vapor_pressure_mean, wspd_arith_mean, tbrg_precip_total_corr
1.000000,-0.173187,-0.068461,-0.314400,-0.000591,-0.153396
-0.173187,1.000000,-0.798724,0.120650,0.071119,-0.051116
-0.068461,-0.798724,1.000000,0.446388,-0.079583,0.066249
-0.314400,0.120650,0.446388,1.000000,0.045895,0.001060
-0.000591,0.071119,-0.079583,0.045895,1.000000,-0.218054
-0.153396,-0.051116,0.066249,0.001060,-0.218054,1.000000
