atmos_pressure, temp_mean, rh_mean, vapor_pressure_mean, wspd_arith_mean, tbrg_precip_total_corr
1.000000,-0.144888,-0.250760,-0.342454,-0.455616,-0.100917
-0.144888,1.000000,-0.575882,0.725244,0.237076,0.167164
-0.250760,-0.575882,1.000000,0.093069,-0.196091,-0.014486
-0.342454,0.725244,0.093069,1.000000,0.140961,0.222483
-0.455616,0.237076,-0.196091,0.140961,1.000000,-0.028266
-0.100917,0.167164,-0.014486,0.222483,-0.028266,1.000000
