atmos_pressure, temp_mean, rh_mean, vapor_pressure_mean, wspd_arith_mean
1.000000,-0.364678,0.083849,-0.244962,-0.291275
-0.364678,1.000000,-0.469892,0.743661,0.175822
0.083849,-0.469892,1.000000,0.183674,-0.268644
-0.244962,0.743661,0.183674,1.000000,-0.007932
-0.291275,0.175822,-0.268644,-0.007932,1.000000
