atmos_pressure, temp_mean, rh_mean, vapor_pressure_mean, wspd_arith_mean
1.000000,-0.859345,-0.760810,-0.965520,0.522717
-0.859345,1.000000,0.363424,0.924620,-0.656671
-0.760810,0.363424,1.000000,0.682994,-0.176126
-0.965520,0.924620,0.682994,1.000000,-0.587304
0.522717,-0.656671,-0.176126,-0.587304,1.000000
