atmos_pressure, temp_mean, rh_mean, vapor_pressure_mean, wspd_arith_mean
1.000000,-0.772778,0.506834,-0.374005,-0.796718
-0.772778,1.000000,-0.882275,0.148561,0.665124
0.506834,-0.882275,1.000000,0.306977,-0.360036
-0.374005,0.148561,0.306977,1.000000,0.499346
-0.796718,0.665124,-0.360036,0.499346,1.000000
