atmos_pressure, temp_mean, rh_mean, vapor_pressure_mean, wspd_arith_mean
1.000000,-0.933036,0.708823,-0.858825,0.237178
-0.933036,1.000000,-0.900965,0.712732,-0.067340
0.708823,-0.900965,1.000000,-0.354550,-0.116455
-0.858825,0.712732,-0.354550,1.000000,-0.263777
0.237178,-0.067340,-0.116455,-0.263777,1.000000
