atmos_pressure, temp_mean, rh_mean, vapor_pressure_mean, wspd_arith_mean
1.000000,-0.769893,0.468322,-0.075638,-0.438988
-0.769893,1.000000,-0.674984,-0.038547,0.430928
0.468322,-0.674984,1.000000,0.745433,0.177317
-0.075638,-0.038547,0.745433,1.000000,0.654833
-0.438988,0.430928,0.177317,0.654833,1.000000
