atmos_pressure, temp_mean, rh_mean, vapor_pressure_mean, wspd_arith_mean, tbrg_precip_total_corr
1.000000,0.324087,-0.032663,0.373117,-0.154885,0.015662
0.324087,1.000000,-0.547285,0.591854,0.079817,0.204456
-0.032663,-0.547285,1.000000,0.333278,-0.175201,-0.121201
0.373117,0.591854,0.333278,1.000000,-0.064605,0.104942
-0.154885,0.079817,-0.175201,-0.064605,1.000000,0.087904
0.015662,0.204456,-0.121201,0.104942,0.087904,1.000000
