atmos_pressure, temp_mean, rh_mean, vapor_pressure_mean, wspd_arith_mean, tbrg_precip_total_corr
1.000000,-0.212897,0.201355,-0.058855,-0.595902,-0.037972
-0.212897,1.000000,-0.568181,0.686147,-0.195650,0.078353
0.201355,-0.568181,1.000000,0.179517,-0.128071,0.034743
-0.058855,0.686147,0.179517,1.000000,-0.357116,0.149443
-0.595902,-0.195650,-0.128071,-0.357116,1.000000,-0.052664
-0.037972,0.078353,0.034743,0.149443,-0.052664,1.000000
