atmos_pressure, temp_mean, rh_mean, vapor_pressure_mean, wspd_arith_mean
1.000000,-0.534693,0.053225,-0.417047,-0.342063
-0.534693,1.000000,-0.294737,0.771514,0.263714
0.053225,-0.294737,1.000000,0.321208,-0.231910
-0.417047,0.771514,0.321208,1.000000,0.138473
-0.342063,0.263714,-0.231910,0.138473,1.000000
