atmos_pressure, temp_mean, rh_mean, vapor_pressure_mean, wspd_arith_mean
1.000000,-0.520318,0.090647,-0.422410,-0.303918
-0.520318,1.000000,-0.408714,0.799381,0.209790
0.090647,-0.408714,1.000000,0.151963,-0.305541
-0.422410,0.799381,0.151963,1.000000,0.039930
-0.303918,0.209790,-0.305541,0.039930,1.000000
