atmos_pressure, temp_mean, rh_mean, vapor_pressure_mean, wspd_arith_mean
1.000000,-0.821322,0.661675,-0.900852,-0.896903
-0.821322,1.000000,-0.964989,0.846336,0.846121
0.661675,-0.964989,1.000000,-0.694195,-0.733610
-0.900852,0.846336,-0.694195,1.000000,0.817001
-0.896903,0.846121,-0.733610,0.817001,1.000000
