atmos_pressure, temp_mean, rh_mean, vapor_pressure_mean, wspd_arith_mean
1.000000,-0.447973,0.519765,-0.301771,0.517023
-0.447973,1.000000,-0.799822,0.921561,-0.195980
0.519765,-0.799822,1.000000,-0.505306,0.321550
-0.301771,0.921561,-0.505306,1.000000,-0.066015
0.517023,-0.195980,0.321550,-0.066015,1.000000
