atmos_pressure, temp_mean, rh_mean, vapor_pressure_mean, wspd_arith_mean
1.000000,-0.537561,0.198079,-0.471767,-0.346163
-0.537561,1.000000,-0.639477,0.687100,0.203895
0.198079,-0.639477,1.000000,0.058611,-0.226085
-0.471767,0.687100,0.058611,1.000000,0.059660
-0.346163,0.203895,-0.226085,0.059660,1.000000
