atmos_pressure, temp_mean, rh_mean, vapor_pressure_mean, wspd_arith_mean, tbrg_precip_total_corr
1.000000,-0.309808,0.238940,-0.267064,-0.368521,-0.136305
-0.309808,1.000000,-0.593357,0.932311,0.279076,0.192600
0.238940,-0.593357,1.000000,-0.305117,-0.227849,-0.191731
-0.267064,0.932311,-0.305117,1.000000,0.258270,0.145085
-0.368521,0.279076,-0.227849,0.258270,1.000000,0.221824
-0.136305,0.192600,-0.191731,0.145085,0.221824,1.000000
