atmos_pressure, temp_mean, rh_mean, vapor_pressure_mean, wspd_arith_mean
1.000000,-0.504046,-0.080470,-0.448671,-0.273129
-0.504046,1.000000,-0.211000,0.751098,0.333089
-0.080470,-0.211000,1.000000,0.416112,-0.128681
-0.448671,0.751098,0.416112,1.000000,0.254681
-0.273129,0.333089,-0.128681,0.254681,1.000000
