atmos_pressure, temp_mean, rh_mean, vapor_pressure_mean, wspd_arith_mean
1.000000,-0.789518,0.508148,-0.871763,-0.596383
-0.789518,1.000000,-0.908594,0.942164,0.592254
0.508148,-0.908594,1.000000,-0.729116,-0.573775
-0.871763,0.942164,-0.729116,1.000000,0.523336
-0.596383,0.592254,-0.573775,0.523336,1.000000
