atmos_pressure, temp_mean, rh_mean, vapor_pressure_mean, wspd_arith_mean, tbrg_precip_total_corr
1.000000,-0.710578,-0.202109,-0.765946,0.072058,-0.041378
-0.710578,1.000000,-0.107471,0.901015,-0.004071,0.122449
-0.202109,-0.107471,1.000000,0.310067,-0.187952,0.083281
-0.765946,0.901015,0.310067,1.000000,-0.033366,0.149498
0.072058,-0.004071,-0.187952,-0.033366,1.000000,0.037430
-0.041378,0.122449,0.083281,0.149498,0.037430,1.000000
