atmos_pressure, temp_mean, rh_mean, vapor_pressure_mean, wspd_arith_mean, tbrg_precip_total_corr
1.000000,-0.307167,-0.226985,-0.424182,-0.363822,-0.049523
-0.307167,1.000000,-0.339570,0.708268,0.230390,0.198664
-0.226985,-0.339570,1.000000,0.380636,-0.141237,-0.037079
-0.424182,0.708268,0.380636,1.000000,0.107851,0.173642
-0.363822,0.230390,-0.141237,0.107851,1.000000,0.125790
-0.049523,0.198664,-0.037079,0.173642,0.125790,1.000000
