atmos_pressure, temp_mean, rh_mean, vapor_pressure_mean, wspd_arith_mean
1.000000,0.766627,-0.580695,0.850919,0.557278
0.766627,1.000000,-0.958319,0.626408,0.327069
-0.580695,-0.958319,1.000000,-0.414645,-0.201615
0.850919,0.626408,-0.414645,1.000000,0.462373
0.557278,0.327069,-0.201615,0.462373,1.000000
