atmos_pressure, temp_mean, rh_mean, vapor_pressure_mean, wspd_arith_mean, tbrg_precip_total_corr
1.000000,0.012011,-0.011448,0.063053,-0.416257,-0.021364
0.012011,1.000000,-0.344604,0.908889,-0.046644,0.213819
-0.011448,-0.344604,1.000000,0.021027,-0.189171,-0.131152
0.063053,0.908889,0.021027,1.000000,-0.138729,0.189108
-0.416257,-0.046644,-0.189171,-0.138729,1.000000,0.228863
-0.021364,0.213819,-0.131152,0.189108,0.228863,1.000000
