atmos_pressure, temp_mean, rh_mean, vapor_pressure_mean, wspd_arith_mean
1.000000,-0.615039,0.136459,-0.605213,-0.338323
-0.615039,1.000000,-0.601710,0.709935,0.449865
0.136459,-0.601710,1.000000,0.075522,-0.311761
-0.605213,0.709935,0.075522,1.000000,0.341389
-0.338323,0.449865,-0.311761,0.341389,1.000000
