atmos_pressure, temp_mean, rh_mean, vapor_pressure_mean, wspd_arith_mean
1.000000,-0.632995,0.019660,-0.633882,-0.233418
-0.632995,1.000000,-0.467063,0.735310,0.317702
0.019660,-0.467063,1.000000,0.184089,-0.389087
-0.633882,0.735310,0.184089,1.000000,0.094631
-0.233418,0.317702,-0.389087,0.094631,1.000000
