atmos_pressure, temp_mean, rh_mean, vapor_pressure_mean, wspd_arith_mean
1.000000,0.694940,-0.928683,-0.895159,0.185324
0.694940,1.000000,-0.834779,-0.539037,0.336709
-0.928683,-0.834779,1.000000,0.898667,-0.191987
-0.895159,-0.539037,0.898667,1.000000,0.022405
0.185324,0.336709,-0.191987,0.022405,1.000000
