atmos_pressure, temp_mean, rh_mean, vapor_pressure_mean, wspd_arith_mean
1.000000,-0.704562,0.181606,-0.660907,-0.269380
-0.704562,1.000000,-0.616046,0.580072,0.329129
0.181606,-0.616046,1.000000,0.184417,-0.274189
-0.660907,0.580072,0.184417,1.000000,0.176349
-0.269380,0.329129,-0.274189,0.176349,1.000000
