atmos_pressure, temp_mean, rh_mean, vapor_pressure_mean, wspd_arith_mean, tbrg_precip_total_corr
1.000000,0.127185,-0.226545,0.088195,-0.091830,-0.021248
0.127185,1.000000,-0.438057,0.903376,0.357469,0.164640
-0.226545,-0.438057,1.000000,-0.057923,-0.290045,-0.079558
0.088195,0.903376,-0.057923,1.000000,0.300025,0.148708
-0.091830,0.357469,-0.290045,0.300025,1.000000,0.171528
-0.021248,0.164640,-0.079558,0.148708,0.171528,1.000000
