atmos_pressure, temp_mean, rh_mean, vapor_pressure_mean, wspd_arith_mean, tbrg_precip_total_corr
1.000000,-0.512348,0.723029,-0.111092,-0.183718,0.058908
-0.512348,1.000000,-0.534991,0.837914,0.182059,0.021626
0.723029,-0.534991,1.000000,-0.006630,-0.279994,-0.156630
-0.111092,0.837914,-0.006630,1.000000,0.062696,-0.037420
-0.183718,0.182059,-0.279994,0.062696,1.000000,0.101914
0.058908,0.021626,-0.156630,-0.037420,0.101914,1.000000
