atmos_pressure, temp_mean, rh_mean, vapor_pressure_mean, wspd_arith_mean
1.000000,-0.516415,0.152657,-0.351525,-0.421543
-0.516415,1.000000,-0.368720,0.740038,0.231018
0.152657,-0.368720,1.000000,0.272581,-0.347116
-0.351525,0.740038,0.272581,1.000000,0.010795
-0.421543,0.231018,-0.347116,0.010795,1.000000
