atmos_pressure, temp_mean, rh_mean, vapor_pressure_mean, wspd_arith_mean
1.000000,-0.593982,0.072190,-0.603951,-0.334102
-0.593982,1.000000,-0.621602,0.550360,0.433051
0.072190,-0.621602,1.000000,0.254958,-0.310944
-0.603951,0.550360,0.254958,1.000000,0.225922
-0.334102,0.433051,-0.310944,0.225922,1.000000
