atmos_pressure, temp_mean, rh_mean, vapor_pressure_mean, wspd_arith_mean
1.000000,-0.552599,-0.066878,-0.637979,-0.310051
-0.552599,1.000000,-0.495374,0.737039,0.262139
-0.066878,-0.495374,1.000000,0.184481,-0.231649
-0.637979,0.737039,0.184481,1.000000,0.119391
-0.310051,0.262139,-0.231649,0.119391,1.000000
