atmos_pressure, temp_mean, rh_mean, vapor_pressure_mean, wspd_arith_mean
1.000000,-0.012033,-0.272584,-0.677619,0.304509
-0.012033,1.000000,-0.924075,0.211095,0.569455
-0.272584,-0.924075,1.000000,0.169568,-0.650838
-0.677619,0.211095,0.169568,1.000000,-0.192489
0.304509,0.569455,-0.650838,-0.192489,1.000000
