atmos_pressure, temp_mean, rh_mean, vapor_pressure_mean, wspd_arith_mean
1.000000,-0.448774,0.033881,-0.458914,-0.343974
-0.448774,1.000000,-0.477226,0.672255,0.181704
0.033881,-0.477226,1.000000,0.259692,-0.164006
-0.458914,0.672255,0.259692,1.000000,0.118290
-0.343974,0.181704,-0.164006,0.118290,1.000000
