atmos_pressure, temp_mean, rh_mean, vapor_pressure_mean, wspd_arith_mean
1.000000,-0.405667,0.025873,-0.370157,-0.338034
-0.405667,1.000000,-0.402158,0.816933,0.273664
0.025873,-0.402158,1.000000,0.145607,-0.293046
-0.370157,0.816933,0.145607,1.000000,0.120506
-0.338034,0.273664,-0.293046,0.120506,1.000000
