atmos_pressure, temp_mean, rh_mean, vapor_pressure_mean, wspd_arith_mean
1.000000,-0.625167,-0.000488,-0.634991,-0.035864
-0.625167,1.000000,-0.491712,0.697313,0.092467
-0.000488,-0.491712,1.000000,0.207765,-0.253048
-0.634991,0.697313,0.207765,1.000000,-0.085917
-0.035864,0.092467,-0.253048,-0.085917,1.000000
