atmos_pressure, temp_mean, rh_mean, vapor_pressure_mean, wspd_arith_mean
1.000000,-0.464170,0.068141,-0.383374,-0.346124
-0.464170,1.000000,-0.361062,0.772170,0.241113
0.068141,-0.361062,1.000000,0.236185,-0.317179
-0.383374,0.772170,0.236185,1.000000,0.052003
-0.346124,0.241113,-0.317179,0.052003,1.000000
