atmos_pressure, temp_mean, rh_mean, vapor_pressure_mean, wspd_arith_mean
1.000000,-0.627698,-0.172558,-0.707713,-0.224319
-0.627698,1.000000,-0.178553,0.767916,0.254794
-0.172558,-0.178553,1.000000,0.357697,-0.260983
-0.707713,0.767916,0.357697,1.000000,0.125255
-0.224319,0.254794,-0.260983,0.125255,1.000000
