atmos_pressure, temp_mean, rh_mean, vapor_pressure_mean, wspd_arith_mean
1.000000,-0.534159,-0.089656,-0.537335,-0.198115
-0.534159,1.000000,-0.407691,0.635828,0.350269
-0.089656,-0.407691,1.000000,0.381157,-0.239092
-0.537335,0.635828,0.381157,1.000000,0.216025
-0.198115,0.350269,-0.239092,0.216025,1.000000
