atmos_pressure, temp_mean, rh_mean, vapor_pressure_mean, wspd_arith_mean, tbrg_precip_total_corr
1.000000,-0.494736,-0.157031,-0.739011,0.104720,nan
-0.494736,1.000000,-0.605423,0.534447,0.364910,nan
-0.157031,-0.605423,1.000000,0.348466,-0.493708,nan
-0.739011,0.534447,0.348466,1.000000,-0.092797,nan
0.104720,0.364910,-0.493708,-0.092797,1.000000,nan
nan,nan,nan,nan,nan,nan
