atmos_pressure, temp_mean, rh_mean, vapor_pressure_mean, wspd_arith_mean, tbrg_precip_total_corr
1.000000,-0.329651,0.168362,-0.297807,-0.264794,-0.157791
-0.329651,1.000000,-0.438177,0.846695,0.205200,0.105891
0.168362,-0.438177,1.000000,0.063863,-0.133593,-0.018575
-0.297807,0.846695,0.063863,1.000000,0.141136,0.114987
-0.264794,0.205200,-0.133593,0.141136,1.000000,0.237533
-0.157791,0.105891,-0.018575,0.114987,0.237533,1.000000
