atmos_pressure, temp_mean, rh_mean, vapor_pressure_mean, wspd_arith_mean, tbrg_precip_total_corr
1.000000,0.725384,-0.794120,-0.843630,-0.244415,0.320256
0.725384,1.000000,-0.984398,-0.880829,0.275035,0.324510
-0.794120,-0.984398,1.000000,0.950207,-0.118550,-0.297875
-0.843630,-0.880829,0.950207,1.000000,0.166631,-0.234019
-0.244415,0.275035,-0.118550,0.166631,1.000000,0.210542
0.320256,0.324510,-0.297875,-0.234019,0.210542,1.000000
