atmos_pressure, temp_mean, rh_mean, vapor_pressure_mean, wspd_arith_mean
1.000000,-0.581164,0.019347,-0.520500,-0.201724
-0.581164,1.000000,-0.441942,0.691274,0.378402
0.019347,-0.441942,1.000000,0.264981,-0.223060
-0.520500,0.691274,0.264981,1.000000,0.281347
-0.201724,0.378402,-0.223060,0.281347,1.000000
