atmos_pressure, temp_mean, rh_mean, vapor_pressure_mean, wspd_arith_mean
1.000000,-0.597826,-0.148815,-0.630698,-0.206929
-0.597826,1.000000,-0.290161,0.684483,0.218276
-0.148815,-0.290161,1.000000,0.418263,-0.110729
-0.630698,0.684483,0.418263,1.000000,0.178955
-0.206929,0.218276,-0.110729,0.178955,1.000000
