atmos_pressure, temp_mean, rh_mean, vapor_pressure_mean, wspd_arith_mean
1.000000,-0.612065,-0.053955,-0.916753,-0.518088
-0.612065,1.000000,-0.726359,0.441365,0.087280
-0.053955,-0.726359,1.000000,0.286485,0.375500
-0.916753,0.441365,0.286485,1.000000,0.629703
-0.518088,0.087280,0.375500,0.629703,1.000000
