atmos_pressure, temp_mean, rh_mean, vapor_pressure_mean, wspd_arith_mean
1.000000,0.233234,0.807524,0.716983,-0.016406
0.233234,1.000000,-0.250837,0.797709,-0.178431
0.807524,-0.250837,1.000000,0.380614,-0.114433
0.716983,0.797709,0.380614,1.000000,-0.277672
-0.016406,-0.178431,-0.114433,-0.277672,1.000000
