atmos_pressure, temp_mean, rh_mean, vapor_pressure_mean, wspd_arith_mean
1.000000,0.316424,-0.215674,0.049093,-0.266378
0.316424,1.000000,-0.985684,-0.606846,0.210734
-0.215674,-0.985684,1.000000,0.628842,-0.241241
0.049093,-0.606846,0.628842,1.000000,-0.228336
-0.266378,0.210734,-0.241241,-0.228336,1.000000
