atmos_pressure, temp_mean, rh_mean, vapor_pressure_mean, wspd_arith_mean
1.000000,-0.230395,0.002100,-0.165163,-0.220330
-0.230395,1.000000,-0.302624,0.870478,0.034690
0.002100,-0.302624,1.000000,0.147348,-0.256042
-0.165163,0.870478,0.147348,1.000000,-0.082174
-0.220330,0.034690,-0.256042,-0.082174,1.000000
