atmos_pressure, temp_mean, rh_mean, vapor_pressure_mean, wspd_arith_mean
1.000000,-0.492379,-0.256109,-0.625774,-0.465579
-0.492379,1.000000,-0.314551,0.412788,0.734776
-0.256109,-0.314551,1.000000,0.730644,0.159811
-0.625774,0.412788,0.730644,1.000000,0.688603
-0.465579,0.734776,0.159811,0.688603,1.000000
