atmos_pressure, temp_mean, rh_mean, vapor_pressure_mean, wspd_arith_mean
1.000000,-0.579739,0.037037,-0.572857,-0.277075
-0.579739,1.000000,-0.462080,0.683531,0.205805
0.037037,-0.462080,1.000000,0.256980,-0.196362
-0.572857,0.683531,0.256980,1.000000,0.092767
-0.277075,0.205805,-0.196362,0.092767,1.000000
