atmos_pressure, temp_mean, rh_mean, vapor_pressure_mean, wspd_arith_mean
1.000000,-0.485946,-0.013884,-0.472540,-0.202941
-0.485946,1.000000,-0.309566,0.857804,-0.022725
-0.013884,-0.309566,1.000000,0.151962,-0.249001
-0.472540,0.857804,0.151962,1.000000,-0.144896
-0.202941,-0.022725,-0.249001,-0.144896,1.000000
