atmos_pressure, temp_mean, rh_mean, vapor_pressure_mean, wspd_arith_mean
1.000000,-0.190272,0.365498,0.022554,-0.430020
-0.190272,1.000000,-0.927882,0.924204,0.512115
0.365498,-0.927882,1.000000,-0.716025,-0.602070
0.022554,0.924204,-0.716025,1.000000,0.343881
-0.430020,0.512115,-0.602070,0.343881,1.000000
