atmos_pressure, temp_mean, rh_mean, vapor_pressure_mean, wspd_arith_mean
1.000000,-0.799680,0.703672,-0.548907,-0.561011
-0.799680,1.000000,-0.920905,0.734417,0.802242
0.703672,-0.920905,1.000000,-0.427375,-0.690422
-0.548907,0.734417,-0.427375,1.000000,0.706649
-0.561011,0.802242,-0.690422,0.706649,1.000000
