atmos_pressure, temp_mean, rh_mean, vapor_pressure_mean, wspd_arith_mean
1.000000,-0.549326,-0.056523,-0.598847,-0.246706
-0.549326,1.000000,-0.477698,0.678855,0.216970
-0.056523,-0.477698,1.000000,0.266868,-0.014845
-0.598847,0.678855,0.266868,1.000000,0.233387
-0.246706,0.216970,-0.014845,0.233387,1.000000
