atmos_pressure, temp_mean, rh_mean, vapor_pressure_mean, wspd_arith_mean, tbrg_precip_total_corr
1.000000,-0.348419,-0.213456,-0.329400,0.009378,0.049501
-0.348419,1.000000,-0.407301,0.394566,0.494832,0.040959
-0.213456,-0.407301,1.000000,0.643929,-0.543916,-0.100591
-0.329400,0.394566,0.643929,1.000000,-0.051846,-0.039641
0.009378,0.494832,-0.543916,-0.051846,1.000000,0.185672
0.049501,0.040959,-0.100591,-0.039641,0.185672,1.000000
