atmos_pressure, temp_mean, rh_mean, vapor_pressure_mean, wspd_arith_mean
1.000000,-0.439100,0.025147,-0.360261,-0.236242
-0.439100,1.000000,-0.462256,0.739599,0.103028
0.025147,-0.462256,1.000000,0.194539,-0.225866
-0.360261,0.739599,0.194539,1.000000,-0.055243
-0.236242,0.103028,-0.225866,-0.055243,1.000000
