atmos_pressure, temp_mean, rh_mean, vapor_pressure_mean, wspd_arith_mean
1.000000,-0.359871,0.008184,-0.345217,-0.295113
-0.359871,1.000000,-0.356151,0.813990,0.037080
0.008184,-0.356151,1.000000,0.172731,-0.230259
-0.345217,0.813990,0.172731,1.000000,-0.089595
-0.295113,0.037080,-0.230259,-0.089595,1.000000
