atmos_pressure, temp_mean, rh_mean, vapor_pressure_mean, wspd_arith_mean
1.000000,-0.693922,0.067060,-0.914989,-0.699486
-0.693922,1.000000,-0.728990,0.881257,0.273910
0.067060,-0.728990,1.000000,-0.324051,0.238308
-0.914989,0.881257,-0.324051,1.000000,0.524781
-0.699486,0.273910,0.238308,0.524781,1.000000
