atmos_pressure, temp_mean, rh_mean, vapor_pressure_mean, wspd_arith_mean
1.000000,-0.364506,0.000458,-0.298703,-0.263236
-0.364506,1.000000,-0.254471,0.787413,0.095689
0.000458,-0.254471,1.000000,0.338205,-0.279086
-0.298703,0.787413,0.338205,1.000000,-0.078577
-0.263236,0.095689,-0.279086,-0.078577,1.000000
