atmos_pressure, temp_mean, rh_mean, vapor_pressure_mean, wspd_arith_mean
1.000000,-0.573944,-0.135514,-0.620478,-0.359352
-0.573944,1.000000,-0.386654,0.764901,0.468331
-0.135514,-0.386654,1.000000,0.241815,-0.224146
-0.620478,0.764901,0.241815,1.000000,0.383731
-0.359352,0.468331,-0.224146,0.383731,1.000000
