atmos_pressure, temp_mean, rh_mean, vapor_pressure_mean, wspd_arith_mean
1.000000,-0.599602,0.554509,0.198736,-0.392133
-0.599602,1.000000,-0.968638,0.013294,0.878593
0.554509,-0.968638,1.000000,0.142514,-0.806489
0.198736,0.013294,0.142514,1.000000,0.212235
-0.392133,0.878593,-0.806489,0.212235,1.000000
