atmos_pressure, temp_mean, rh_mean, vapor_pressure_mean, wspd_arith_mean
1.000000,-0.532526,-0.016985,-0.461931,-0.403917
-0.532526,1.000000,-0.292422,0.773616,0.353214
-0.016985,-0.292422,1.000000,0.326466,-0.213257
-0.461931,0.773616,0.326466,1.000000,0.228614
-0.403917,0.353214,-0.213257,0.228614,1.000000
