atmos_pressure, temp_mean, rh_mean, vapor_pressure_mean, wspd_arith_mean
1.000000,-0.207365,-0.399077,-0.932182,0.494338
-0.207365,1.000000,-0.795126,0.104515,-0.085056
-0.399077,-0.795126,1.000000,0.514826,-0.228386
-0.932182,0.104515,0.514826,1.000000,-0.502332
0.494338,-0.085056,-0.228386,-0.502332,1.000000
