atmos_pressure, temp_mean, rh_mean, vapor_pressure_mean, wspd_arith_mean
1.000000,-0.579149,0.125185,-0.488176,-0.314842
-0.579149,1.000000,-0.511713,0.655203,0.413249
0.125185,-0.511713,1.000000,0.266144,-0.244136
-0.488176,0.655203,0.266144,1.000000,0.259519
-0.314842,0.413249,-0.244136,0.259519,1.000000
