atmos_pressure, temp_mean, rh_mean, vapor_pressure_mean, wspd_arith_mean
1.000000,-0.409958,0.001951,-0.316338,-0.330087
-0.409958,1.000000,-0.081794,0.811627,0.056283
0.001951,-0.081794,1.000000,0.450353,-0.328800
-0.316338,0.811627,0.450353,1.000000,-0.136319
-0.330087,0.056283,-0.328800,-0.136319,1.000000
