atmos_pressure, temp_mean, rh_mean, vapor_pressure_mean, wspd_arith_mean, tbrg_precip_total_corr
1.000000,-0.286001,0.125546,-0.222939,-0.306260,-0.027695
-0.286001,1.000000,-0.544478,0.769596,0.005554,0.068237
0.125546,-0.544478,1.000000,0.065948,-0.168523,-0.006951
-0.222939,0.769596,0.065948,1.000000,-0.117548,0.062983
-0.306260,0.005554,-0.168523,-0.117548,1.000000,-0.158437
-0.027695,0.068237,-0.006951,0.062983,-0.158437,1.000000
