atmos_pressure, temp_mean, rh_mean, vapor_pressure_mean, wspd_arith_mean
1.000000,0.238172,-0.411604,-0.435569,0.011321
0.238172,1.000000,-0.854152,-0.343533,-0.347596
-0.411604,-0.854152,1.000000,0.779244,0.254383
-0.435569,-0.343533,0.779244,1.000000,-0.003164
0.011321,-0.347596,0.254383,-0.003164,1.000000
