atmos_pressure, temp_mean, rh_mean, vapor_pressure_mean, wspd_arith_mean
1.000000,-0.870819,-0.655394,-0.960504,0.575913
-0.870819,1.000000,0.280803,0.845154,-0.669923
-0.655394,0.280803,1.000000,0.747634,-0.370715
-0.960504,0.845154,0.747634,1.000000,-0.678287
0.575913,-0.669923,-0.370715,-0.678287,1.000000
