atmos_pressure, temp_mean, rh_mean, vapor_pressure_mean, wspd_arith_mean, tbrg_precip_total_corr
1.000000,-0.530691,-0.042395,-0.343309,0.399099,0.016688
-0.530691,1.000000,0.576053,0.899302,0.069777,0.268269
-0.042395,0.576053,1.000000,0.837876,0.238041,0.165290
-0.343309,0.899302,0.837876,1.000000,0.085567,0.265765
0.399099,0.069777,0.238041,0.085567,1.000000,0.077217
0.016688,0.268269,0.165290,0.265765,0.077217,1.000000
