atmos_pressure, temp_mean, rh_mean, vapor_pressure_mean, wspd_arith_mean
1.000000,-0.405011,-0.091707,-0.384043,-0.267232
-0.405011,1.000000,-0.149770,0.847982,0.068366
-0.091707,-0.149770,1.000000,0.344270,-0.287010
-0.384043,0.847982,0.344270,1.000000,-0.089724
-0.267232,0.068366,-0.287010,-0.089724,1.000000
