atmos_pressure, temp_mean, rh_mean, vapor_pressure_mean, wspd_arith_mean, tbrg_precip_total_corr
1.000000,-0.317086,0.158028,-0.313969,-0.333463,-0.017315
-0.317086,1.000000,-0.732189,0.774906,-0.136280,0.129802
0.158028,-0.732189,1.000000,-0.153315,0.135090,-0.123612
-0.313969,0.774906,-0.153315,1.000000,-0.069818,0.072874
-0.333463,-0.136280,0.135090,-0.069818,1.000000,-0.133372
-0.017315,0.129802,-0.123612,0.072874,-0.133372,1.000000
