atmos_pressure, temp_mean, rh_mean, vapor_pressure_mean, wspd_arith_mean
1.000000,0.642022,-0.460228,0.764309,0.195356
0.642022,1.000000,-0.952808,0.250860,0.390594
-0.460228,-0.952808,1.000000,0.017055,-0.303700
0.764309,0.250860,0.017055,1.000000,0.154451
0.195356,0.390594,-0.303700,0.154451,1.000000
