atmos_pressure, temp_mean, rh_mean, vapor_pressure_mean, wspd_arith_mean
1.000000,-0.799963,0.595034,-0.713519,-0.756498
-0.799963,1.000000,-0.947476,0.327963,0.776290
0.595034,-0.947476,1.000000,-0.024836,-0.660187
-0.713519,0.327963,-0.024836,1.000000,0.428075
-0.756498,0.776290,-0.660187,0.428075,1.000000
