atmos_pressure, temp_mean, rh_mean, vapor_pressure_mean, wspd_arith_mean
1.000000,-0.528651,0.311085,-0.244043,0.620307
-0.528651,1.000000,-0.928591,-0.500764,-0.475198
0.311085,-0.928591,1.000000,0.774947,0.377293
-0.244043,-0.500764,0.774947,1.000000,-0.004236
0.620307,-0.475198,0.377293,-0.004236,1.000000
