atmos_pressure, temp_mean, rh_mean, vapor_pressure_mean, wspd_arith_mean
1.000000,-0.714889,0.733202,0.012036,-0.262312
-0.714889,1.000000,-0.901554,0.356877,0.223887
0.733202,-0.901554,1.000000,0.068944,-0.216314
0.012036,0.356877,0.068944,1.000000,0.027633
-0.262312,0.223887,-0.216314,0.027633,1.000000
