atmos_pressure, temp_mean, rh_mean, vapor_pressure_mean, wspd_arith_mean
1.000000,-0.590132,0.064978,-0.478732,-0.245743
-0.590132,1.000000,-0.504529,0.466943,0.322663
0.064978,-0.504529,1.000000,0.461609,-0.204961
-0.478732,0.466943,0.461609,1.000000,0.157832
-0.245743,0.322663,-0.204961,0.157832,1.000000
