atmos_pressure, temp_mean, rh_mean, vapor_pressure_mean, wspd_arith_mean, tbrg_precip_total_corr
1.000000,0.854513,-0.875623,0.614196,0.860389,0.579281
0.854513,1.000000,-0.993358,0.703525,0.941489,0.257341
-0.875623,-0.993358,1.000000,-0.629902,-0.921027,-0.288857
0.614196,0.703525,-0.629902,1.000000,0.824780,0.313751
0.860389,0.941489,-0.921027,0.824780,1.000000,0.322488
0.579281,0.257341,-0.288857,0.313751,0.322488,1.000000
