atmos_pressure, temp_mean, rh_mean, vapor_pressure_mean, wspd_arith_mean
1.000000,-0.775783,-0.265721,-0.698413,-0.827571
-0.775783,1.000000,0.294657,0.860282,0.852871
-0.265721,0.294657,1.000000,0.734460,0.297456
-0.698413,0.860282,0.734460,1.000000,0.776229
-0.827571,0.852871,0.297456,0.776229,1.000000
