atmos_pressure, temp_mean, rh_mean, vapor_pressure_mean, wspd_arith_mean, tbrg_precip_total_corr
1.000000,-0.198103,0.166168,-0.124741,-0.458963,-0.062266
-0.198103,1.000000,-0.406280,0.835235,0.079889,0.095985
0.166168,-0.406280,1.000000,0.125847,-0.385788,-0.014881
-0.124741,0.835235,0.125847,1.000000,-0.134931,0.090843
-0.458963,0.079889,-0.385788,-0.134931,1.000000,0.014911
-0.062266,0.095985,-0.014881,0.090843,0.014911,1.000000
