atmos_pressure, temp_mean, rh_mean, vapor_pressure_mean, wspd_arith_mean
1.000000,-0.647533,0.209458,-0.500778,-0.364454
-0.647533,1.000000,-0.583150,0.559687,0.288330
0.209458,-0.583150,1.000000,0.297149,-0.141847
-0.500778,0.559687,0.297149,1.000000,0.221085
-0.364454,0.288330,-0.141847,0.221085,1.000000
