atmos_pressure, temp_mean, rh_mean, vapor_pressure_mean, wspd_arith_mean
1.000000,-0.468232,-0.106983,-0.426292,-0.046802
-0.468232,1.000000,-0.153206,0.704748,-0.084669
-0.106983,-0.153206,1.000000,0.539902,-0.107020
-0.426292,0.704748,0.539902,1.000000,-0.156207
-0.046802,-0.084669,-0.107020,-0.156207,1.000000
