atmos_pressure, temp_mean, rh_mean, vapor_pressure_mean, wspd_arith_mean
1.000000,-0.862264,-0.318121,-0.829466,-0.539989
-0.862264,1.000000,-0.021832,0.666033,0.426620
-0.318121,-0.021832,1.000000,0.729845,0.484131
-0.829466,0.666033,0.729845,1.000000,0.652823
-0.539989,0.426620,0.484131,0.652823,1.000000
