atmos_pressure, temp_mean, rh_mean, vapor_pressure_mean, wspd_arith_mean
1.000000,-0.807190,0.752492,-0.161649,-0.015423
-0.807190,1.000000,-0.930610,0.307251,0.096169
0.752492,-0.930610,1.000000,0.052865,-0.005911
-0.161649,0.307251,0.052865,1.000000,0.258055
-0.015423,0.096169,-0.005911,0.258055,1.000000
