atmos_pressure, temp_mean, rh_mean, vapor_pressure_mean, wspd_arith_mean
1.000000,-0.654899,0.652868,-0.083553,-0.476391
-0.654899,1.000000,-0.904729,0.316126,0.710499
0.652868,-0.904729,1.000000,0.098809,-0.526716
-0.083553,0.316126,0.098809,1.000000,0.443620
-0.476391,0.710499,-0.526716,0.443620,1.000000
