atmos_pressure, temp_mean, rh_mean, vapor_pressure_mean, wspd_arith_mean
1.000000,-0.399836,-0.184235,-0.398790,-0.156513
-0.399836,1.000000,-0.039523,0.848088,-0.103160
-0.184235,-0.039523,1.000000,0.441982,-0.257525
-0.398790,0.848088,0.441982,1.000000,-0.231761
-0.156513,-0.103160,-0.257525,-0.231761,1.000000
