atmos_pressure, temp_mean, rh_mean, vapor_pressure_mean, wspd_arith_mean
1.000000,-0.391417,-0.201022,-0.403499,-0.105238
-0.391417,1.000000,-0.110914,0.816689,-0.118922
-0.201022,-0.110914,1.000000,0.394884,-0.231087
-0.403499,0.816689,0.394884,1.000000,-0.225999
-0.105238,-0.118922,-0.231087,-0.225999,1.000000
