atmos_pressure, temp_mean, rh_mean, vapor_pressure_mean, wspd_arith_mean
1.000000,-0.829801,0.460532,-0.705912,-0.641004
-0.829801,1.000000,-0.552921,0.882946,0.729952
0.460532,-0.552921,1.000000,-0.102447,-0.136243
-0.705912,0.882946,-0.102447,1.000000,0.798236
-0.641004,0.729952,-0.136243,0.798236,1.000000
