atmos_pressure, temp_mean, rh_mean, vapor_pressure_mean, wspd_arith_mean
1.000000,-0.659926,0.113716,-0.470011,-0.340147
-0.659926,1.000000,-0.394652,0.555573,0.257646
0.113716,-0.394652,1.000000,0.479581,-0.148575
-0.470011,0.555573,0.479581,1.000000,0.149354
-0.340147,0.257646,-0.148575,0.149354,1.000000
