atmos_pressure, temp_mean, rh_mean, vapor_pressure_mean, wspd_arith_mean
1.000000,-0.571582,-0.145065,-0.637156,-0.157036
-0.571582,1.000000,-0.429187,0.508430,0.100943
-0.145065,-0.429187,1.000000,0.483136,-0.115632
-0.637156,0.508430,0.483136,1.000000,0.024169
-0.157036,0.100943,-0.115632,0.024169,1.000000
