atmos_pressure, temp_mean, rh_mean, vapor_pressure_mean, wspd_arith_mean, tbrg_precip_total_corr
1.000000,-0.317932,0.084349,-0.281782,-0.216989,-0.120308
-0.317932,1.000000,-0.142361,0.918741,0.163845,0.054846
0.084349,-0.142361,1.000000,0.212752,-0.221629,-0.172254
-0.281782,0.918741,0.212752,1.000000,0.042402,-0.040294
-0.216989,0.163845,-0.221629,0.042402,1.000000,0.181015
-0.120308,0.054846,-0.172254,-0.040294,0.181015,1.000000
