atmos_pressure, temp_mean, rh_mean, vapor_pressure_mean, wspd_arith_mean, tbrg_precip_total_corr
1.000000,-0.256243,0.022875,-0.181698,-0.256816,-0.100819
-0.256243,1.000000,0.067212,0.958189,0.083287,0.205802
0.022875,0.067212,1.000000,0.273625,-0.042994,-0.066491
-0.181698,0.958189,0.273625,1.000000,0.046013,0.208343
-0.256816,0.083287,-0.042994,0.046013,1.000000,0.239881
-0.100819,0.205802,-0.066491,0.208343,0.239881,1.000000
