atmos_pressure, temp_mean, rh_mean, vapor_pressure_mean, wspd_arith_mean, tbrg_precip_total_corr
1.000000,0.575714,-0.498428,0.433717,0.356567,nan
0.575714,1.000000,-0.985125,-0.037795,0.377273,nan
-0.498428,-0.985125,1.000000,0.194932,-0.432782,nan
0.433717,-0.037795,0.194932,1.000000,-0.212438,nan
0.356567,0.377273,-0.432782,-0.212438,1.000000,nan
nan,nan,nan,nan,nan,nan
