atmos_pressure, temp_mean, rh_mean, vapor_pressure_mean, wspd_arith_mean
1.000000,-0.757845,0.668553,-0.185311,-0.352114
-0.757845,1.000000,-0.961128,0.332652,0.503073
0.668553,-0.961128,1.000000,-0.098012,-0.520674
-0.185311,0.332652,-0.098012,1.000000,0.040080
-0.352114,0.503073,-0.520674,0.040080,1.000000
