atmos_pressure, temp_mean, rh_mean, vapor_pressure_mean, wspd_arith_mean, tbrg_precip_total_corr
1.000000,-0.400850,0.133081,-0.349463,-0.299072,-0.148616
-0.400850,1.000000,-0.384035,0.812989,0.129377,0.174792
0.133081,-0.384035,1.000000,0.156707,-0.393206,-0.213087
-0.349463,0.812989,0.156707,1.000000,-0.060248,0.065996
-0.299072,0.129377,-0.393206,-0.060248,1.000000,0.088684
-0.148616,0.174792,-0.213087,0.065996,0.088684,1.000000
