atmos_pressure, temp_mean, rh_mean, vapor_pressure_mean, wspd_arith_mean, tbrg_precip_total_corr
1.000000,-0.795281,0.070826,-0.762939,-0.124650,-0.036040
-0.795281,1.000000,-0.443836,0.704488,-0.017884,0.002916
0.070826,-0.443836,1.000000,0.232292,-0.172895,0.128108
-0.762939,0.704488,0.232292,1.000000,-0.155897,0.043947
-0.124650,-0.017884,-0.172895,-0.155897,1.000000,0.031902
-0.036040,0.002916,0.128108,0.043947,0.031902,1.000000
