atmos_pressure, temp_mean, rh_mean, vapor_pressure_mean, wspd_arith_mean
1.000000,-0.466910,-0.176392,-0.435503,-0.235381
-0.466910,1.000000,-0.059117,0.816993,-0.133631
-0.176392,-0.059117,1.000000,0.456742,-0.256696
-0.435503,0.816993,0.456742,1.000000,-0.249076
-0.235381,-0.133631,-0.256696,-0.249076,1.000000
