atmos_pressure, temp_mean, rh_mean, vapor_pressure_mean, wspd_arith_mean
1.000000,-0.501303,-0.018338,-0.490413,-0.208164
-0.501303,1.000000,-0.389740,0.681859,0.055062
-0.018338,-0.389740,1.000000,0.344950,-0.196477
-0.490413,0.681859,0.344950,1.000000,-0.072731
-0.208164,0.055062,-0.196477,-0.072731,1.000000
