atmos_pressure, temp_mean, rh_mean, vapor_pressure_mean, wspd_arith_mean
1.000000,-0.026754,0.126943,0.608673,-0.273478
-0.026754,1.000000,-0.985268,-0.637694,0.411127
0.126943,-0.985268,1.000000,0.706394,-0.447291
0.608673,-0.637694,0.706394,1.000000,-0.412259
-0.273478,0.411127,-0.447291,-0.412259,1.000000
