atmos_pressure, temp_mean, rh_mean, vapor_pressure_mean, wspd_arith_mean
1.000000,-0.571077,-0.099175,-0.619631,-0.327065
-0.571077,1.000000,-0.466169,0.610250,0.271069
-0.099175,-0.466169,1.000000,0.361440,-0.164101
-0.619631,0.610250,0.361440,1.000000,0.156835
-0.327065,0.271069,-0.164101,0.156835,1.000000
