atmos_pressure, temp_mean, rh_mean, vapor_pressure_mean, wspd_arith_mean
1.000000,-0.407390,-0.345594,-0.530974,-0.213468
-0.407390,1.000000,-0.234817,0.726781,0.249539
-0.345594,-0.234817,1.000000,0.425634,-0.089101
-0.530974,0.726781,0.425634,1.000000,0.191268
-0.213468,0.249539,-0.089101,0.191268,1.000000
