atmos_pressure, temp_mean, rh_mean, vapor_pressure_mean, wspd_arith_mean, tbrg_precip_total_corr
1.000000,-0.704528,-0.381112,-0.763403,-0.533423,0.016090
-0.704528,1.000000,0.202871,0.927495,0.753769,0.111883
-0.381112,0.202871,1.000000,0.526115,0.189974,0.031783
-0.763403,0.927495,0.526115,1.000000,0.743033,0.070518
-0.533423,0.753769,0.189974,0.743033,1.000000,0.003033
0.016090,0.111883,0.031783,0.070518,0.003033,1.000000
