atmos_pressure, temp_mean, rh_mean, vapor_pressure_mean, wspd_arith_mean
1.000000,-0.539720,0.451059,0.184325,-0.650045
-0.539720,1.000000,-0.987688,-0.514724,0.584246
0.451059,-0.987688,1.000000,0.608925,-0.522851
0.184325,-0.514724,0.608925,1.000000,-0.025780
-0.650045,0.584246,-0.522851,-0.025780,1.000000
