atmos_pressure, temp_mean, rh_mean, vapor_pressure_mean, wspd_arith_mean, tbrg_precip_total_corr
1.000000,-0.416023,0.433590,-0.108130,-0.183212,0.024734
-0.416023,1.000000,-0.982080,0.502443,0.464608,-0.077514
0.433590,-0.982080,1.000000,-0.331452,-0.456499,0.121799
-0.108130,0.502443,-0.331452,1.000000,0.274601,0.182699
-0.183212,0.464608,-0.456499,0.274601,1.000000,0.126457
0.024734,-0.077514,0.121799,0.182699,0.126457,1.000000
