atmos_pressure, temp_mean, rh_mean, vapor_pressure_mean, wspd_arith_mean
1.000000,-0.584701,0.516698,0.514433,-0.331220
-0.584701,1.000000,-0.990504,-0.911856,0.771616
0.516698,-0.990504,1.000000,0.890329,-0.777127
0.514433,-0.911856,0.890329,1.000000,-0.772778
-0.331220,0.771616,-0.777127,-0.772778,1.000000
