atmos_pressure, temp_mean, rh_mean, vapor_pressure_mean, wspd_arith_mean
1.000000,-0.552917,0.058484,-0.543986,-0.234180
-0.552917,1.000000,-0.505552,0.721152,-0.002190
0.058484,-0.505552,1.000000,0.173217,-0.133941
-0.543986,0.721152,0.173217,1.000000,-0.090871
-0.234180,-0.002190,-0.133941,-0.090871,1.000000
