atmos_pressure, temp_mean, rh_mean, vapor_pressure_mean, wspd_arith_mean
1.000000,-0.386611,-0.037053,-0.322769,-0.247313
-0.386611,1.000000,-0.185601,0.746405,-0.159033
-0.037053,-0.185601,1.000000,0.460342,-0.230956
-0.322769,0.746405,0.460342,1.000000,-0.296294
-0.247313,-0.159033,-0.230956,-0.296294,1.000000
