atmos_pressure, temp_mean, rh_mean, vapor_pressure_mean, wspd_arith_mean
1.000000,-0.379753,0.141169,-0.287576,-0.596201
-0.379753,1.000000,-0.912700,-0.380224,0.564555
0.141169,-0.912700,1.000000,0.720614,-0.374742
-0.287576,-0.380224,0.720614,1.000000,0.109940
-0.596201,0.564555,-0.374742,0.109940,1.000000
