atmos_pressure, temp_mean, rh_mean, vapor_pressure_mean, wspd_arith_mean
1.000000,-0.648253,0.475931,0.026247,-0.178192
-0.648253,1.000000,-0.939590,-0.387690,0.018330
0.475931,-0.939590,1.000000,0.656094,-0.123892
0.026247,-0.387690,0.656094,1.000000,-0.452068
-0.178192,0.018330,-0.123892,-0.452068,1.000000
