atmos_pressure, temp_mean, rh_mean, vapor_pressure_mean, wspd_arith_mean, tbrg_precip_total_corr
1.000000,-0.479635,0.019792,-0.468101,-0.168463,0.050869
-0.479635,1.000000,-0.520707,0.928491,0.585910,0.087249
0.019792,-0.520707,1.000000,-0.243410,-0.405555,-0.078400
-0.468101,0.928491,-0.243410,1.000000,0.578758,0.070378
-0.168463,0.585910,-0.405555,0.578758,1.000000,0.213187
0.050869,0.087249,-0.078400,0.070378,0.213187,1.000000
