atmos_pressure, temp_mean, rh_mean, vapor_pressure_mean, wspd_arith_mean
1.000000,-0.541167,-0.039439,-0.484440,-0.132902
-0.541167,1.000000,-0.318363,0.839641,-0.043534
-0.039439,-0.318363,1.000000,0.179849,-0.198614
-0.484440,0.839641,0.179849,1.000000,-0.157063
-0.132902,-0.043534,-0.198614,-0.157063,1.000000
