atmos_pressure, temp_mean, rh_mean, vapor_pressure_mean, wspd_arith_mean
1.000000,-0.810492,-0.426351,-0.697291,-0.695769
-0.810492,1.000000,0.433088,0.745274,0.589153
-0.426351,0.433088,1.000000,0.916344,0.572595
-0.697291,0.745274,0.916344,1.000000,0.705807
-0.695769,0.589153,0.572595,0.705807,1.000000
