atmos_pressure, temp_mean, rh_mean, vapor_pressure_mean, wspd_arith_mean
1.000000,-0.922718,-0.494638,-0.827830,0.333664
-0.922718,1.000000,0.582428,0.922000,-0.298374
-0.494638,0.582428,1.000000,0.839516,-0.524169
-0.827830,0.922000,0.839516,1.000000,-0.396853
0.333664,-0.298374,-0.524169,-0.396853,1.000000
