atmos_pressure, temp_mean, rh_mean, vapor_pressure_mean, wspd_arith_mean
1.000000,-0.576948,-0.186182,-0.572741,-0.238544
-0.576948,1.000000,-0.237918,0.767216,0.369545
-0.186182,-0.237918,1.000000,0.370250,-0.122273
-0.572741,0.767216,0.370250,1.000000,0.321839
-0.238544,0.369545,-0.122273,0.321839,1.000000
