atmos_pressure, temp_mean, rh_mean, vapor_pressure_mean, wspd_arith_mean, tbrg_precip_total_corr
1.000000,-0.184869,-0.004770,-0.113653,-0.293715,-0.044973
-0.184869,1.000000,-0.948442,-0.876776,-0.441492,0.228736
-0.004770,-0.948442,1.000000,0.983855,0.458881,-0.242150
-0.113653,-0.876776,0.983855,1.000000,0.447205,-0.239330
-0.293715,-0.441492,0.458881,0.447205,1.000000,-0.190827
-0.044973,0.228736,-0.242150,-0.239330,-0.190827,1.000000
