atmos_pressure, temp_mean, rh_mean, vapor_pressure_mean, wspd_arith_mean
1.000000,-0.661376,-0.169488,-0.735654,-0.147775
-0.661376,1.000000,-0.302341,0.750925,0.175711
-0.169488,-0.302341,1.000000,0.323672,-0.047275
-0.735654,0.750925,0.323672,1.000000,0.161636
-0.147775,0.175711,-0.047275,0.161636,1.000000
