atmos_pressure, temp_mean, rh_mean, vapor_pressure_mean, wspd_arith_mean
1.000000,-0.340599,-0.169283,-0.435523,0.083245
-0.340599,1.000000,-0.326490,0.768609,-0.207253
-0.169283,-0.326490,1.000000,0.307410,-0.059358
-0.435523,0.768609,0.307410,1.000000,-0.250747
0.083245,-0.207253,-0.059358,-0.250747,1.000000
