atmos_pressure, temp_mean, rh_mean, vapor_pressure_mean, wspd_arith_mean, tbrg_precip_total_corr
1.000000,-0.182257,-0.825362,-0.782825,-0.183608,-0.102561
-0.182257,1.000000,-0.068638,0.524743,0.155182,0.072299
-0.825362,-0.068638,1.000000,0.800108,0.064923,0.102920
-0.782825,0.524743,0.800108,1.000000,0.111641,0.125937
-0.183608,0.155182,0.064923,0.111641,1.000000,0.077801
-0.102561,0.072299,0.102920,0.125937,0.077801,1.000000
