atmos_pressure, temp_mean, rh_mean, vapor_pressure_mean, wspd_arith_mean
1.000000,-0.388305,-0.484200,-0.969192,0.540481
-0.388305,1.000000,-0.603797,0.450284,-0.216673
-0.484200,-0.603797,1.000000,0.436014,-0.303784
-0.969192,0.450284,0.436014,1.000000,-0.576983
0.540481,-0.216673,-0.303784,-0.576983,1.000000
