atmos_pressure, temp_mean, rh_mean, vapor_pressure_mean, wspd_arith_mean
1.000000,-0.408956,-0.112522,-0.366873,-0.197996
-0.408956,1.000000,-0.116725,0.814080,-0.061643
-0.112522,-0.116725,1.000000,0.404396,-0.224275
-0.366873,0.814080,0.404396,1.000000,-0.180908
-0.197996,-0.061643,-0.224275,-0.180908,1.000000
