atmos_pressure, temp_mean, rh_mean, vapor_pressure_mean, wspd_arith_mean
1.000000,-0.597443,-0.065082,-0.422659,-0.280907
-0.597443,1.000000,-0.227791,0.436823,0.287635
-0.065082,-0.227791,1.000000,0.699401,-0.115752
-0.422659,0.436823,0.699401,1.000000,0.105118
-0.280907,0.287635,-0.115752,0.105118,1.000000
