atmos_pressure, temp_mean, rh_mean, vapor_pressure_mean, wspd_arith_mean
1.000000,0.960596,-0.937071,-0.909639,-0.170418
0.960596,1.000000,-0.987214,-0.965919,-0.058365
-0.937071,-0.987214,1.000000,0.994622,-0.037801
-0.909639,-0.965919,0.994622,1.000000,-0.090967
-0.170418,-0.058365,-0.037801,-0.090967,1.000000
