atmos_pressure, temp_mean, rh_mean, vapor_pressure_mean, wspd_arith_mean
1.000000,-0.736533,0.051845,-0.674866,-0.204978
-0.736533,1.000000,-0.450616,0.615274,0.212393
0.051845,-0.450616,1.000000,0.328288,-0.186801
-0.674866,0.615274,0.328288,1.000000,0.101575
-0.204978,0.212393,-0.186801,0.101575,1.000000
