atmos_pressure, temp_mean, rh_mean, vapor_pressure_mean, wspd_arith_mean, tbrg_precip_total_corr
1.000000,-0.508061,-0.012192,-0.500490,-0.353406,-0.092642
-0.508061,1.000000,-0.318727,0.805036,0.073825,0.014526
-0.012192,-0.318727,1.000000,0.256228,-0.151240,0.034224
-0.500490,0.805036,0.256228,1.000000,-0.018255,0.028564
-0.353406,0.073825,-0.151240,-0.018255,1.000000,0.026244
-0.092642,0.014526,0.034224,0.028564,0.026244,1.000000
