atmos_pressure, temp_mean, rh_mean, vapor_pressure_mean, wspd_arith_mean
1.000000,-0.811700,0.615945,-0.091936,-0.572161
-0.811700,1.000000,-0.951480,-0.348481,0.677969
0.615945,-0.951480,1.000000,0.580544,-0.667432
-0.091936,-0.348481,0.580544,1.000000,-0.468486
-0.572161,0.677969,-0.667432,-0.468486,1.000000
