atmos_pressure, temp_mean, rh_mean, vapor_pressure_mean, wspd_arith_mean, tbrg_precip_total_corr
1.000000,-0.126171,-0.252150,-0.135256,-0.146334,-0.189710
-0.126171,1.000000,-0.111773,0.966560,0.056639,0.112547
-0.252150,-0.111773,1.000000,0.068211,-0.157786,0.001430
-0.135256,0.966560,0.068211,1.000000,-0.007378,0.101835
-0.146334,0.056639,-0.157786,-0.007378,1.000000,0.217554
-0.189710,0.112547,0.001430,0.101835,0.217554,1.000000
