atmos_pressure, temp_mean, rh_mean, vapor_pressure_mean, wspd_arith_mean
1.000000,-0.458883,0.556428,0.635556,-0.576791
-0.458883,1.000000,-0.974749,-0.302627,0.541553
0.556428,-0.974749,1.000000,0.457598,-0.558664
0.635556,-0.302627,0.457598,1.000000,-0.313544
-0.576791,0.541553,-0.558664,-0.313544,1.000000
