atmos_pressure, temp_mean, rh_mean, vapor_pressure_mean, wspd_arith_mean
1.000000,-0.429128,-0.000985,-0.434236,-0.287425
-0.429128,1.000000,-0.387543,0.767561,0.167925
-0.000985,-0.387543,1.000000,0.241412,-0.179417
-0.434236,0.767561,0.241412,1.000000,0.072265
-0.287425,0.167925,-0.179417,0.072265,1.000000
