atmos_pressure, temp_mean, rh_mean, vapor_pressure_mean, wspd_arith_mean
1.000000,0.365588,-0.305431,0.170664,0.116227
0.365588,1.000000,-0.975257,0.370572,0.420446
-0.305431,-0.975257,1.000000,-0.208741,-0.357524
0.170664,0.370572,-0.208741,1.000000,0.310501
0.116227,0.420446,-0.357524,0.310501,1.000000
