atmos_pressure, temp_mean, rh_mean, vapor_pressure_mean, wspd_arith_mean
1.000000,-0.471588,-0.079402,-0.458937,-0.262860
-0.471588,1.000000,-0.379438,0.659322,0.253366
-0.079402,-0.379438,1.000000,0.379956,-0.169806
-0.458937,0.659322,0.379956,1.000000,0.121886
-0.262860,0.253366,-0.169806,0.121886,1.000000
