atmos_pressure, temp_mean, rh_mean, vapor_pressure_mean, wspd_arith_mean
1.000000,-0.252910,-0.027855,-0.235063,-0.247029
-0.252910,1.000000,-0.381184,0.847054,0.103189
-0.027855,-0.381184,1.000000,0.117405,-0.264958
-0.235063,0.847054,0.117405,1.000000,-0.021894
-0.247029,0.103189,-0.264958,-0.021894,1.000000
