atmos_pressure, temp_mean, rh_mean, vapor_pressure_mean, wspd_arith_mean
1.000000,-0.476188,0.045196,-0.439039,-0.356301
-0.476188,1.000000,-0.484934,0.712714,0.218549
0.045196,-0.484934,1.000000,0.178950,-0.153101
-0.439039,0.712714,0.178950,1.000000,0.129150
-0.356301,0.218549,-0.153101,0.129150,1.000000
