atmos_pressure, temp_mean, rh_mean, vapor_pressure_mean, wspd_arith_mean
1.000000,0.241886,-0.164898,0.332574,0.329607
0.241886,1.000000,-0.971137,0.961007,0.538387
-0.164898,-0.971137,1.000000,-0.869014,-0.478945
0.332574,0.961007,-0.869014,1.000000,0.561789
0.329607,0.538387,-0.478945,0.561789,1.000000
