atmos_pressure, temp_mean, rh_mean, vapor_pressure_mean, wspd_arith_mean
1.000000,-0.331101,-0.497889,-0.847749,-0.469619
-0.331101,1.000000,-0.490733,0.404000,0.695101
-0.497889,-0.490733,1.000000,0.595621,-0.015669
-0.847749,0.404000,0.595621,1.000000,0.636285
-0.469619,0.695101,-0.015669,0.636285,1.000000
