atmos_pressure, temp_mean, rh_mean, vapor_pressure_mean, wspd_arith_mean, tbrg_precip_total_corr
1.000000,-0.418832,0.193863,-0.400332,-0.403140,-0.040088
-0.418832,1.000000,-0.603908,0.766185,0.234405,0.017760
0.193863,-0.603908,1.000000,-0.002704,-0.312762,-0.052557
-0.400332,0.766185,-0.002704,1.000000,0.031995,-0.060854
-0.403140,0.234405,-0.312762,0.031995,1.000000,0.028148
-0.040088,0.017760,-0.052557,-0.060854,0.028148,1.000000
