atmos_pressure, temp_mean, rh_mean, vapor_pressure_mean, wspd_arith_mean
1.000000,-0.384197,-0.129043,-0.474471,-0.298359
-0.384197,1.000000,-0.348097,0.786351,0.214297
-0.129043,-0.348097,1.000000,0.245556,-0.185468
-0.474471,0.786351,0.245556,1.000000,0.117689
-0.298359,0.214297,-0.185468,0.117689,1.000000
