atmos_pressure, temp_mean, rh_mean, vapor_pressure_mean, wspd_arith_mean
1.000000,-0.455972,-0.051998,-0.499092,-0.313088
-0.455972,1.000000,-0.486758,0.642944,0.378076
-0.051998,-0.486758,1.000000,0.290748,-0.197638
-0.499092,0.642944,0.290748,1.000000,0.265773
-0.313088,0.378076,-0.197638,0.265773,1.000000
