atmos_pressure, temp_mean, rh_mean, vapor_pressure_mean, wspd_arith_mean, tbrg_precip_total_corr
1.000000,-0.206006,0.241879,0.151572,-0.260925,-0.148495
-0.206006,1.000000,-0.672646,0.309205,0.200247,0.030904
0.241879,-0.672646,1.000000,0.449032,-0.490242,-0.132594
0.151572,0.309205,0.449032,1.000000,-0.384656,-0.156514
-0.260925,0.200247,-0.490242,-0.384656,1.000000,0.180652
-0.148495,0.030904,-0.132594,-0.156514,0.180652,1.000000
