atmos_pressure, temp_mean, rh_mean, vapor_pressure_mean, wspd_arith_mean
1.000000,-0.468661,-0.072168,-0.452831,-0.355543
-0.468661,1.000000,-0.284971,0.767569,0.126041
-0.072168,-0.284971,1.000000,0.323212,-0.259346
-0.452831,0.767569,0.323212,1.000000,-0.012197
-0.355543,0.126041,-0.259346,-0.012197,1.000000
