atmos_pressure, temp_mean, rh_mean, vapor_pressure_mean, wspd_arith_mean
1.000000,-0.650807,-0.174367,-0.680111,-0.250772
-0.650807,1.000000,-0.310800,0.635716,0.362625
-0.174367,-0.310800,1.000000,0.477915,-0.214274
-0.680111,0.635716,0.477915,1.000000,0.194751
-0.250772,0.362625,-0.214274,0.194751,1.000000
