atmos_pressure, temp_mean, rh_mean, vapor_pressure_mean, wspd_arith_mean
1.000000,-0.422473,-0.007411,-0.393326,-0.246605
-0.422473,1.000000,-0.332714,0.796593,0.192786
-0.007411,-0.332714,1.000000,0.230805,-0.231873
-0.393326,0.796593,0.230805,1.000000,0.097177
-0.246605,0.192786,-0.231873,0.097177,1.000000
