atmos_pressure, temp_mean, rh_mean, vapor_pressure_mean, wspd_arith_mean
1.000000,-0.395672,-0.321491,-0.948553,0.439496
-0.395672,1.000000,-0.718676,0.564697,-0.294680
-0.321491,-0.718676,1.000000,0.164271,-0.000342
-0.948553,0.564697,0.164271,1.000000,-0.436481
0.439496,-0.294680,-0.000342,-0.436481,1.000000
