atmos_pressure, temp_mean, rh_mean, vapor_pressure_mean, wspd_arith_mean
1.000000,-0.611976,-0.111083,-0.679666,-0.198131
-0.611976,1.000000,-0.375879,0.781898,0.273153
-0.111083,-0.375879,1.000000,0.200899,-0.208541
-0.679666,0.781898,0.200899,1.000000,0.196251
-0.198131,0.273153,-0.208541,0.196251,1.000000
