atmos_pressure, temp_mean, rh_mean, vapor_pressure_mean, wspd_arith_mean
1.000000,-0.802545,0.054398,-0.912611,-0.844813
-0.802545,1.000000,-0.506044,0.863749,0.799713
0.054398,-0.506044,1.000000,-0.010176,-0.341007
-0.912611,0.863749,-0.010176,1.000000,0.720336
-0.844813,0.799713,-0.341007,0.720336,1.000000
