atmos_pressure, temp_mean, rh_mean, vapor_pressure_mean, wspd_arith_mean
1.000000,-0.552114,0.140748,-0.368321,-0.246620
-0.552114,1.000000,-0.540404,0.417068,0.390024
0.140748,-0.540404,1.000000,0.470719,-0.222147
-0.368321,0.417068,0.470719,1.000000,0.208942
-0.246620,0.390024,-0.222147,0.208942,1.000000
