atmos_pressure, temp_mean, rh_mean, vapor_pressure_mean, wspd_arith_mean
1.000000,-0.413104,0.022541,-0.344609,-0.334896
-0.413104,1.000000,-0.192930,0.805094,0.136967
0.022541,-0.192930,1.000000,0.360923,-0.302061
-0.344609,0.805094,0.360923,1.000000,-0.043703
-0.334896,0.136967,-0.302061,-0.043703,1.000000
