atmos_pressure, temp_mean, rh_mean, vapor_pressure_mean, wspd_arith_mean, tbrg_precip_total_corr
1.000000,-0.035594,-0.011619,-0.036854,-0.170986,-0.089892
-0.035594,1.000000,-0.423700,0.935313,-0.111884,0.064161
-0.011619,-0.423700,1.000000,-0.098216,-0.061867,-0.037109
-0.036854,0.935313,-0.098216,1.000000,-0.156233,0.045992
-0.170986,-0.111884,-0.061867,-0.156233,1.000000,0.294297
-0.089892,0.064161,-0.037109,0.045992,0.294297,1.000000
