atmos_pressure, temp_mean, rh_mean, vapor_pressure_mean, wspd_arith_mean
1.000000,-0.780754,-0.874220,-0.962533,0.652960
-0.780754,1.000000,0.440572,0.873481,-0.535817
-0.874220,0.440572,1.000000,0.819480,-0.707808
-0.962533,0.873481,0.819480,1.000000,-0.720742
0.652960,-0.535817,-0.707808,-0.720742,1.000000
