atmos_pressure, temp_mean, rh_mean, vapor_pressure_mean, wspd_arith_mean
1.000000,-0.804140,0.738706,0.650508,-0.760485
-0.804140,1.000000,-0.950252,-0.519090,0.917214
0.738706,-0.950252,1.000000,0.676932,-0.906028
0.650508,-0.519090,0.676932,1.000000,-0.540341
-0.760485,0.917214,-0.906028,-0.540341,1.000000
