atmos_pressure, temp_mean, rh_mean, vapor_pressure_mean, wspd_arith_mean
1.000000,-0.182626,-0.026700,-0.168578,-0.025772
-0.182626,1.000000,-0.264326,0.830032,0.125754
-0.026700,-0.264326,1.000000,0.270239,-0.295516
-0.168578,0.830032,0.270239,1.000000,-0.030850
-0.025772,0.125754,-0.295516,-0.030850,1.000000
