atmos_pressure, temp_mean, rh_mean, vapor_pressure_mean, wspd_arith_mean
1.000000,-0.299627,0.077176,-0.292935,-0.311905
-0.299627,1.000000,-0.590518,0.646529,0.141407
0.077176,-0.590518,1.000000,0.183817,-0.255361
-0.292935,0.646529,0.183817,1.000000,-0.032634
-0.311905,0.141407,-0.255361,-0.032634,1.000000
