atmos_pressure, temp_mean, rh_mean, vapor_pressure_mean, wspd_arith_mean
1.000000,-0.511725,-0.077288,-0.528463,-0.185487
-0.511725,1.000000,-0.448722,0.751787,0.342741
-0.077288,-0.448722,1.000000,0.191690,-0.247511
-0.528463,0.751787,0.191690,1.000000,0.244270
-0.185487,0.342741,-0.247511,0.244270,1.000000
