atmos_pressure, temp_mean, rh_mean, vapor_pressure_mean, wspd_arith_mean
1.000000,-0.517183,0.051807,-0.514010,-0.232806
-0.517183,1.000000,-0.534994,0.754159,0.191052
0.051807,-0.534994,1.000000,0.084943,-0.353491
-0.514010,0.754159,0.084943,1.000000,0.002773
-0.232806,0.191052,-0.353491,0.002773,1.000000
