atmos_pressure, temp_mean, rh_mean, vapor_pressure_mean, wspd_arith_mean
1.000000,-0.603149,-0.136104,-0.641330,-0.142673
-0.603149,1.000000,-0.316285,0.672610,0.230078
-0.136104,-0.316285,1.000000,0.404691,-0.265139
-0.641330,0.672610,0.404691,1.000000,0.106579
-0.142673,0.230078,-0.265139,0.106579,1.000000
