atmos_pressure, temp_mean, rh_mean, vapor_pressure_mean, wspd_arith_mean
1.000000,0.255205,-0.182834,-0.007440,-0.461309
0.255205,1.000000,-0.968775,-0.400184,0.349282
-0.182834,-0.968775,1.000000,0.534340,-0.432029
-0.007440,-0.400184,0.534340,1.000000,-0.309001
-0.461309,0.349282,-0.432029,-0.309001,1.000000
