atmos_pressure, temp_mean, rh_mean, vapor_pressure_mean, wspd_arith_mean
1.000000,-0.711942,-0.060987,-0.546681,-0.186457
-0.711942,1.000000,0.009366,0.831154,0.199174
-0.060987,0.009366,1.000000,0.503508,-0.276386
-0.546681,0.831154,0.503508,1.000000,0.039735
-0.186457,0.199174,-0.276386,0.039735,1.000000
