atmos_pressure, temp_mean, rh_mean, vapor_pressure_mean, wspd_arith_mean
1.000000,-0.786688,0.482184,-0.846139,-0.792493
-0.786688,1.000000,-0.904192,0.592115,0.905076
0.482184,-0.904192,1.000000,-0.207640,-0.797143
-0.846139,0.592115,-0.207640,1.000000,0.526981
-0.792493,0.905076,-0.797143,0.526981,1.000000
