atmos_pressure, temp_mean, rh_mean, vapor_pressure_mean, wspd_arith_mean
1.000000,-0.571214,0.014024,-0.566245,-0.188158
-0.571214,1.000000,-0.427541,0.802114,0.142540
0.014024,-0.427541,1.000000,0.123562,-0.338402
-0.566245,0.802114,0.123562,1.000000,-0.016514
-0.188158,0.142540,-0.338402,-0.016514,1.000000
