atmos_pressure, temp_mean, rh_mean, vapor_pressure_mean, wspd_arith_mean
1.000000,-0.552352,0.088378,-0.501025,-0.253756
-0.552352,1.000000,-0.529567,0.675018,0.440596
0.088378,-0.529567,1.000000,0.221650,-0.343269
-0.501025,0.675018,0.221650,1.000000,0.224770
-0.253756,0.440596,-0.343269,0.224770,1.000000
