atmos_pressure, temp_mean, rh_mean, vapor_pressure_mean, wspd_arith_mean
1.000000,-0.893361,0.235682,-0.880474,-0.546309
-0.893361,1.000000,-0.562934,0.751403,0.472752
0.235682,-0.562934,1.000000,0.121081,0.196789
-0.880474,0.751403,0.121081,1.000000,0.722864
-0.546309,0.472752,0.196789,0.722864,1.000000
