atmos_pressure, temp_mean, rh_mean, vapor_pressure_mean, wspd_arith_mean
1.000000,-0.668889,-0.066070,-0.702804,-0.219015
-0.668889,1.000000,-0.431458,0.641442,0.370178
-0.066070,-0.431458,1.000000,0.351341,-0.343833
-0.702804,0.641442,0.351341,1.000000,0.136603
-0.219015,0.370178,-0.343833,0.136603,1.000000
