atmos_pressure, temp_mean, rh_mean, vapor_pressure_mean, wspd_arith_mean
1.000000,-0.776402,0.680237,-0.249515,-0.797058
-0.776402,1.000000,-0.964823,0.195134,0.857173
0.680237,-0.964823,1.000000,0.043558,-0.761990
-0.249515,0.195134,0.043558,1.000000,0.377091
-0.797058,0.857173,-0.761990,0.377091,1.000000
