atmos_pressure, temp_mean, rh_mean, vapor_pressure_mean, wspd_arith_mean
1.000000,-0.387435,0.029999,-0.415408,-0.294498
-0.387435,1.000000,-0.440326,0.776469,0.206334
0.029999,-0.440326,1.000000,0.164973,-0.418955
-0.415408,0.776469,0.164973,1.000000,-0.037136
-0.294498,0.206334,-0.418955,-0.037136,1.000000
