atmos_pressure, temp_mean, rh_mean, vapor_pressure_mean, wspd_arith_mean
1.000000,-0.711893,0.580939,0.146883,-0.389430
-0.711893,1.000000,-0.955161,0.009564,0.714515
0.580939,-0.955161,1.000000,0.194508,-0.745479
0.146883,0.009564,0.194508,1.000000,-0.140879
-0.389430,0.714515,-0.745479,-0.140879,1.000000
