atmos_pressure, temp_mean, rh_mean, vapor_pressure_mean, wspd_arith_mean
1.000000,0.006462,-0.217502,-0.483136,0.278003
0.006462,1.000000,-0.909520,-0.483026,0.063373
-0.217502,-0.909520,1.000000,0.794389,-0.221527
-0.483136,-0.483026,0.794389,1.000000,-0.390675
0.278003,0.063373,-0.221527,-0.390675,1.000000
