atmos_pressure, temp_mean, rh_mean, vapor_pressure_mean, wspd_arith_mean
1.000000,-0.047063,0.109358,0.733552,-0.367932
-0.047063,1.000000,-0.991293,0.129651,0.788804
0.109358,-0.991293,1.000000,-0.061428,-0.806612
0.733552,0.129651,-0.061428,1.000000,-0.255227
-0.367932,0.788804,-0.806612,-0.255227,1.000000
