atmos_pressure, temp_mean, rh_mean, vapor_pressure_mean, wspd_arith_mean
1.000000,-0.454462,-0.117958,-0.416302,-0.328359
-0.454462,1.000000,-0.182329,0.765042,0.296460
-0.117958,-0.182329,1.000000,0.447732,-0.138924
-0.416302,0.765042,0.447732,1.000000,0.199844
-0.328359,0.296460,-0.138924,0.199844,1.000000
