atmos_pressure, temp_mean, rh_mean, vapor_pressure_mean, wspd_arith_mean
1.000000,-0.456836,-0.069767,-0.394994,-0.291897
-0.456836,1.000000,-0.080791,0.841795,0.057805
-0.069767,-0.080791,1.000000,0.402353,-0.308103
-0.394994,0.841795,0.402353,1.000000,-0.112400
-0.291897,0.057805,-0.308103,-0.112400,1.000000
