atmos_pressure, temp_mean, rh_mean, vapor_pressure_mean, wspd_arith_mean
1.000000,-0.420428,-0.314206,-0.529471,-0.245232
-0.420428,1.000000,-0.246237,0.725931,0.337050
-0.314206,-0.246237,1.000000,0.415908,-0.096269
-0.529471,0.725931,0.415908,1.000000,0.291551
-0.245232,0.337050,-0.096269,0.291551,1.000000
