atmos_pressure, temp_mean, rh_mean, vapor_pressure_mean, wspd_arith_mean, tbrg_precip_total_corr
1.000000,0.062423,-0.814882,-0.748483,-0.272072,-0.127041
0.062423,1.000000,-0.400689,0.341042,0.240862,0.108003
-0.814882,-0.400689,1.000000,0.709260,0.032276,0.162699
-0.748483,0.341042,0.709260,1.000000,0.175094,0.253835
-0.272072,0.240862,0.032276,0.175094,1.000000,0.141412
-0.127041,0.108003,0.162699,0.253835,0.141412,1.000000
