atmos_pressure, temp_mean, rh_mean, vapor_pressure_mean, wspd_arith_mean
1.000000,-0.769025,0.638561,-0.732538,-0.492575
-0.769025,1.000000,-0.972153,0.622305,0.767788
0.638561,-0.972153,1.000000,-0.450340,-0.766602
-0.732538,0.622305,-0.450340,1.000000,0.509760
-0.492575,0.767788,-0.766602,0.509760,1.000000
