atmos_pressure, temp_mean, rh_mean, vapor_pressure_mean, wspd_arith_mean
1.000000,-0.554211,-0.135079,-0.606741,-0.307482
-0.554211,1.000000,-0.402313,0.695594,0.389010
-0.135079,-0.402313,1.000000,0.304698,-0.115888
-0.606741,0.695594,0.304698,1.000000,0.317938
-0.307482,0.389010,-0.115888,0.317938,1.000000
