atmos_pressure, temp_mean, rh_mean, vapor_pressure_mean, wspd_arith_mean
1.000000,-0.556063,-0.145829,-0.556895,-0.214337
-0.556063,1.000000,-0.304027,0.748555,0.439482
-0.145829,-0.304027,1.000000,0.338201,-0.201834
-0.556895,0.748555,0.338201,1.000000,0.364598
-0.214337,0.439482,-0.201834,0.364598,1.000000
