atmos_pressure, temp_mean, rh_mean, vapor_pressure_mean, wspd_arith_mean
1.000000,-0.429016,-0.002556,-0.386310,-0.209884
-0.429016,1.000000,-0.476832,0.777996,0.089622
-0.002556,-0.476832,1.000000,0.123425,-0.190567
-0.386310,0.777996,0.123425,1.000000,-0.022862
-0.209884,0.089622,-0.190567,-0.022862,1.000000
