atmos_pressure, temp_mean, rh_mean, vapor_pressure_mean, wspd_arith_mean
1.000000,-0.440143,-0.128764,-0.443938,-0.188835
-0.440143,1.000000,-0.147167,0.857109,0.054945
-0.128764,-0.147167,1.000000,0.331974,-0.269921
-0.443938,0.857109,0.331974,1.000000,-0.088316
-0.188835,0.054945,-0.269921,-0.088316,1.000000
