atmos_pressure, temp_mean, rh_mean, vapor_pressure_mean, wspd_arith_mean, tbrg_precip_total_corr
1.000000,-0.127890,0.175967,-0.007012,-0.543049,-0.114003
-0.127890,1.000000,-0.651303,0.844301,0.171512,-0.256288
0.175967,-0.651303,1.000000,-0.185411,-0.296444,0.332229
-0.007012,0.844301,-0.185411,1.000000,-0.010987,-0.188459
-0.543049,0.171512,-0.296444,-0.010987,1.000000,-0.013364
-0.114003,-0.256288,0.332229,-0.188459,-0.013364,1.000000
