atmos_pressure, temp_mean, rh_mean, vapor_pressure_mean, wspd_arith_mean
1.000000,0.476676,-0.586555,-0.561070,-0.121865
0.476676,1.000000,-0.913841,-0.581454,0.293917
-0.586555,-0.913841,1.000000,0.858856,-0.117292
-0.561070,-0.581454,0.858856,1.000000,0.175274
-0.121865,0.293917,-0.117292,0.175274,1.000000
