atmos_pressure, temp_mean, rh_mean, vapor_pressure_mean, wspd_arith_mean
1.000000,-0.861812,0.614795,-0.825160,-0.213460
-0.861812,1.000000,-0.868086,0.826293,-0.039226
0.614795,-0.868086,1.000000,-0.450588,-0.078408
-0.825160,0.826293,-0.450588,1.000000,-0.174796
-0.213460,-0.039226,-0.078408,-0.174796,1.000000
