atmos_pressure, temp_mean, rh_mean, vapor_pressure_mean, wspd_arith_mean
1.000000,-0.428377,0.057932,-0.454824,-0.321138
-0.428377,1.000000,-0.560332,0.642902,0.291389
0.057932,-0.560332,1.000000,0.201262,-0.318653
-0.454824,0.642902,0.201262,1.000000,0.114721
-0.321138,0.291389,-0.318653,0.114721,1.000000
