atmos_pressure, temp_mean, rh_mean, vapor_pressure_mean, wspd_arith_mean
1.000000,-0.485567,-0.187516,-0.592450,-0.168529
-0.485567,1.000000,-0.447688,0.641523,0.427834
-0.187516,-0.447688,1.000000,0.334435,-0.343335
-0.592450,0.641523,0.334435,1.000000,0.224573
-0.168529,0.427834,-0.343335,0.224573,1.000000
