atmos_pressure, temp_mean, rh_mean, vapor_pressure_mean, wspd_arith_mean, tbrg_precip_total_corr
1.000000,-0.699999,0.757074,0.732178,-0.246398,nan
-0.699999,1.000000,-0.980380,-0.603602,0.422223,nan
0.757074,-0.980380,1.000000,0.747418,-0.426648,nan
0.732178,-0.603602,0.747418,1.000000,-0.255520,nan
-0.246398,0.422223,-0.426648,-0.255520,1.000000,nan
nan,nan,nan,nan,nan,nan
