atmos_pressure, temp_mean, rh_mean, vapor_pressure_mean, wspd_arith_mean, tbrg_precip_total_corr
1.000000,-0.574229,0.361622,-0.561746,0.697848,nan
-0.574229,1.000000,-0.861069,0.770939,-0.398195,nan
0.361622,-0.861069,1.000000,-0.346673,0.318936,nan
-0.561746,0.770939,-0.346673,1.000000,-0.276486,nan
0.697848,-0.398195,0.318936,-0.276486,1.000000,nan
nan,nan,nan,nan,nan,nan
