atmos_pressure, temp_mean, rh_mean, vapor_pressure_mean, wspd_arith_mean
1.000000,-0.696962,0.675332,-0.388927,-0.730469
-0.696962,1.000000,-0.975120,0.679267,0.921479
0.675332,-0.975120,1.000000,-0.508495,-0.912335
-0.388927,0.679267,-0.508495,1.000000,0.553485
-0.730469,0.921479,-0.912335,0.553485,1.000000
