atmos_pressure, temp_mean, rh_mean, vapor_pressure_mean, wspd_arith_mean, tbrg_precip_total_corr
1.000000,-0.307906,0.370411,-0.020501,-0.619604,-0.076806
-0.307906,1.000000,-0.568660,0.655132,0.167111,0.260646
0.370411,-0.568660,1.000000,0.208765,-0.484627,-0.212062
-0.020501,0.655132,0.208765,1.000000,-0.211597,0.089677
-0.619604,0.167111,-0.484627,-0.211597,1.000000,0.226192
-0.076806,0.260646,-0.212062,0.089677,0.226192,1.000000
