atmos_pressure, temp_mean, rh_mean, vapor_pressure_mean, wspd_arith_mean, tbrg_precip_total_corr
1.000000,-0.566395,-0.269771,-0.776451,-0.201147,nan
-0.566395,1.000000,-0.437895,0.913282,-0.263595,nan
-0.269771,-0.437895,1.000000,-0.096954,0.675422,nan
-0.776451,0.913282,-0.096954,1.000000,0.002806,nan
-0.201147,-0.263595,0.675422,0.002806,1.000000,nan
nan,nan,nan,nan,nan,nan
