atmos_pressure, temp_mean, rh_mean, vapor_pressure_mean, wspd_arith_mean, tbrg_precip_total_corr
1.000000,-0.562943,0.053599,-0.473593,-0.509152,-0.116842
-0.562943,1.000000,-0.331526,0.726723,0.414277,0.277889
0.053599,-0.331526,1.000000,0.346331,-0.471522,-0.162364
-0.473593,0.726723,0.346331,1.000000,0.052640,0.192762
-0.509152,0.414277,-0.471522,0.052640,1.000000,0.130114
-0.116842,0.277889,-0.162364,0.192762,0.130114,1.000000
