atmos_pressure, temp_mean, rh_mean, vapor_pressure_mean, wspd_arith_mean, tbrg_precip_total_corr
1.000000,-0.326324,-0.214125,-0.519344,-0.422223,-0.124784
-0.326324,1.000000,-0.403514,0.734651,0.215558,0.032333
-0.214125,-0.403514,1.000000,0.259644,-0.145483,0.082002
-0.519344,0.734651,0.259644,1.000000,0.131569,0.082131
-0.422223,0.215558,-0.145483,0.131569,1.000000,-0.129803
-0.124784,0.032333,0.082002,0.082131,-0.129803,1.000000
