atmos_pressure, temp_mean, rh_mean, vapor_pressure_mean, wspd_arith_mean, tbrg_precip_total_corr
1.000000,-0.964642,0.843473,-0.980312,-0.226991,-0.636945
-0.964642,1.000000,-0.950372,0.922523,0.314171,0.623021
0.843473,-0.950372,1.000000,-0.756760,-0.406937,-0.552194
-0.980312,0.922523,-0.756760,1.000000,0.155894,0.625361
-0.226991,0.314171,-0.406937,0.155894,1.000000,0.455624
-0.636945,0.623021,-0.552194,0.625361,0.455624,1.000000
