atmos_pressure, temp_mean, rh_mean, vapor_pressure_mean, wspd_arith_mean, tbrg_precip_total_corr
1.000000,-0.106226,-0.223962,-0.208237,-0.455757,-0.100637
-0.106226,1.000000,0.174766,0.921819,0.054803,0.314099
-0.223962,0.174766,1.000000,0.518241,0.301759,0.056430
-0.208237,0.921819,0.518241,1.000000,0.205373,0.311092
-0.455757,0.054803,0.301759,0.205373,1.000000,0.031012
-0.100637,0.314099,0.056430,0.311092,0.031012,1.000000
