atmos_pressure, temp_mean, rh_mean, vapor_pressure_mean, wspd_arith_mean, tbrg_precip_total_corr
1.000000,-0.804339,-0.342359,-0.790652,-0.326239,0.079269
-0.804339,1.000000,0.171218,0.901847,0.389071,-0.119384
-0.342359,0.171218,1.000000,0.522782,-0.241163,0.022838
-0.790652,0.901847,0.522782,1.000000,0.347594,-0.095053
-0.326239,0.389071,-0.241163,0.347594,1.000000,-0.096223
0.079269,-0.119384,0.022838,-0.095053,-0.096223,1.000000
