atmos_pressure, temp_mean, rh_mean, vapor_pressure_mean, wspd_arith_mean, tbrg_precip_total_corr
1.000000,-0.325597,0.258456,-0.229094,-0.389864,-0.069035
-0.325597,1.000000,-0.575397,0.808553,0.318196,0.164249
0.258456,-0.575397,1.000000,-0.030486,-0.330261,-0.079182
-0.229094,0.808553,-0.030486,1.000000,0.124720,0.134663
-0.389864,0.318196,-0.330261,0.124720,1.000000,0.098969
-0.069035,0.164249,-0.079182,0.134663,0.098969,1.000000
