atmos_pressure, temp_mean, rh_mean, vapor_pressure_mean, wspd_arith_mean, tbrg_precip_total_corr
1.000000,-0.839936,-0.681612,-0.845371,-0.778986,nan
-0.839936,1.000000,0.618196,0.903148,0.874812,nan
-0.681612,0.618196,1.000000,0.838827,0.626592,nan
-0.845371,0.903148,0.838827,1.000000,0.889120,nan
-0.778986,0.874812,0.626592,0.889120,1.000000,nan
nan,nan,nan,nan,nan,nan
