atmos_pressure, temp_mean, rh_mean, vapor_pressure_mean, wspd_arith_mean
1.000000,-0.767136,0.598556,-0.905276,-0.412666
-0.767136,1.000000,-0.959722,0.906835,0.205527
0.598556,-0.959722,1.000000,-0.752830,-0.197406
-0.905276,0.906835,-0.752830,1.000000,0.200195
-0.412666,0.205527,-0.197406,0.200195,1.000000
