atmos_pressure, temp_mean, rh_mean, vapor_pressure_mean, wspd_arith_mean
1.000000,-0.428208,-0.067468,-0.396641,-0.283180
-0.428208,1.000000,-0.340735,0.778176,0.227484
-0.067468,-0.340735,1.000000,0.246315,-0.374076
-0.396641,0.778176,0.246315,1.000000,0.015394
-0.283180,0.227484,-0.374076,0.015394,1.000000
