atmos_pressure, temp_mean, rh_mean, vapor_pressure_mean, wspd_arith_mean, tbrg_precip_total_corr
1.000000,0.122054,-0.968802,-0.596628,0.291934,nan
0.122054,1.000000,0.127737,0.723697,-0.913656,nan
-0.968802,0.127737,1.000000,0.776908,-0.519867,nan
-0.596628,0.723697,0.776908,1.000000,-0.941735,nan
0.291934,-0.913656,-0.519867,-0.941735,1.000000,nan
nan,nan,nan,nan,nan,nan
