atmos_pressure, temp_mean, rh_mean, vapor_pressure_mean, wspd_arith_mean, tbrg_precip_total_corr
1.000000,0.386083,-0.563980,0.169080,0.167034,0.041917
0.386083,1.000000,-0.589825,0.851541,0.704399,0.132326
-0.563980,-0.589825,1.000000,-0.098681,-0.313734,-0.184894
0.169080,0.851541,-0.098681,1.000000,0.674829,0.034608
0.167034,0.704399,-0.313734,0.674829,1.000000,0.071621
0.041917,0.132326,-0.184894,0.034608,0.071621,1.000000
