atmos_pressure, temp_mean, rh_mean, vapor_pressure_mean, wspd_arith_mean, tbrg_precip_total_corr
1.000000,0.225418,0.091715,0.261282,-0.291047,0.102396
0.225418,1.000000,-0.306717,0.923071,-0.240664,0.141891
0.091715,-0.306717,1.000000,0.013028,-0.145618,-0.207977
0.261282,0.923071,0.013028,1.000000,-0.268527,0.109119
-0.291047,-0.240664,-0.145618,-0.268527,1.000000,0.207527
0.102396,0.141891,-0.207977,0.109119,0.207527,1.000000
