atmos_pressure, temp_mean, rh_mean, vapor_pressure_mean, wspd_arith_mean, tbrg_precip_total_corr
1.000000,-0.739456,-0.191701,-0.805350,-0.409882,0.061265
-0.739456,1.000000,-0.248676,0.830124,0.756063,-0.068675
-0.191701,-0.248676,1.000000,0.295294,-0.297877,-0.065349
-0.805350,0.830124,0.295294,1.000000,0.557011,-0.116235
-0.409882,0.756063,-0.297877,0.557011,1.000000,-0.076354
0.061265,-0.068675,-0.065349,-0.116235,-0.076354,1.000000
