atmos_pressure, temp_mean, rh_mean, vapor_pressure_mean, wspd_arith_mean
1.000000,-0.540151,0.040030,-0.605039,-0.312089
-0.540151,1.000000,-0.646563,0.606003,0.456725
0.040030,-0.646563,1.000000,0.157245,-0.387851
-0.605039,0.606003,0.157245,1.000000,0.221300
-0.312089,0.456725,-0.387851,0.221300,1.000000
