atmos_pressure, temp_mean, rh_mean, vapor_pressure_mean, wspd_arith_mean
1.000000,-0.363789,-0.200972,-0.514572,-0.322312
-0.363789,1.000000,-0.486340,0.681614,0.352513
-0.200972,-0.486340,1.000000,0.247844,-0.179564
-0.514572,0.681614,0.247844,1.000000,0.244511
-0.322312,0.352513,-0.179564,0.244511,1.000000
