atmos_pressure, temp_mean, rh_mean, vapor_pressure_mean, wspd_arith_mean
1.000000,-0.692066,0.451006,-0.461917,0.782923
-0.692066,1.000000,-0.884316,0.037055,-0.678928
0.451006,-0.884316,1.000000,0.389785,0.566269
-0.461917,0.037055,0.389785,1.000000,-0.125599
0.782923,-0.678928,0.566269,-0.125599,1.000000
