atmos_pressure, temp_mean, rh_mean, vapor_pressure_mean, wspd_arith_mean, tbrg_precip_total_corr
1.000000,0.065393,0.047008,0.165708,0.016314,0.108078
0.065393,1.000000,-0.659505,0.669572,0.248538,0.208614
0.047008,-0.659505,1.000000,0.097260,-0.250116,-0.120744
0.165708,0.669572,0.097260,1.000000,0.134971,0.173348
0.016314,0.248538,-0.250116,0.134971,1.000000,0.051201
0.108078,0.208614,-0.120744,0.173348,0.051201,1.000000
