atmos_pressure, temp_mean, rh_mean, vapor_pressure_mean, wspd_arith_mean, tbrg_precip_total_corr
1.000000,-0.818718,0.114502,-0.854374,-0.611554,0.000375
-0.818718,1.000000,-0.422333,0.843713,0.589848,-0.019255
0.114502,-0.422333,1.000000,0.106104,0.135736,-0.124809
-0.854374,0.843713,0.106104,1.000000,0.699549,-0.080555
-0.611554,0.589848,0.135736,0.699549,1.000000,-0.005040
0.000375,-0.019255,-0.124809,-0.080555,-0.005040,1.000000
