atmos_pressure, temp_mean, rh_mean, vapor_pressure_mean, wspd_arith_mean
1.000000,-0.760701,0.810703,0.693599,-0.183938
-0.760701,1.000000,-0.952976,-0.616785,0.168052
0.810703,-0.952976,1.000000,0.825088,-0.236254
0.693599,-0.616785,0.825088,1.000000,-0.284370
-0.183938,0.168052,-0.236254,-0.284370,1.000000
