atmos_pressure, temp_mean, rh_mean, vapor_pressure_mean, wspd_arith_mean, tbrg_precip_total_corr
1.000000,-0.120409,0.172510,-0.022618,-0.375664,-0.041716
-0.120409,1.000000,-0.056101,0.930370,0.104808,0.238470
0.172510,-0.056101,1.000000,0.245539,-0.211188,-0.129700
-0.022618,0.930370,0.245539,1.000000,0.037722,0.206788
-0.375664,0.104808,-0.211188,0.037722,1.000000,0.339350
-0.041716,0.238470,-0.129700,0.206788,0.339350,1.000000
