atmos_pressure, temp_mean, rh_mean, vapor_pressure_mean, wspd_arith_mean
1.000000,-0.241654,0.269082,-0.025953,-0.118607
-0.241654,1.000000,-0.878350,0.653693,0.831987
0.269082,-0.878350,1.000000,-0.222332,-0.589115
-0.025953,0.653693,-0.222332,1.000000,0.784381
-0.118607,0.831987,-0.589115,0.784381,1.000000
