atmos_pressure, temp_mean, rh_mean, vapor_pressure_mean, wspd_arith_mean
1.000000,-0.553491,-0.321913,-0.761830,-0.323778
-0.553491,1.000000,-0.426740,0.878992,0.236328
-0.321913,-0.426740,1.000000,0.019905,0.024250
-0.761830,0.878992,0.019905,1.000000,0.265067
-0.323778,0.236328,0.024250,0.265067,1.000000
