atmos_pressure, temp_mean, rh_mean, vapor_pressure_mean, wspd_arith_mean
1.000000,-0.460949,-0.016899,-0.388420,-0.400011
-0.460949,1.000000,-0.293258,0.853774,0.141195
-0.016899,-0.293258,1.000000,0.166435,-0.274623
-0.388420,0.853774,0.166435,1.000000,-0.011373
-0.400011,0.141195,-0.274623,-0.011373,1.000000
