atmos_pressure, temp_mean, rh_mean, vapor_pressure_mean, wspd_arith_mean
1.000000,-0.024595,0.173767,0.441436,-0.398260
-0.024595,1.000000,-0.971273,0.675645,0.513336
0.173767,-0.971273,1.000000,-0.489935,-0.574160
0.441436,0.675645,-0.489935,1.000000,0.158973
-0.398260,0.513336,-0.574160,0.158973,1.000000
