atmos_pressure, temp_mean, rh_mean, vapor_pressure_mean, wspd_arith_mean
1.000000,-0.444297,-0.160069,-0.579811,-0.247593
-0.444297,1.000000,-0.473759,0.729914,0.339109
-0.160069,-0.473759,1.000000,0.178207,-0.179689
-0.579811,0.729914,0.178207,1.000000,0.266069
-0.247593,0.339109,-0.179689,0.266069,1.000000
