atmos_pressure, temp_mean, rh_mean, vapor_pressure_mean, wspd_arith_mean
1.000000,-0.326967,0.096881,-0.203165,-0.402509
-0.326967,1.000000,-0.253896,0.851737,0.077955
0.096881,-0.253896,1.000000,0.210200,-0.308991
-0.203165,0.851737,0.210200,1.000000,-0.088323
-0.402509,0.077955,-0.308991,-0.088323,1.000000
