atmos_pressure, temp_mean, rh_mean, vapor_pressure_mean, wspd_arith_mean
1.000000,-0.632450,0.483151,-0.651231,-0.503061
-0.632450,1.000000,-0.938284,0.538882,0.859388
0.483151,-0.938284,1.000000,-0.231823,-0.842937
-0.651231,0.538882,-0.231823,1.000000,0.326766
-0.503061,0.859388,-0.842937,0.326766,1.000000
