atmos_pressure, temp_mean, rh_mean, vapor_pressure_mean, wspd_arith_mean
1.000000,-0.329159,-0.141911,-0.350262,-0.346317
-0.329159,1.000000,-0.245902,0.833409,0.125869
-0.141911,-0.245902,1.000000,0.266067,-0.216598
-0.350262,0.833409,0.266067,1.000000,0.014204
-0.346317,0.125869,-0.216598,0.014204,1.000000
