atmos_pressure, temp_mean, rh_mean, vapor_pressure_mean, wspd_arith_mean
1.000000,-0.604936,-0.172725,-0.623660,-0.246449
-0.604936,1.000000,-0.306153,0.818606,0.338625
-0.172725,-0.306153,1.000000,0.208416,-0.143235
-0.623660,0.818606,0.208416,1.000000,0.301647
-0.246449,0.338625,-0.143235,0.301647,1.000000
