atmos_pressure, temp_mean, rh_mean, vapor_pressure_mean, wspd_arith_mean
1.000000,-0.531873,-0.046532,-0.519939,-0.366580
-0.531873,1.000000,-0.345224,0.806460,0.420374
-0.046532,-0.345224,1.000000,0.208237,-0.195437
-0.519939,0.806460,0.208237,1.000000,0.342635
-0.366580,0.420374,-0.195437,0.342635,1.000000
