atmos_pressure, temp_mean, rh_mean, vapor_pressure_mean, wspd_arith_mean
1.000000,-0.687678,0.655072,-0.270830,-0.615306
-0.687678,1.000000,-0.977975,0.633415,0.623380
0.655072,-0.977975,1.000000,-0.483089,-0.634416
-0.270830,0.633415,-0.483089,1.000000,0.250284
-0.615306,0.623380,-0.634416,0.250284,1.000000
