atmos_pressure, temp_mean, rh_mean, vapor_pressure_mean, wspd_arith_mean, tbrg_precip_total_corr
1.000000,-0.243990,-0.323610,-0.248841,-0.156316,-0.019915
-0.243990,1.000000,0.158836,0.964740,0.247818,0.084998
-0.323610,0.158836,1.000000,0.361393,-0.088477,-0.042202
-0.248841,0.964740,0.361393,1.000000,0.163123,0.071117
-0.156316,0.247818,-0.088477,0.163123,1.000000,0.237022
-0.019915,0.084998,-0.042202,0.071117,0.237022,1.000000
