atmos_pressure, temp_mean, rh_mean, vapor_pressure_mean, wspd_arith_mean
1.000000,-0.387956,-0.083129,-0.355280,-0.386191
-0.387956,1.000000,-0.167651,0.875519,-0.004124
-0.083129,-0.167651,1.000000,0.236593,-0.271196
-0.355280,0.875519,0.236593,1.000000,-0.107839
-0.386191,-0.004124,-0.271196,-0.107839,1.000000
