atmos_pressure, temp_mean, rh_mean, vapor_pressure_mean, wspd_arith_mean
1.000000,-0.543267,-0.264680,-0.692077,-0.353151
-0.543267,1.000000,-0.346283,0.767733,0.313268
-0.264680,-0.346283,1.000000,0.261603,-0.108369
-0.692077,0.767733,0.261603,1.000000,0.276789
-0.353151,0.313268,-0.108369,0.276789,1.000000
