atmos_pressure, temp_mean, rh_mean, vapor_pressure_mean, wspd_arith_mean
1.000000,-0.377716,-0.114153,-0.388596,-0.304964
-0.377716,1.000000,-0.268373,0.860072,0.137798
-0.114153,-0.268373,1.000000,0.201063,-0.271342
-0.388596,0.860072,0.201063,1.000000,-0.004073
-0.304964,0.137798,-0.271342,-0.004073,1.000000
