atmos_pressure, temp_mean, rh_mean, vapor_pressure_mean, wspd_arith_mean
1.000000,-0.489580,-0.052509,-0.419778,-0.362047
-0.489580,1.000000,-0.254657,0.841351,0.268260
-0.052509,-0.254657,1.000000,0.215644,-0.235695
-0.419778,0.841351,0.215644,1.000000,0.158770
-0.362047,0.268260,-0.235695,0.158770,1.000000
