atmos_pressure, temp_mean, rh_mean, vapor_pressure_mean, wspd_arith_mean
1.000000,-0.851114,0.712606,-0.796388,-0.665043
-0.851114,1.000000,-0.931363,0.747570,0.832908
0.712606,-0.931363,1.000000,-0.473427,-0.671163
-0.796388,0.747570,-0.473427,1.000000,0.738990
-0.665043,0.832908,-0.671163,0.738990,1.000000
