atmos_pressure, temp_mean, rh_mean, vapor_pressure_mean, wspd_arith_mean
1.000000,-0.406404,-0.282937,-0.499453,-0.267966
-0.406404,1.000000,-0.326722,0.810307,0.470741
-0.282937,-0.326722,1.000000,0.185728,-0.197632
-0.499453,0.810307,0.185728,1.000000,0.412598
-0.267966,0.470741,-0.197632,0.412598,1.000000
