atmos_pressure, temp_mean, rh_mean, vapor_pressure_mean, wspd_arith_mean
1.000000,-0.681610,-0.224078,-0.747153,-0.258887
-0.681610,1.000000,-0.232733,0.800030,0.276030
-0.224078,-0.232733,1.000000,0.294381,-0.159136
-0.747153,0.800030,0.294381,1.000000,0.172790
-0.258887,0.276030,-0.159136,0.172790,1.000000
