atmos_pressure, temp_mean, rh_mean, vapor_pressure_mean, wspd_arith_mean
1.000000,-0.530579,0.094817,-0.546819,-0.262515
-0.530579,1.000000,-0.596081,0.645021,0.450637
0.094817,-0.596081,1.000000,0.150293,-0.232925
-0.546819,0.645021,0.150293,1.000000,0.346375
-0.262515,0.450637,-0.232925,0.346375,1.000000
