atmos_pressure, temp_mean, rh_mean, vapor_pressure_mean, wspd_arith_mean
1.000000,-0.472882,0.057843,-0.402898,-0.294096
-0.472882,1.000000,-0.364523,0.780604,0.169441
0.057843,-0.364523,1.000000,0.203034,-0.229317
-0.402898,0.780604,0.203034,1.000000,0.072766
-0.294096,0.169441,-0.229317,0.072766,1.000000
