atmos_pressure, temp_mean, rh_mean, vapor_pressure_mean, wspd_arith_mean
1.000000,-0.540167,-0.206687,-0.640102,-0.269735
-0.540167,1.000000,-0.372584,0.813523,0.294658
-0.206687,-0.372584,1.000000,0.154620,-0.177073
-0.640102,0.813523,0.154620,1.000000,0.242801
-0.269735,0.294658,-0.177073,0.242801,1.000000
