atmos_pressure, temp_mean, rh_mean, vapor_pressure_mean, wspd_arith_mean
1.000000,-0.281481,0.017337,-0.298714,-0.316655
-0.281481,1.000000,-0.399636,0.814515,0.065307
0.017337,-0.399636,1.000000,0.159469,-0.275046
-0.298714,0.814515,0.159469,1.000000,-0.067828
-0.316655,0.065307,-0.275046,-0.067828,1.000000
