atmos_pressure, temp_mean, rh_mean, vapor_pressure_mean, wspd_arith_mean
1.000000,-0.907906,0.689082,-0.677783,-0.834815
-0.907906,1.000000,-0.759879,0.771519,0.882699
0.689082,-0.759879,1.000000,-0.186260,-0.458801
-0.677783,0.771519,-0.186260,1.000000,0.882882
-0.834815,0.882699,-0.458801,0.882882,1.000000
