atmos_pressure, temp_mean, rh_mean, vapor_pressure_mean, wspd_arith_mean
1.000000,-0.279134,-0.123834,-0.324089,-0.213228
-0.279134,1.000000,-0.415934,0.831790,0.006494
-0.123834,-0.415934,1.000000,0.094034,-0.198286
-0.324089,0.831790,0.094034,1.000000,-0.066002
-0.213228,0.006494,-0.198286,-0.066002,1.000000
