atmos_pressure, temp_mean, rh_mean, vapor_pressure_mean, wspd_arith_mean
1.000000,0.335804,-0.259631,-0.129289,-0.385817
0.335804,1.000000,-0.907642,-0.663425,0.473202
-0.259631,-0.907642,1.000000,0.913483,-0.497275
-0.129289,-0.663425,0.913483,1.000000,-0.432404
-0.385817,0.473202,-0.497275,-0.432404,1.000000
