atmos_pressure, temp_mean, rh_mean, vapor_pressure_mean, wspd_arith_mean
1.000000,0.129405,-0.759413,-0.974869,-0.477393
0.129405,1.000000,-0.718733,-0.160874,-0.241242
-0.759413,-0.718733,1.000000,0.797459,0.408100
-0.974869,-0.160874,0.797459,1.000000,0.425582
-0.477393,-0.241242,0.408100,0.425582,1.000000
