atmos_pressure, temp_mean, rh_mean, vapor_pressure_mean, wspd_arith_mean
1.000000,-0.652851,0.424862,-0.516339,-0.381211
-0.652851,1.000000,-0.907987,0.354356,0.523114
0.424862,-0.907987,1.000000,0.060293,-0.226906
-0.516339,0.354356,0.060293,1.000000,0.750124
-0.381211,0.523114,-0.226906,0.750124,1.000000
