atmos_pressure, temp_mean, rh_mean, vapor_pressure_mean, wspd_arith_mean
1.000000,-0.802085,-0.243120,-0.950794,0.641782
-0.802085,1.000000,-0.327005,0.780075,-0.667392
-0.243120,-0.327005,1.000000,0.330142,-0.020134
-0.950794,0.780075,0.330142,1.000000,-0.708631
0.641782,-0.667392,-0.020134,-0.708631,1.000000
