atmos_pressure, temp_mean, rh_mean, vapor_pressure_mean, wspd_arith_mean, tbrg_precip_total_corr
1.000000,-0.311885,-0.021938,-0.309687,-0.624295,-0.153305
-0.311885,1.000000,-0.214553,0.825647,0.065500,0.121658
-0.021938,-0.214553,1.000000,0.307768,-0.172137,-0.059775
-0.309687,0.825647,0.307768,1.000000,-0.054156,0.099448
-0.624295,0.065500,-0.172137,-0.054156,1.000000,0.119488
-0.153305,0.121658,-0.059775,0.099448,0.119488,1.000000
