atmos_pressure, temp_mean, rh_mean, vapor_pressure_mean, wspd_arith_mean, tbrg_precip_total_corr
1.000000,-0.964768,0.974701,-0.938903,0.532991,0.522283
-0.964768,1.000000,-0.961988,0.994102,-0.731151,-0.481987
0.974701,-0.961988,1.000000,-0.926961,0.595335,0.491843
-0.938903,0.994102,-0.926961,1.000000,-0.775176,-0.460634
0.532991,-0.731151,0.595335,-0.775176,1.000000,0.252934
0.522283,-0.481987,0.491843,-0.460634,0.252934,1.000000
