atmos_pressure, temp_mean, rh_mean, vapor_pressure_mean, wspd_arith_mean
1.000000,-0.463487,0.095715,-0.408708,-0.370355
-0.463487,1.000000,-0.462204,0.791641,0.278096
0.095715,-0.462204,1.000000,0.105056,-0.401781
-0.408708,0.791641,0.105056,1.000000,0.055748
-0.370355,0.278096,-0.401781,0.055748,1.000000
