atmos_pressure, temp_mean, rh_mean, vapor_pressure_mean, wspd_arith_mean
1.000000,-0.611063,0.175057,-0.636202,-0.283945
-0.611063,1.000000,-0.659341,0.711491,0.355723
0.175057,-0.659341,1.000000,0.021313,-0.279371
-0.636202,0.711491,0.021313,1.000000,0.238746
-0.283945,0.355723,-0.279371,0.238746,1.000000
