atmos_pressure, temp_mean, rh_mean, vapor_pressure_mean, wspd_arith_mean, tbrg_precip_total_corr
1.000000,-0.989195,0.962593,-0.991951,0.598072,nan
-0.989195,1.000000,-0.991335,0.999767,-0.705884,nan
0.962593,-0.991335,1.000000,-0.988269,0.787365,nan
-0.991951,0.999767,-0.988269,1.000000,-0.691367,nan
0.598072,-0.705884,0.787365,-0.691367,1.000000,nan
nan,nan,nan,nan,nan,nan
