atmos_pressure, temp_mean, rh_mean, vapor_pressure_mean, wspd_arith_mean
1.000000,-0.531638,0.139973,-0.402355,-0.360343
-0.531638,1.000000,-0.413999,0.766676,0.208106
0.139973,-0.413999,1.000000,0.188669,-0.375849
-0.402355,0.766676,0.188669,1.000000,0.001142
-0.360343,0.208106,-0.375849,0.001142,1.000000
