atmos_pressure, temp_mean, rh_mean, vapor_pressure_mean, wspd_arith_mean, tbrg_precip_total_corr
1.000000,-0.767591,-0.265035,-0.821696,-0.384279,-0.044813
-0.767591,1.000000,0.060995,0.961871,0.441563,0.144177
-0.265035,0.060995,1.000000,0.311378,-0.271289,-0.144620
-0.821696,0.961871,0.311378,1.000000,0.380028,0.103293
-0.384279,0.441563,-0.271289,0.380028,1.000000,0.319585
-0.044813,0.144177,-0.144620,0.103293,0.319585,1.000000
