atmos_pressure, temp_mean, rh_mean, vapor_pressure_mean, wspd_arith_mean, tbrg_precip_total_corr
1.000000,-0.389551,0.065439,-0.351564,-0.186707,-0.281763
-0.389551,1.000000,-0.690982,0.211849,0.262523,0.076402
0.065439,-0.690982,1.000000,0.512738,-0.436976,-0.018976
-0.351564,0.211849,0.512738,1.000000,-0.166191,0.115032
-0.186707,0.262523,-0.436976,-0.166191,1.000000,0.042781
-0.281763,0.076402,-0.018976,0.115032,0.042781,1.000000
