atmos_pressure, temp_mean, rh_mean, vapor_pressure_mean, wspd_arith_mean
1.000000,-0.614034,-0.006644,-0.656215,0.010410
-0.614034,1.000000,-0.521275,0.737961,0.113712
-0.006644,-0.521275,1.000000,0.120666,-0.316713
-0.656215,0.737961,0.120666,1.000000,-0.082194
0.010410,0.113712,-0.316713,-0.082194,1.000000
