atmos_pressure, temp_mean, rh_mean, vapor_pressure_mean, wspd_arith_mean, tbrg_precip_total_corr
1.000000,-0.659174,0.758233,0.248220,-0.419757,nan
-0.659174,1.000000,-0.886151,0.168509,0.297808,nan
0.758233,-0.886151,1.000000,0.306525,-0.384390,nan
0.248220,0.168509,0.306525,1.000000,-0.199568,nan
-0.419757,0.297808,-0.384390,-0.199568,1.000000,nan
nan,nan,nan,nan,nan,nan
