atmos_pressure, temp_mean, rh_mean, vapor_pressure_mean, wspd_arith_mean, tbrg_precip_total_corr
1.000000,-0.745936,-0.713307,-0.826834,0.849023,nan
-0.745936,1.000000,0.065303,0.991364,-0.985211,nan
-0.713307,0.065303,1.000000,0.195596,-0.235316,nan
-0.826834,0.991364,0.195596,1.000000,-0.999173,nan
0.849023,-0.985211,-0.235316,-0.999173,1.000000,nan
nan,nan,nan,nan,nan,nan
