atmos_pressure, temp_mean, rh_mean, vapor_pressure_mean, wspd_arith_mean
1.000000,-0.908660,0.661388,-0.908623,-0.254001
-0.908660,1.000000,-0.841296,0.949688,0.172754
0.661388,-0.841296,1.000000,-0.636386,-0.285781
-0.908623,0.949688,-0.636386,1.000000,0.102590
-0.254001,0.172754,-0.285781,0.102590,1.000000
