atmos_pressure, temp_mean, rh_mean, vapor_pressure_mean, wspd_arith_mean, tbrg_precip_total_corr
1.000000,-0.071231,-0.063554,-0.068970,-0.403041,-0.090161
-0.071231,1.000000,-0.545448,0.862011,-0.133795,0.074313
-0.063554,-0.545448,1.000000,-0.100020,0.091153,0.048734
-0.068970,0.862011,-0.100020,1.000000,-0.131421,0.121475
-0.403041,-0.133795,0.091153,-0.131421,1.000000,0.247524
-0.090161,0.074313,0.048734,0.121475,0.247524,1.000000
