atmos_pressure, temp_mean, rh_mean, vapor_pressure_mean, wspd_arith_mean, tbrg_precip_total_corr
1.000000,-0.739410,-0.505279,-0.754819,-0.107296,0.159984
-0.739410,1.000000,0.154688,0.920378,0.106281,0.020121
-0.505279,0.154688,1.000000,0.384406,0.085360,-0.669981
-0.754819,0.920378,0.384406,1.000000,0.182546,-0.170586
-0.107296,0.106281,0.085360,0.182546,1.000000,0.039150
0.159984,0.020121,-0.669981,-0.170586,0.039150,1.000000
