atmos_pressure, temp_mean, rh_mean, vapor_pressure_mean, wspd_arith_mean
1.000000,-0.315307,-0.000584,-0.334674,-0.262880
-0.315307,1.000000,-0.511971,0.770305,0.166305
-0.000584,-0.511971,1.000000,0.110749,-0.269780
-0.334674,0.770305,0.110749,1.000000,-0.011750
-0.262880,0.166305,-0.269780,-0.011750,1.000000
