atmos_pressure, temp_mean, rh_mean, vapor_pressure_mean, wspd_arith_mean
1.000000,-0.046156,-0.237148,-0.714385,-0.220357
-0.046156,1.000000,-0.945035,-0.092435,-0.308194
-0.237148,-0.945035,1.000000,0.395763,0.382544
-0.714385,-0.092435,0.395763,1.000000,0.459800
-0.220357,-0.308194,0.382544,0.459800,1.000000
