atmos_pressure, temp_mean, rh_mean, vapor_pressure_mean, wspd_arith_mean, tbrg_precip_total_corr
1.000000,-0.173692,-0.299476,-0.475895,-0.481294,-0.149412
-0.173692,1.000000,-0.565861,0.718326,0.138767,0.117686
-0.299476,-0.565861,1.000000,0.116313,-0.156353,-0.017346
-0.475895,0.718326,0.116313,1.000000,0.083020,0.144518
-0.481294,0.138767,-0.156353,0.083020,1.000000,0.073839
-0.149412,0.117686,-0.017346,0.144518,0.073839,1.000000
