atmos_pressure, temp_mean, rh_mean, vapor_pressure_mean, wspd_arith_mean, tbrg_precip_total_corr
1.000000,0.259071,-0.284009,0.198500,-0.363133,0.165001
0.259071,1.000000,-0.202902,0.977939,-0.049347,0.379796
-0.284009,-0.202902,1.000000,-0.052642,0.188526,-0.120294
0.198500,0.977939,-0.052642,1.000000,-0.055256,0.374064
-0.363133,-0.049347,0.188526,-0.055256,1.000000,0.070579
0.165001,0.379796,-0.120294,0.374064,0.070579,1.000000
