atmos_pressure, temp_mean, rh_mean, vapor_pressure_mean, wspd_arith_mean, tbrg_precip_total_corr
1.000000,-0.435228,-0.374652,-0.723002,-0.104014,-0.099003
-0.435228,1.000000,-0.256256,0.759070,-0.337696,-0.010932
-0.374652,-0.256256,1.000000,0.367661,-0.013074,0.096716
-0.723002,0.759070,0.367661,1.000000,-0.188527,0.034798
-0.104014,-0.337696,-0.013074,-0.188527,1.000000,0.156394
-0.099003,-0.010932,0.096716,0.034798,0.156394,1.000000
