atmos_pressure, temp_mean, rh_mean, vapor_pressure_mean, wspd_arith_mean
1.000000,-0.468728,0.075786,-0.483991,-0.304848
-0.468728,1.000000,-0.536094,0.676821,0.206155
0.075786,-0.536094,1.000000,0.186774,-0.252997
-0.483991,0.676821,0.186774,1.000000,0.083425
-0.304848,0.206155,-0.252997,0.083425,1.000000
