atmos_pressure, temp_mean, rh_mean, vapor_pressure_mean, wspd_arith_mean, tbrg_precip_total_corr
1.000000,0.366959,-0.011626,0.402640,-0.202651,0.152977
0.366959,1.000000,-0.456266,0.943735,-0.265725,0.223234
-0.011626,-0.456266,1.000000,-0.156118,-0.061128,-0.088316
0.402640,0.943735,-0.156118,1.000000,-0.297522,0.213054
-0.202651,-0.265725,-0.061128,-0.297522,1.000000,0.085252
0.152977,0.223234,-0.088316,0.213054,0.085252,1.000000
