atmos_pressure, temp_mean, rh_mean, vapor_pressure_mean, wspd_arith_mean
1.000000,-0.440838,-0.141562,-0.568545,-0.404102
-0.440838,1.000000,-0.506547,0.691025,0.328486
-0.141562,-0.506547,1.000000,0.213975,-0.162234
-0.568545,0.691025,0.213975,1.000000,0.234370
-0.404102,0.328486,-0.162234,0.234370,1.000000
