atmos_pressure, temp_mean, rh_mean, vapor_pressure_mean, wspd_arith_mean
1.000000,-0.805341,0.803623,0.709052,-0.487995
-0.805341,1.000000,-0.953819,-0.808145,0.293047
0.803623,-0.953819,1.000000,0.946518,-0.287921
0.709052,-0.808145,0.946518,1.000000,-0.247213
-0.487995,0.293047,-0.287921,-0.247213,1.000000
