atmos_pressure, temp_mean, rh_mean, vapor_pressure_mean, wspd_arith_mean
1.000000,0.097733,-0.296949,-0.635976,0.204688
0.097733,1.000000,-0.962174,0.244728,0.753929
-0.296949,-0.962174,1.000000,0.021005,-0.807691
-0.635976,0.244728,0.021005,1.000000,-0.132612
0.204688,0.753929,-0.807691,-0.132612,1.000000
