atmos_pressure, temp_mean, rh_mean, vapor_pressure_mean, wspd_arith_mean, tbrg_precip_total_corr
1.000000,-0.732610,0.404787,-0.705504,-0.737029,-0.058946
-0.732610,1.000000,-0.564052,0.930963,0.699813,0.258063
0.404787,-0.564052,1.000000,-0.247988,-0.336623,0.065622
-0.705504,0.930963,-0.247988,1.000000,0.695621,0.332481
-0.737029,0.699813,-0.336623,0.695621,1.000000,-0.062120
-0.058946,0.258063,0.065622,0.332481,-0.062120,1.000000
