atmos_pressure, temp_mean, rh_mean, vapor_pressure_mean, wspd_arith_mean, tbrg_precip_total_corr
1.000000,-0.725746,0.447798,-0.814053,-0.072765,0.051329
-0.725746,1.000000,-0.857689,0.921753,0.070635,0.091889
0.447798,-0.857689,1.000000,-0.606821,0.017630,-0.181268
-0.814053,0.921753,-0.606821,1.000000,0.139053,-0.007841
-0.072765,0.070635,0.017630,0.139053,1.000000,-0.039755
0.051329,0.091889,-0.181268,-0.007841,-0.039755,1.000000
