atmos_pressure, temp_mean, rh_mean, vapor_pressure_mean, wspd_arith_mean, tbrg_precip_total_corr
1.000000,0.245761,-0.797299,-0.598042,0.686684,nan
0.245761,1.000000,-0.517439,0.426891,0.096728,nan
-0.797299,-0.517439,1.000000,0.551930,-0.729733,nan
-0.598042,0.426891,0.551930,1.000000,-0.664547,nan
0.686684,0.096728,-0.729733,-0.664547,1.000000,nan
nan,nan,nan,nan,nan,nan
