atmos_pressure, temp_mean, rh_mean, vapor_pressure_mean, wspd_arith_mean, tbrg_precip_total_corr
1.000000,-0.281409,0.095667,-0.218594,-0.240453,-0.069887
-0.281409,1.000000,-0.295723,0.960877,-0.006531,0.149005
0.095667,-0.295723,1.000000,-0.100187,-0.130027,-0.115871
-0.218594,0.960877,-0.100187,1.000000,-0.062006,0.111489
-0.240453,-0.006531,-0.130027,-0.062006,1.000000,0.192083
-0.069887,0.149005,-0.115871,0.111489,0.192083,1.000000
