atmos_pressure, temp_mean, rh_mean, vapor_pressure_mean, wspd_arith_mean, tbrg_precip_total_corr
1.000000,-0.374428,-0.543682,-0.489946,-0.294659,-0.175809
-0.374428,1.000000,0.236115,0.957962,0.269598,0.392115
-0.543682,0.236115,1.000000,0.444205,0.235047,0.010646
-0.489946,0.957962,0.444205,1.000000,0.278279,0.383032
-0.294659,0.269598,0.235047,0.278279,1.000000,0.020869
-0.175809,0.392115,0.010646,0.383032,0.020869,1.000000
