atmos_pressure, temp_mean, rh_mean, vapor_pressure_mean, wspd_arith_mean, tbrg_precip_total_corr
1.000000,-0.585884,-0.234032,-0.605161,0.037715,-0.030085
-0.585884,1.000000,0.172973,0.945136,-0.269168,0.004714
-0.234032,0.172973,1.000000,0.463718,-0.294161,-0.175147
-0.605161,0.945136,0.463718,1.000000,-0.335733,-0.071002
0.037715,-0.269168,-0.294161,-0.335733,1.000000,0.407620
-0.030085,0.004714,-0.175147,-0.071002,0.407620,1.000000
