atmos_pressure, temp_mean, rh_mean, vapor_pressure_mean, wspd_arith_mean, tbrg_precip_total_corr
1.000000,0.909437,-0.894234,0.873467,0.643304,nan
0.909437,1.000000,-0.980762,0.962662,0.807833,nan
-0.894234,-0.980762,1.000000,-0.891334,-0.868642,nan
0.873467,0.962662,-0.891334,1.000000,0.674767,nan
0.643304,0.807833,-0.868642,0.674767,1.000000,nan
nan,nan,nan,nan,nan,nan
