atmos_pressure, temp_mean, rh_mean, vapor_pressure_mean, wspd_arith_mean, tbrg_precip_total_corr
1.000000,-0.306997,0.000786,-0.288285,-0.235967,-0.148464
-0.306997,1.000000,-0.438454,0.832313,0.147375,0.158105
0.000786,-0.438454,1.000000,0.082059,-0.430871,-0.099986
-0.288285,0.832313,0.082059,1.000000,-0.111864,0.115458
-0.235967,0.147375,-0.430871,-0.111864,1.000000,0.018277
-0.148464,0.158105,-0.099986,0.115458,0.018277,1.000000
