atmos_pressure, temp_mean, rh_mean, vapor_pressure_mean, wspd_arith_mean
1.000000,-0.677196,0.605980,0.631706,-0.842864
-0.677196,1.000000,-0.987425,-0.891594,0.670877
0.605980,-0.987425,1.000000,0.918647,-0.637938
0.631706,-0.891594,0.918647,1.000000,-0.630642
-0.842864,0.670877,-0.637938,-0.630642,1.000000
