atmos_pressure, temp_mean, rh_mean, vapor_pressure_mean, wspd_arith_mean
1.000000,-0.915214,0.549755,-0.894270,0.362246
-0.915214,1.000000,-0.701113,0.931397,-0.424730
0.549755,-0.701113,1.000000,-0.395121,-0.141460
-0.894270,0.931397,-0.395121,1.000000,-0.608334
0.362246,-0.424730,-0.141460,-0.608334,1.000000
