atmos_pressure, temp_mean, rh_mean, vapor_pressure_mean, wspd_arith_mean
1.000000,-0.618588,-0.040257,-0.651589,-0.013069
-0.618588,1.000000,-0.457905,0.751642,0.067417
-0.040257,-0.457905,1.000000,0.170449,-0.277988
-0.651589,0.751642,0.170449,1.000000,-0.108668
-0.013069,0.067417,-0.277988,-0.108668,1.000000
