atmos_pressure, temp_mean, rh_mean, vapor_pressure_mean, wspd_arith_mean, tbrg_precip_total_corr
1.000000,-0.672329,-0.629022,-0.689645,-0.117894,0.021729
-0.672329,1.000000,0.706480,0.969561,-0.086355,-0.021004
-0.629022,0.706480,1.000000,0.825015,-0.074194,-0.051762
-0.689645,0.969561,0.825015,1.000000,-0.175284,-0.028314
-0.117894,-0.086355,-0.074194,-0.175284,1.000000,0.023142
0.021729,-0.021004,-0.051762,-0.028314,0.023142,1.000000
