atmos_pressure, temp_mean, rh_mean, vapor_pressure_mean, wspd_arith_mean
1.000000,-0.908172,0.699036,-0.738470,-0.109344
-0.908172,1.000000,-0.899982,0.620297,0.247248
0.699036,-0.899982,1.000000,-0.232995,-0.430634
-0.738470,0.620297,-0.232995,1.000000,-0.159181
-0.109344,0.247248,-0.430634,-0.159181,1.000000
