atmos_pressure, temp_mean, rh_mean, vapor_pressure_mean, wspd_arith_mean
1.000000,-0.694308,0.111887,-0.679020,-0.259061
-0.694308,1.000000,-0.553693,0.637841,0.342982
0.111887,-0.553693,1.000000,0.184614,-0.288772
-0.679020,0.637841,0.184614,1.000000,0.186999
-0.259061,0.342982,-0.288772,0.186999,1.000000
