atmos_pressure, temp_mean, rh_mean, vapor_pressure_mean, wspd_arith_mean, tbrg_precip_total_corr
1.000000,-0.473583,-0.155299,-0.526160,-0.351036,-0.014704
-0.473583,1.000000,-0.121149,0.867179,0.568129,0.132160
-0.155299,-0.121149,1.000000,0.340607,0.048722,0.082831
-0.526160,0.867179,0.340607,1.000000,0.572671,0.150573
-0.351036,0.568129,0.048722,0.572671,1.000000,-0.018182
-0.014704,0.132160,0.082831,0.150573,-0.018182,1.000000
