atmos_pressure, temp_mean, rh_mean, vapor_pressure_mean, wspd_arith_mean
1.000000,-0.305781,-0.046480,-0.337230,-0.300760
-0.305781,1.000000,-0.439160,0.778945,0.177827
-0.046480,-0.439160,1.000000,0.178395,-0.271788
-0.337230,0.778945,0.178395,1.000000,0.002104
-0.300760,0.177827,-0.271788,0.002104,1.000000
