atmos_pressure, temp_mean, rh_mean, vapor_pressure_mean, wspd_arith_mean, tbrg_precip_total_corr
1.000000,0.966955,-0.885610,-0.740233,0.066649,nan
0.966955,1.000000,-0.971868,-0.882072,0.317622,nan
-0.885610,-0.971868,1.000000,0.967729,-0.518883,nan
-0.740233,-0.882072,0.967729,1.000000,-0.712911,nan
0.066649,0.317622,-0.518883,-0.712911,1.000000,nan
nan,nan,nan,nan,nan,nan
