atmos_pressure, temp_mean, rh_mean, vapor_pressure_mean, wspd_arith_mean
1.000000,-0.456338,-0.190837,-0.584724,-0.417357
-0.456338,1.000000,-0.457016,0.729164,0.325412
-0.190837,-0.457016,1.000000,0.215013,-0.098014
-0.584724,0.729164,0.215013,1.000000,0.278835
-0.417357,0.325412,-0.098014,0.278835,1.000000
