atmos_pressure, temp_mean, rh_mean, vapor_pressure_mean, wspd_arith_mean, tbrg_precip_total_corr
1.000000,-0.475700,0.140901,-0.451054,-0.340306,-0.010852
-0.475700,1.000000,-0.533755,0.842006,0.437225,0.161913
0.140901,-0.533755,1.000000,-0.028832,-0.342414,-0.045891
-0.451054,0.842006,-0.028832,1.000000,0.269284,0.153497
-0.340306,0.437225,-0.342414,0.269284,1.000000,0.036347
-0.010852,0.161913,-0.045891,0.153497,0.036347,1.000000
