atmos_pressure, temp_mean, rh_mean, vapor_pressure_mean, wspd_arith_mean, tbrg_precip_total_corr
1.000000,0.344803,-0.261319,0.262555,-0.163566,0.033990
0.344803,1.000000,-0.229883,0.922653,-0.286141,0.160589
-0.261319,-0.229883,1.000000,0.147777,-0.053198,-0.058478
0.262555,0.922653,0.147777,1.000000,-0.297643,0.136304
-0.163566,-0.286141,-0.053198,-0.297643,1.000000,0.301632
0.033990,0.160589,-0.058478,0.136304,0.301632,1.000000
