atmos_pressure, temp_mean, rh_mean, vapor_pressure_mean, wspd_arith_mean
1.000000,-0.514193,0.072821,-0.516136,-0.310170
-0.514193,1.000000,-0.496985,0.693686,0.159098
0.072821,-0.496985,1.000000,0.212370,-0.212554
-0.516136,0.693686,0.212370,1.000000,0.061862
-0.310170,0.159098,-0.212554,0.061862,1.000000
