atmos_pressure, temp_mean, rh_mean, vapor_pressure_mean, wspd_arith_mean
1.000000,-0.600782,0.089792,-0.614819,-0.318615
-0.600782,1.000000,-0.603328,0.601999,0.424848
0.089792,-0.603328,1.000000,0.209898,-0.377030
-0.614819,0.601999,0.209898,1.000000,0.169542
-0.318615,0.424848,-0.377030,0.169542,1.000000
