atmos_pressure, temp_mean, rh_mean, vapor_pressure_mean, wspd_arith_mean, tbrg_precip_total_corr
1.000000,0.012440,0.155501,0.116004,-0.406728,-0.045154
0.012440,1.000000,-0.260579,0.929590,0.003377,0.130825
0.155501,-0.260579,1.000000,0.055657,-0.368840,-0.113762
0.116004,0.929590,0.055657,1.000000,-0.145845,0.094438
-0.406728,0.003377,-0.368840,-0.145845,1.000000,0.321889
-0.045154,0.130825,-0.113762,0.094438,0.321889,1.000000
