atmos_pressure, temp_mean, rh_mean, vapor_pressure_mean, wspd_arith_mean
1.000000,-0.782016,0.486641,-0.390448,-0.692792
-0.782016,1.000000,-0.816186,0.342062,0.861547
0.486641,-0.816186,1.000000,0.235875,-0.707904
-0.390448,0.342062,0.235875,1.000000,0.287930
-0.692792,0.861547,-0.707904,0.287930,1.000000
