atmos_pressure, temp_mean, rh_mean, vapor_pressure_mean, wspd_arith_mean
1.000000,-0.784811,0.837286,0.792524,-0.173458
-0.784811,1.000000,-0.950403,-0.794972,-0.003164
0.837286,-0.950403,1.000000,0.941869,0.019777
0.792524,-0.794972,0.941869,1.000000,0.029471
-0.173458,-0.003164,0.019777,0.029471,1.000000
