atmos_pressure, temp_mean, rh_mean, vapor_pressure_mean, wspd_arith_mean, tbrg_precip_total_corr
1.000000,-0.482368,0.742812,0.618027,-0.327490,nan
-0.482368,1.000000,-0.753644,-0.063084,0.294369,nan
0.742812,-0.753644,1.000000,0.702882,-0.382977,nan
0.618027,-0.063084,0.702882,1.000000,-0.263333,nan
-0.327490,0.294369,-0.382977,-0.263333,1.000000,nan
nan,nan,nan,nan,nan,nan
