atmos_pressure, temp_mean, rh_mean, vapor_pressure_mean, wspd_arith_mean, tbrg_precip_total_corr
1.000000,-0.963133,0.111229,-0.943325,0.091475,nan
-0.963133,1.000000,-0.164234,0.965425,-0.175417,nan
0.111229,-0.164234,1.000000,0.098554,-0.834929,nan
-0.943325,0.965425,0.098554,1.000000,-0.395737,nan
0.091475,-0.175417,-0.834929,-0.395737,1.000000,nan
nan,nan,nan,nan,nan,nan
