atmos_pressure, temp_mean, rh_mean, vapor_pressure_mean, wspd_arith_mean
1.000000,-0.270636,0.362198,-0.151975,0.258036
-0.270636,1.000000,-0.972739,0.949767,0.167934
0.362198,-0.972739,1.000000,-0.853212,-0.072635
-0.151975,0.949767,-0.853212,1.000000,0.263664
0.258036,0.167934,-0.072635,0.263664,1.000000
