atmos_pressure, temp_mean, rh_mean, vapor_pressure_mean, wspd_arith_mean, tbrg_precip_total_corr
1.000000,-0.407986,0.501706,0.410532,-0.408215,nan
-0.407986,1.000000,-0.775538,-0.262192,0.173064,nan
0.501706,-0.775538,1.000000,0.811488,-0.021191,nan
0.410532,-0.262192,0.811488,1.000000,0.138747,nan
-0.408215,0.173064,-0.021191,0.138747,1.000000,nan
nan,nan,nan,nan,nan,nan
