atmos_pressure, temp_mean, rh_mean, vapor_pressure_mean, wspd_arith_mean, tbrg_precip_total_corr
1.000000,-0.485878,-0.186511,-0.689852,-0.299527,0.053712
-0.485878,1.000000,-0.532553,0.571695,0.185888,-0.132940
-0.186511,-0.532553,1.000000,0.342358,-0.101251,-0.160122
-0.689852,0.571695,0.342358,1.000000,0.227569,-0.193352
-0.299527,0.185888,-0.101251,0.227569,1.000000,0.100833
0.053712,-0.132940,-0.160122,-0.193352,0.100833,1.000000
