atmos_pressure, temp_mean, rh_mean, vapor_pressure_mean, wspd_arith_mean
1.000000,-0.434138,0.060704,-0.438352,-0.230859
-0.434138,1.000000,-0.205336,0.842701,0.179387
0.060704,-0.205336,1.000000,0.126260,-0.288657
-0.438352,0.842701,0.126260,1.000000,0.014001
-0.230859,0.179387,-0.288657,0.014001,1.000000
