atmos_pressure, temp_mean, rh_mean, vapor_pressure_mean, wspd_arith_mean
1.000000,0.031502,-0.316012,-0.673653,0.314272
0.031502,1.000000,-0.917506,0.094570,0.717280
-0.316012,-0.917506,1.000000,0.297412,-0.797493
-0.673653,0.094570,0.297412,1.000000,-0.268909
0.314272,0.717280,-0.797493,-0.268909,1.000000
