atmos_pressure, temp_mean, rh_mean, vapor_pressure_mean, wspd_arith_mean, tbrg_precip_total_corr
1.000000,-0.414364,0.124947,-0.325786,-0.445945,-0.095505
-0.414364,1.000000,-0.252032,0.825914,0.169217,0.183370
0.124947,-0.252032,1.000000,0.245746,-0.491077,-0.091752
-0.325786,0.825914,0.245746,1.000000,-0.118375,0.156503
-0.445945,0.169217,-0.491077,-0.118375,1.000000,0.093347
-0.095505,0.183370,-0.091752,0.156503,0.093347,1.000000
