atmos_pressure, temp_mean, rh_mean, vapor_pressure_mean, wspd_arith_mean, tbrg_precip_total_corr
1.000000,-0.684750,0.322394,-0.734969,0.000663,0.051157
-0.684750,1.000000,-0.767586,0.782485,0.096853,-0.039879
0.322394,-0.767586,1.000000,-0.247262,0.227073,-0.007245
-0.734969,0.782485,-0.247262,1.000000,0.363572,-0.073021
0.000663,0.096853,0.227073,0.363572,1.000000,-0.012459
0.051157,-0.039879,-0.007245,-0.073021,-0.012459,1.000000
