atmos_pressure, temp_mean, rh_mean, vapor_pressure_mean, wspd_arith_mean
1.000000,-0.771698,0.509073,-0.394763,-0.641402
-0.771698,1.000000,-0.873541,0.271982,0.820906
0.509073,-0.873541,1.000000,0.202249,-0.711359
-0.394763,0.271982,0.202249,1.000000,0.282250
-0.641402,0.820906,-0.711359,0.282250,1.000000
