atmos_pressure, temp_mean, rh_mean, vapor_pressure_mean, wspd_arith_mean, tbrg_precip_total_corr
1.000000,-0.696435,0.437065,-0.858591,-0.307813,-0.075825
-0.696435,1.000000,-0.923988,0.760438,-0.077092,0.079974
0.437065,-0.923988,1.000000,-0.481724,0.241260,-0.047552
-0.858591,0.760438,-0.481724,1.000000,0.393920,0.103075
-0.307813,-0.077092,0.241260,0.393920,1.000000,-0.063387
-0.075825,0.079974,-0.047552,0.103075,-0.063387,1.000000
