atmos_pressure, temp_mean, rh_mean, vapor_pressure_mean, wspd_arith_mean, tbrg_precip_total_corr
1.000000,-0.538935,-0.235457,-0.639726,-0.297246,-0.074182
-0.538935,1.000000,-0.355163,0.447516,0.063165,0.096373
-0.235457,-0.355163,1.000000,0.609214,-0.160206,-0.068784
-0.639726,0.447516,0.609214,1.000000,0.083578,0.020355
-0.297246,0.063165,-0.160206,0.083578,1.000000,0.088299
-0.074182,0.096373,-0.068784,0.020355,0.088299,1.000000
