atmos_pressure, temp_mean, rh_mean, vapor_pressure_mean, wspd_arith_mean
1.000000,-0.458386,0.007773,-0.361204,-0.391745
-0.458386,1.000000,-0.200091,0.816766,0.106016
0.007773,-0.200091,1.000000,0.322235,-0.217974
-0.361204,0.816766,0.322235,1.000000,-0.013144
-0.391745,0.106016,-0.217974,-0.013144,1.000000
