atmos_pressure, temp_mean, rh_mean, vapor_pressure_mean, wspd_arith_mean, tbrg_precip_total_corr
1.000000,-0.090636,-0.248728,-0.258629,-0.547840,-0.163127
-0.090636,1.000000,-0.408672,0.741702,-0.124342,0.092117
-0.248728,-0.408672,1.000000,0.268313,-0.019111,0.026672
-0.258629,0.741702,0.268313,1.000000,-0.099014,0.124694
-0.547840,-0.124342,-0.019111,-0.099014,1.000000,0.129167
-0.163127,0.092117,0.026672,0.124694,0.129167,1.000000
