atmos_pressure, temp_mean, rh_mean, vapor_pressure_mean, wspd_arith_mean
1.000000,0.132665,-0.302470,-0.495132,-0.388749
0.132665,1.000000,-0.955367,-0.538930,-0.358928
-0.302470,-0.955367,1.000000,0.745535,0.351968
-0.495132,-0.538930,0.745535,1.000000,0.402555
-0.388749,-0.358928,0.351968,0.402555,1.000000
