atmos_pressure, temp_mean, rh_mean, vapor_pressure_mean, wspd_arith_mean
1.000000,-0.691024,0.585597,0.558136,-0.909406
-0.691024,1.000000,-0.984803,-0.854878,0.660568
0.585597,-0.984803,1.000000,0.894040,-0.558095
0.558136,-0.854878,0.894040,1.000000,-0.468586
-0.909406,0.660568,-0.558095,-0.468586,1.000000
