atmos_pressure, temp_mean, rh_mean, vapor_pressure_mean, wspd_arith_mean, tbrg_precip_total_corr
1.000000,-0.302999,-0.493033,-0.420560,-0.446189,-0.129045
-0.302999,1.000000,0.185464,0.882887,0.329866,0.200585
-0.493033,0.185464,1.000000,0.574132,0.261171,0.201489
-0.420560,0.882887,0.574132,1.000000,0.363043,0.257395
-0.446189,0.329866,0.261171,0.363043,1.000000,-0.011618
-0.129045,0.200585,0.201489,0.257395,-0.011618,1.000000
