atmos_pressure, temp_mean, rh_mean, vapor_pressure_mean, wspd_arith_mean
1.000000,-0.829555,0.707818,-0.449932,0.893457
-0.829555,1.000000,-0.848576,0.454071,-0.824053
0.707818,-0.848576,1.000000,0.069374,0.694935
-0.449932,0.454071,0.069374,1.000000,-0.433028
0.893457,-0.824053,0.694935,-0.433028,1.000000
