atmos_pressure, temp_mean, rh_mean, vapor_pressure_mean, wspd_arith_mean, tbrg_precip_total_corr
1.000000,0.110299,-0.068690,0.173745,-0.483583,-0.073080
0.110299,1.000000,-0.453633,0.931393,-0.117762,0.049172
-0.068690,-0.453633,1.000000,-0.177234,-0.101518,-0.044516
0.173745,0.931393,-0.177234,1.000000,-0.201454,0.024389
-0.483583,-0.117762,-0.101518,-0.201454,1.000000,0.230555
-0.073080,0.049172,-0.044516,0.024389,0.230555,1.000000
