atmos_pressure, temp_mean, rh_mean, vapor_pressure_mean, wspd_arith_mean
1.000000,-0.896151,0.699110,-0.643539,-0.264582
-0.896151,1.000000,-0.921414,0.481851,0.350195
0.699110,-0.921414,1.000000,-0.130747,-0.436873
-0.643539,0.481851,-0.130747,1.000000,0.007626
-0.264582,0.350195,-0.436873,0.007626,1.000000
