atmos_pressure, temp_mean, rh_mean, vapor_pressure_mean, wspd_arith_mean
1.000000,-0.237929,0.415617,-0.015127,0.455899
-0.237929,1.000000,-0.954853,0.936502,0.022137
0.415617,-0.954853,1.000000,-0.791270,0.128514
-0.015127,0.936502,-0.791270,1.000000,0.178354
0.455899,0.022137,0.128514,0.178354,1.000000
