atmos_pressure, temp_mean, rh_mean, vapor_pressure_mean, wspd_arith_mean, tbrg_precip_total_corr
1.000000,-0.346943,-0.351704,-0.422725,-0.301116,-0.213200
-0.346943,1.000000,0.011172,0.973048,0.116233,0.348009
-0.351704,0.011172,1.000000,0.202640,0.086872,-0.026661
-0.422725,0.973048,0.202640,1.000000,0.129977,0.357461
-0.301116,0.116233,0.086872,0.129977,1.000000,0.144262
-0.213200,0.348009,-0.026661,0.357461,0.144262,1.000000
