atmos_pressure, temp_mean, rh_mean, vapor_pressure_mean, wspd_arith_mean, tbrg_precip_total_corr
1.000000,-0.288520,-0.028888,-0.270054,-0.441065,-0.031544
-0.288520,1.000000,-0.034734,0.849975,-0.038389,0.083378
-0.028888,-0.034734,1.000000,0.448074,-0.307025,0.116045
-0.270054,0.849975,0.448074,1.000000,-0.208738,0.148549
-0.441065,-0.038389,-0.307025,-0.208738,1.000000,-0.047033
-0.031544,0.083378,0.116045,0.148549,-0.047033,1.000000
