atmos_pressure, temp_mean, rh_mean, vapor_pressure_mean, wspd_arith_mean
1.000000,-0.583803,0.011268,-0.623389,-0.330060
-0.583803,1.000000,-0.546927,0.577338,0.366837
0.011268,-0.546927,1.000000,0.302742,-0.272669
-0.623389,0.577338,0.302742,1.000000,0.163555
-0.330060,0.366837,-0.272669,0.163555,1.000000
