atmos_pressure, temp_mean, rh_mean, vapor_pressure_mean, wspd_arith_mean
1.000000,-0.212149,-0.161657,-0.283512,-0.259977
-0.212149,1.000000,-0.297628,0.808365,0.108119
-0.161657,-0.297628,1.000000,0.276708,-0.147532
-0.283512,0.808365,0.276708,1.000000,0.003036
-0.259977,0.108119,-0.147532,0.003036,1.000000
