atmos_pressure, temp_mean, rh_mean, vapor_pressure_mean, wspd_arith_mean
1.000000,-0.524817,-0.198977,-0.603819,-0.219581
-0.524817,1.000000,-0.330402,0.676236,0.338023
-0.198977,-0.330402,1.000000,0.407613,-0.197674
-0.603819,0.676236,0.407613,1.000000,0.211468
-0.219581,0.338023,-0.197674,0.211468,1.000000
