atmos_pressure, temp_mean, rh_mean, vapor_pressure_mean, wspd_arith_mean, tbrg_precip_total_corr
1.000000,0.103125,0.022281,0.127147,-0.359723,0.025493
0.103125,1.000000,-0.369595,0.747539,-0.058200,0.208182
0.022281,-0.369595,1.000000,0.304327,-0.052932,-0.119380
0.127147,0.747539,0.304327,1.000000,-0.113187,0.116749
-0.359723,-0.058200,-0.052932,-0.113187,1.000000,-0.015759
0.025493,0.208182,-0.119380,0.116749,-0.015759,1.000000
