atmos_pressure, temp_mean, rh_mean, vapor_pressure_mean, wspd_arith_mean
1.000000,-0.089420,-0.071077,-0.160348,-0.297902
-0.089420,1.000000,-0.170133,0.818252,0.139744
-0.071077,-0.170133,1.000000,0.341085,-0.167565
-0.160348,0.818252,0.341085,1.000000,0.022626
-0.297902,0.139744,-0.167565,0.022626,1.000000
