atmos_pressure, temp_mean, rh_mean, vapor_pressure_mean, wspd_arith_mean, tbrg_precip_total_corr
1.000000,-0.423411,0.712976,0.293152,-0.425100,nan
-0.423411,1.000000,-0.700505,0.508424,0.345451,nan
0.712976,-0.700505,1.000000,0.257781,-0.371677,nan
0.293152,0.508424,0.257781,1.000000,0.013071,nan
-0.425100,0.345451,-0.371677,0.013071,1.000000,nan
nan,nan,nan,nan,nan,nan
