atmos_pressure, temp_mean, rh_mean, vapor_pressure_mean, wspd_arith_mean
1.000000,-0.849694,0.699056,-0.808008,-0.130197
-0.849694,1.000000,-0.877961,0.945710,-0.116048
0.699056,-0.877961,1.000000,-0.687804,-0.089989
-0.808008,0.945710,-0.687804,1.000000,-0.277535
-0.130197,-0.116048,-0.089989,-0.277535,1.000000
