atmos_pressure, temp_mean, rh_mean, vapor_pressure_mean, wspd_arith_mean, tbrg_precip_total_corr
1.000000,0.225035,-0.034738,0.269146,-0.304412,-0.005240
0.225035,1.000000,-0.141539,0.955299,-0.014191,0.109849
-0.034738,-0.141539,1.000000,0.081235,-0.137699,-0.074617
0.269146,0.955299,0.081235,1.000000,-0.082967,0.092108
-0.304412,-0.014191,-0.137699,-0.082967,1.000000,0.344928
-0.005240,0.109849,-0.074617,0.092108,0.344928,1.000000
