atmos_pressure, temp_mean, rh_mean, vapor_pressure_mean, wspd_arith_mean, tbrg_precip_total_corr
1.000000,-0.768245,0.749889,0.100680,-0.498268,nan
-0.768245,1.000000,-0.825955,0.119333,0.249328,nan
0.749889,-0.825955,1.000000,0.459832,-0.151123,nan
0.100680,0.119333,0.459832,1.000000,0.134658,nan
-0.498268,0.249328,-0.151123,0.134658,1.000000,nan
nan,nan,nan,nan,nan,nan
