atmos_pressure, temp_mean, rh_mean, vapor_pressure_mean, wspd_arith_mean, tbrg_precip_total_corr
1.000000,-0.608435,0.088703,-0.344864,-0.206755,-0.083916
-0.608435,1.000000,-0.316478,0.630478,-0.192338,0.008103
0.088703,-0.316478,1.000000,0.508796,0.131823,-0.131755
-0.344864,0.630478,0.508796,1.000000,-0.113869,-0.143079
-0.206755,-0.192338,0.131823,-0.113869,1.000000,-0.101606
-0.083916,0.008103,-0.131755,-0.143079,-0.101606,1.000000
