atmos_pressure, temp_mean, rh_mean, vapor_pressure_mean, wspd_arith_mean, tbrg_precip_total_corr
1.000000,-0.687885,0.705702,-0.037801,0.828056,nan
-0.687885,1.000000,-0.714276,0.488958,-0.648464,nan
0.705702,-0.714276,1.000000,0.258502,0.565065,nan
-0.037801,0.488958,0.258502,1.000000,-0.147487,nan
0.828056,-0.648464,0.565065,-0.147487,1.000000,nan
nan,nan,nan,nan,nan,nan
