atmos_pressure, temp_mean, rh_mean, vapor_pressure_mean, wspd_arith_mean
1.000000,-0.821198,0.775831,0.527360,-0.281145
-0.821198,1.000000,-0.924127,-0.621772,0.070365
0.775831,-0.924127,1.000000,0.871410,-0.081428
0.527360,-0.621772,0.871410,1.000000,-0.071511
-0.281145,0.070365,-0.081428,-0.071511,1.000000
