atmos_pressure, temp_mean, rh_mean, vapor_pressure_mean, wspd_arith_mean, tbrg_precip_total_corr
1.000000,-0.690865,0.384489,-0.351196,-0.374400,nan
-0.690865,1.000000,-0.331625,0.667422,-0.119323,nan
0.384489,-0.331625,1.000000,0.479961,-0.132239,nan
-0.351196,0.667422,0.479961,1.000000,-0.209701,nan
-0.374400,-0.119323,-0.132239,-0.209701,1.000000,nan
nan,nan,nan,nan,nan,nan
