atmos_pressure, temp_mean, rh_mean, vapor_pressure_mean, wspd_arith_mean, tbrg_precip_total_corr
1.000000,-0.805860,-0.168010,-0.805748,0.191673,-0.129905
-0.805860,1.000000,0.095984,0.955413,-0.219917,0.161725
-0.168010,0.095984,1.000000,0.360937,-0.319731,-0.065710
-0.805748,0.955413,0.360937,1.000000,-0.273514,0.125059
0.191673,-0.219917,-0.319731,-0.273514,1.000000,0.134239
-0.129905,0.161725,-0.065710,0.125059,0.134239,1.000000
