atmos_pressure, temp_mean, rh_mean, vapor_pressure_mean, wspd_arith_mean
1.000000,-0.765214,0.700604,-0.547996,-0.065303
-0.765214,1.000000,-0.911360,0.683696,-0.025044
0.700604,-0.911360,1.000000,-0.326090,0.131184
-0.547996,0.683696,-0.326090,1.000000,0.167345
-0.065303,-0.025044,0.131184,0.167345,1.000000
