atmos_pressure, temp_mean, rh_mean, vapor_pressure_mean, wspd_arith_mean, tbrg_precip_total_corr
1.000000,-0.313087,0.510765,0.124512,-0.041368,nan
-0.313087,1.000000,-0.873411,0.680773,0.197116,nan
0.510765,-0.873411,1.000000,-0.238971,-0.117115,nan
0.124512,0.680773,-0.238971,1.000000,0.212809,nan
-0.041368,0.197116,-0.117115,0.212809,1.000000,nan
nan,nan,nan,nan,nan,nan
