atmos_pressure, temp_mean, rh_mean, vapor_pressure_mean, wspd_arith_mean, tbrg_precip_total_corr
1.000000,-0.417822,0.079038,-0.342672,-0.323456,-0.042372
-0.417822,1.000000,-0.305709,0.786250,0.231536,0.105169
0.079038,-0.305709,1.000000,0.315651,-0.240597,0.067120
-0.342672,0.786250,0.315651,1.000000,0.077482,0.148139
-0.323456,0.231536,-0.240597,0.077482,1.000000,-0.043162
-0.042372,0.105169,0.067120,0.148139,-0.043162,1.000000
