atmos_pressure, temp_mean, rh_mean, vapor_pressure_mean, wspd_arith_mean
1.000000,-0.458196,-0.088034,-0.531560,-0.410802
-0.458196,1.000000,-0.537353,0.631967,0.442751
-0.088034,-0.537353,1.000000,0.257114,-0.222745
-0.531560,0.631967,0.257114,1.000000,0.300823
-0.410802,0.442751,-0.222745,0.300823,1.000000
