atmos_pressure, temp_mean, rh_mean, vapor_pressure_mean, wspd_arith_mean, tbrg_precip_total_corr
1.000000,-0.319715,-0.164841,-0.294277,-0.144849,-0.184463
-0.319715,1.000000,-0.027179,0.964916,-0.003804,0.193538
-0.164841,-0.027179,1.000000,0.154054,-0.085647,-0.064408
-0.294277,0.964916,0.154054,1.000000,-0.052496,0.174594
-0.144849,-0.003804,-0.085647,-0.052496,1.000000,0.284823
-0.184463,0.193538,-0.064408,0.174594,0.284823,1.000000
