atmos_pressure, temp_mean, rh_mean, vapor_pressure_mean, wspd_arith_mean, tbrg_precip_total_corr
1.000000,-0.793373,0.461295,-0.168784,0.045349,nan
-0.793373,1.000000,-0.686243,0.063604,-0.349732,nan
0.461295,-0.686243,1.000000,0.681912,0.437378,nan
-0.168784,0.063604,0.681912,1.000000,0.249245,nan
0.045349,-0.349732,0.437378,0.249245,1.000000,nan
nan,nan,nan,nan,nan,nan
