atmos_pressure, temp_mean, rh_mean, vapor_pressure_mean, wspd_arith_mean
1.000000,-0.462506,0.020079,-0.400797,-0.344406
-0.462506,1.000000,-0.370653,0.778779,0.261379
0.020079,-0.370653,1.000000,0.227353,-0.359092
-0.400797,0.778779,0.227353,1.000000,0.071759
-0.344406,0.261379,-0.359092,0.071759,1.000000
