atmos_pressure, temp_mean, rh_mean, vapor_pressure_mean, wspd_arith_mean
1.000000,-0.539170,0.127017,-0.414601,-0.427514
-0.539170,1.000000,-0.351138,0.779744,0.272050
0.127017,-0.351138,1.000000,0.241332,-0.395936
-0.414601,0.779744,0.241332,1.000000,0.051142
-0.427514,0.272050,-0.395936,0.051142,1.000000
