atmos_pressure, temp_mean, rh_mean, vapor_pressure_mean, wspd_arith_mean, tbrg_precip_total_corr
1.000000,-0.759004,0.339892,-0.643482,-0.167985,-0.164213
-0.759004,1.000000,-0.702699,0.580755,0.172898,0.179159
0.339892,-0.702699,1.000000,0.114736,-0.350164,-0.146070
-0.643482,0.580755,0.114736,1.000000,-0.054875,0.067053
-0.167985,0.172898,-0.350164,-0.054875,1.000000,0.110360
-0.164213,0.179159,-0.146070,0.067053,0.110360,1.000000
