atmos_pressure, temp_mean, rh_mean, vapor_pressure_mean, wspd_arith_mean, tbrg_precip_total_corr
1.000000,-0.508341,0.135087,-0.496386,-0.496995,-0.096704
-0.508341,1.000000,-0.542532,0.769395,0.136838,0.120514
0.135087,-0.542532,1.000000,0.094162,-0.285683,-0.060370
-0.496386,0.769395,0.094162,1.000000,-0.082239,0.079642
-0.496995,0.136838,-0.285683,-0.082239,1.000000,0.086847
-0.096704,0.120514,-0.060370,0.079642,0.086847,1.000000
