atmos_pressure, temp_mean, rh_mean, vapor_pressure_mean, wspd_arith_mean, tbrg_precip_total_corr
1.000000,-0.301298,-0.066292,-0.268088,-0.220268,0.001376
-0.301298,1.000000,0.065853,0.942382,-0.178125,0.144555
-0.066292,0.065853,1.000000,0.333997,-0.102361,-0.035483
-0.268088,0.942382,0.333997,1.000000,-0.205373,0.119377
-0.220268,-0.178125,-0.102361,-0.205373,1.000000,0.212993
0.001376,0.144555,-0.035483,0.119377,0.212993,1.000000
