atmos_pressure, temp_mean, rh_mean, vapor_pressure_mean, wspd_arith_mean
1.000000,-0.503373,0.039886,-0.496898,-0.349287
-0.503373,1.000000,-0.452532,0.688169,0.214160
0.039886,-0.452532,1.000000,0.263452,-0.273249
-0.496898,0.688169,0.263452,1.000000,0.085432
-0.349287,0.214160,-0.273249,0.085432,1.000000
