atmos_pressure, temp_mean, rh_mean, vapor_pressure_mean, wspd_arith_mean, tbrg_precip_total_corr
1.000000,-0.545492,-0.193510,-0.796921,0.104838,-0.218249
-0.545492,1.000000,-0.487860,0.467292,0.361767,0.144566
-0.193510,-0.487860,1.000000,0.505421,-0.665280,0.080595
-0.796921,0.467292,0.505421,1.000000,-0.272086,0.276684
0.104838,0.361767,-0.665280,-0.272086,1.000000,-0.074325
-0.218249,0.144566,0.080595,0.276684,-0.074325,1.000000
