atmos_pressure, temp_mean, rh_mean, vapor_pressure_mean, wspd_arith_mean, tbrg_precip_total_corr
1.000000,-0.424641,0.050840,-0.357659,-0.003646,-0.075352
-0.424641,1.000000,-0.312853,0.733501,-0.078711,0.169041
0.050840,-0.312853,1.000000,0.402825,-0.408199,-0.387378
-0.357659,0.733501,0.402825,1.000000,-0.321126,-0.131766
-0.003646,-0.078711,-0.408199,-0.321126,1.000000,0.112218
-0.075352,0.169041,-0.387378,-0.131766,0.112218,1.000000
