atmos_pressure, temp_mean, rh_mean, vapor_pressure_mean, wspd_arith_mean
1.000000,-0.428692,0.455390,-0.185646,0.010418
-0.428692,1.000000,-0.994999,0.649154,0.282590
0.455390,-0.994999,1.000000,-0.578959,-0.273797
-0.185646,0.649154,-0.578959,1.000000,0.218659
0.010418,0.282590,-0.273797,0.218659,1.000000
