atmos_pressure, temp_mean, rh_mean, vapor_pressure_mean, wspd_arith_mean
1.000000,-0.638267,-0.014720,-0.644215,-0.059816
-0.638267,1.000000,-0.466917,0.710490,0.171861
-0.014720,-0.466917,1.000000,0.219361,-0.334642
-0.644215,0.710490,0.219361,1.000000,-0.030291
-0.059816,0.171861,-0.334642,-0.030291,1.000000
