atmos_pressure, temp_mean, rh_mean, vapor_pressure_mean, wspd_arith_mean
1.000000,-0.756348,0.396990,-0.329665,-0.103934
-0.756348,1.000000,-0.546457,0.397022,-0.191587
0.396990,-0.546457,1.000000,0.551081,0.405727
-0.329665,0.397022,0.551081,1.000000,0.254206
-0.103934,-0.191587,0.405727,0.254206,1.000000
