atmos_pressure, temp_mean, rh_mean, vapor_pressure_mean, wspd_arith_mean
1.000000,-0.000982,-0.189167,-0.572814,0.330222
-0.000982,1.000000,-0.961066,-0.547788,0.700262
-0.189167,-0.961066,1.000000,0.731751,-0.691278
-0.572814,-0.547788,0.731751,1.000000,-0.541338
0.330222,0.700262,-0.691278,-0.541338,1.000000
