atmos_pressure, temp_mean, rh_mean, vapor_pressure_mean, wspd_arith_mean, tbrg_precip_total_corr
1.000000,-0.435767,0.022861,-0.372618,-0.504216,-0.085806
-0.435767,1.000000,-0.279554,0.775049,0.529159,0.258743
0.022861,-0.279554,1.000000,0.356568,-0.000117,0.085199
-0.372618,0.775049,0.356568,1.000000,0.499940,0.330045
-0.504216,0.529159,-0.000117,0.499940,1.000000,0.131802
-0.085806,0.258743,0.085199,0.330045,0.131802,1.000000
