atmos_pressure, temp_mean, rh_mean, vapor_pressure_mean, wspd_arith_mean, tbrg_precip_total_corr
1.000000,-0.438145,0.078806,-0.379473,-0.574107,-0.065784
-0.438145,1.000000,-0.387685,0.840830,0.162391,0.111561
0.078806,-0.387685,1.000000,0.117400,-0.381401,-0.010126
-0.379473,0.840830,0.117400,1.000000,-0.060647,0.131449
-0.574107,0.162391,-0.381401,-0.060647,1.000000,0.027426
-0.065784,0.111561,-0.010126,0.131449,0.027426,1.000000
