atmos_pressure, temp_mean, rh_mean, vapor_pressure_mean, wspd_arith_mean
1.000000,-0.935425,0.106339,-0.744337,0.444834
-0.935425,1.000000,-0.372539,0.571773,-0.266355
0.106339,-0.372539,1.000000,0.539082,-0.318772
-0.744337,0.571773,0.539082,1.000000,-0.494148
0.444834,-0.266355,-0.318772,-0.494148,1.000000
