atmos_pressure, temp_mean, rh_mean, vapor_pressure_mean, wspd_arith_mean
1.000000,-0.598921,0.070762,-0.616823,-0.345084
-0.598921,1.000000,-0.612622,0.554513,0.516007
0.070762,-0.612622,1.000000,0.261963,-0.435020
-0.616823,0.554513,0.261963,1.000000,0.212546
-0.345084,0.516007,-0.435020,0.212546,1.000000
