atmos_pressure, temp_mean, rh_mean, vapor_pressure_mean, wspd_arith_mean, tbrg_precip_total_corr
1.000000,0.328534,-0.374297,-0.066208,0.802040,nan
0.328534,1.000000,-0.980682,-0.648933,0.403936,nan
-0.374297,-0.980682,1.000000,0.761887,-0.406062,nan
-0.066208,-0.648933,0.761887,1.000000,0.016139,nan
0.802040,0.403936,-0.406062,0.016139,1.000000,nan
nan,nan,nan,nan,nan,nan
