atmos_pressure, temp_mean, rh_mean, vapor_pressure_mean, wspd_arith_mean, tbrg_precip_total_corr
1.000000,0.324597,-0.140240,0.315918,-0.176468,-0.061205
0.324597,1.000000,-0.588647,0.710360,0.072078,0.118915
-0.140240,-0.588647,1.000000,0.123114,-0.076259,-0.070067
0.315918,0.710360,0.123114,1.000000,0.025503,0.091614
-0.176468,0.072078,-0.076259,0.025503,1.000000,0.102009
-0.061205,0.118915,-0.070067,0.091614,0.102009,1.000000
