atmos_pressure, temp_mean, rh_mean, vapor_pressure_mean, wspd_arith_mean
1.000000,-0.519263,-0.082912,-0.459698,-0.255120
-0.519263,1.000000,-0.186699,0.769559,0.322840
-0.082912,-0.186699,1.000000,0.412205,-0.089449
-0.459698,0.769559,0.412205,1.000000,0.250846
-0.255120,0.322840,-0.089449,0.250846,1.000000
