atmos_pressure, temp_mean, rh_mean, vapor_pressure_mean, wspd_arith_mean, tbrg_precip_total_corr
1.000000,-0.289174,-0.082275,-0.374541,-0.247662,-0.199934
-0.289174,1.000000,-0.522163,0.555889,0.072075,0.178027
-0.082275,-0.522163,1.000000,0.381727,-0.275832,-0.017495
-0.374541,0.555889,0.381727,1.000000,-0.134397,0.164092
-0.247662,0.072075,-0.275832,-0.134397,1.000000,-0.030587
-0.199934,0.178027,-0.017495,0.164092,-0.030587,1.000000
