atmos_pressure, temp_mean, rh_mean, vapor_pressure_mean, wspd_arith_mean, tbrg_precip_total_corr
1.000000,-0.369961,-0.700392,-0.602137,-0.001691,0.029793
-0.369961,1.000000,0.242712,0.848572,0.094119,0.411058
-0.700392,0.242712,1.000000,0.692240,-0.265963,-0.279661
-0.602137,0.848572,0.692240,1.000000,-0.074087,0.050108
-0.001691,0.094119,-0.265963,-0.074087,1.000000,0.076820
0.029793,0.411058,-0.279661,0.050108,0.076820,1.000000
