atmos_pressure, temp_mean, rh_mean, vapor_pressure_mean, wspd_arith_mean, tbrg_precip_total_corr
1.000000,-0.524222,0.144635,-0.436502,-0.283229,-0.049003
-0.524222,1.000000,-0.621022,0.471298,0.381842,0.056486
0.144635,-0.621022,1.000000,0.344138,-0.458116,0.091015
-0.436502,0.471298,0.344138,1.000000,0.022263,0.182137
-0.283229,0.381842,-0.458116,0.022263,1.000000,-0.099520
-0.049003,0.056486,0.091015,0.182137,-0.099520,1.000000
