atmos_pressure, temp_mean, rh_mean, vapor_pressure_mean, wspd_arith_mean
1.000000,-0.451599,-0.158935,-0.551776,-0.434729
-0.451599,1.000000,-0.470565,0.677460,0.337962
-0.158935,-0.470565,1.000000,0.273023,-0.090847
-0.551776,0.677460,0.273023,1.000000,0.279873
-0.434729,0.337962,-0.090847,0.279873,1.000000
