atmos_pressure, temp_mean, rh_mean, vapor_pressure_mean, wspd_arith_mean
1.000000,-0.175425,0.127148,0.153630,0.854729
-0.175425,1.000000,-0.977170,-0.512631,-0.043092
0.127148,-0.977170,1.000000,0.646001,0.019040
0.153630,-0.512631,0.646001,1.000000,0.169107
0.854729,-0.043092,0.019040,0.169107,1.000000
