atmos_pressure, temp_mean, rh_mean, vapor_pressure_mean, wspd_arith_mean
1.000000,-0.529778,0.103808,-0.404146,-0.379729
-0.529778,1.000000,-0.321368,0.779776,0.192710
0.103808,-0.321368,1.000000,0.269179,-0.322915
-0.404146,0.779776,0.269179,1.000000,0.003545
-0.379729,0.192710,-0.322915,0.003545,1.000000
