atmos_pressure, temp_mean, rh_mean, vapor_pressure_mean, wspd_arith_mean, tbrg_precip_total_corr
1.000000,-0.592939,0.144325,-0.448217,0.125729,-0.168683
-0.592939,1.000000,-0.225222,0.813086,-0.243675,0.270489
0.144325,-0.225222,1.000000,0.364734,-0.447756,-0.410259
-0.448217,0.813086,0.364734,1.000000,-0.501138,0.025005
0.125729,-0.243675,-0.447756,-0.501138,1.000000,0.133386
-0.168683,0.270489,-0.410259,0.025005,0.133386,1.000000
