atmos_pressure, temp_mean, rh_mean, vapor_pressure_mean, wspd_arith_mean, tbrg_precip_total_corr
1.000000,-0.420183,0.000403,-0.438618,-0.421895,-0.075865
-0.420183,1.000000,-0.471681,0.785917,0.016735,0.239183
0.000403,-0.471681,1.000000,0.142909,-0.137411,-0.177595
-0.438618,0.785917,0.142909,1.000000,-0.135745,0.130737
-0.421895,0.016735,-0.137411,-0.135745,1.000000,0.016131
-0.075865,0.239183,-0.177595,0.130737,0.016131,1.000000
