atmos_pressure, temp_mean, rh_mean, vapor_pressure_mean, wspd_arith_mean, tbrg_precip_total_corr
1.000000,0.547697,0.638331,0.747055,-0.622378,nan
0.547697,1.000000,0.242758,0.652428,-0.364208,nan
0.638331,0.242758,1.000000,0.893310,-0.248221,nan
0.747055,0.652428,0.893310,1.000000,-0.356370,nan
-0.622378,-0.364208,-0.248221,-0.356370,1.000000,nan
nan,nan,nan,nan,nan,nan
