atmos_pressure, temp_mean, rh_mean, vapor_pressure_mean, wspd_arith_mean, tbrg_precip_total_corr
1.000000,-0.182078,0.120619,-0.113026,-0.257460,-0.090116
-0.182078,1.000000,-0.236651,0.928925,0.022290,0.150057
0.120619,-0.236651,1.000000,0.051979,-0.061702,0.041115
-0.113026,0.928925,0.051979,1.000000,-0.009787,0.175718
-0.257460,0.022290,-0.061702,-0.009787,1.000000,0.390561
-0.090116,0.150057,0.041115,0.175718,0.390561,1.000000
