atmos_pressure, temp_mean, rh_mean, vapor_pressure_mean, wspd_arith_mean, tbrg_precip_total_corr
1.000000,-0.606846,0.099341,-0.212738,-0.089796,nan
-0.606846,1.000000,-0.601084,-0.204153,-0.373122,nan
0.099341,-0.601084,1.000000,0.904689,0.128206,nan
-0.212738,-0.204153,0.904689,1.000000,-0.031609,nan
-0.089796,-0.373122,0.128206,-0.031609,1.000000,nan
nan,nan,nan,nan,nan,nan
