atmos_pressure, temp_mean, rh_mean, vapor_pressure_mean, wspd_arith_mean
1.000000,-0.614508,0.600651,0.771399,-0.788250
-0.614508,1.000000,-0.985970,-0.862951,0.701391
0.600651,-0.985970,1.000000,0.902270,-0.730429
0.771399,-0.862951,0.902270,1.000000,-0.856498
-0.788250,0.701391,-0.730429,-0.856498,1.000000
