atmos_pressure, temp_mean, rh_mean, vapor_pressure_mean, wspd_arith_mean, tbrg_precip_total_corr
1.000000,-0.363821,0.099839,-0.310477,-0.270280,-0.137686
-0.363821,1.000000,-0.494065,0.737393,0.173473,0.137787
0.099839,-0.494065,1.000000,0.192929,-0.053006,0.034491
-0.310477,0.737393,0.192929,1.000000,0.114715,0.170210
-0.270280,0.173473,-0.053006,0.114715,1.000000,-0.074003
-0.137686,0.137787,0.034491,0.170210,-0.074003,1.000000
