atmos_pressure, temp_mean, rh_mean, vapor_pressure_mean, wspd_arith_mean
1.000000,-0.484313,0.004974,-0.421104,-0.372726
-0.484313,1.000000,-0.291659,0.796040,0.239621
0.004974,-0.291659,1.000000,0.267511,-0.291962
-0.421104,0.796040,0.267511,1.000000,0.057281
-0.372726,0.239621,-0.291962,0.057281,1.000000
