atmos_pressure, temp_mean, rh_mean, vapor_pressure_mean, wspd_arith_mean
1.000000,-0.066591,0.051735,0.050041,-0.822804
-0.066591,1.000000,-0.986706,-0.441850,0.032034
0.051735,-0.986706,1.000000,0.572174,-0.011211
0.050041,-0.441850,0.572174,1.000000,0.066798
-0.822804,0.032034,-0.011211,0.066798,1.000000
