atmos_pressure, temp_mean, rh_mean, vapor_pressure_mean, wspd_arith_mean, tbrg_precip_total_corr
1.000000,-0.656746,0.032117,-0.706142,-0.186886,-0.004282
-0.656746,1.000000,-0.458448,0.769527,-0.019567,0.148091
0.032117,-0.458448,1.000000,0.169840,-0.203573,-0.114078
-0.706142,0.769527,0.169840,1.000000,-0.065428,0.052341
-0.186886,-0.019567,-0.203573,-0.065428,1.000000,-0.019853
-0.004282,0.148091,-0.114078,0.052341,-0.019853,1.000000
