atmos_pressure, temp_mean, rh_mean, vapor_pressure_mean, wspd_arith_mean, tbrg_precip_total_corr
1.000000,-0.274940,0.132102,-0.242312,-0.202220,-0.011062
-0.274940,1.000000,-0.190332,0.914125,0.065513,0.038028
0.132102,-0.190332,1.000000,0.174177,-0.187906,-0.107243
-0.242312,0.914125,0.174177,1.000000,0.005883,-0.008540
-0.202220,0.065513,-0.187906,0.005883,1.000000,0.183183
-0.011062,0.038028,-0.107243,-0.008540,0.183183,1.000000
