atmos_pressure, temp_mean, rh_mean, vapor_pressure_mean, wspd_arith_mean
1.000000,-0.644349,0.344938,-0.370748,-0.252509
-0.644349,1.000000,-0.819309,0.129928,0.218613
0.344938,-0.819309,1.000000,0.451319,0.066278
-0.370748,0.129928,0.451319,1.000000,0.447969
-0.252509,0.218613,0.066278,0.447969,1.000000
