atmos_pressure, temp_mean, rh_mean, vapor_pressure_mean, wspd_arith_mean, tbrg_precip_total_corr
1.000000,-0.754888,-0.500483,-0.750705,-0.270781,-0.136842
-0.754888,1.000000,0.474233,0.916816,0.310402,0.214285
-0.500483,0.474233,1.000000,0.747694,-0.027874,0.084508
-0.750705,0.916816,0.747694,1.000000,0.154249,0.198107
-0.270781,0.310402,-0.027874,0.154249,1.000000,0.165778
-0.136842,0.214285,0.084508,0.198107,0.165778,1.000000
