atmos_pressure, temp_mean, rh_mean, vapor_pressure_mean, wspd_arith_mean, tbrg_precip_total_corr
1.000000,-0.018395,-0.375142,-0.226140,-0.645256,-0.054850
-0.018395,1.000000,-0.296862,0.765778,0.202965,0.285256
-0.375142,-0.296862,1.000000,0.348089,0.243219,0.037991
-0.226140,0.765778,0.348089,1.000000,0.353436,0.313744
-0.645256,0.202965,0.243219,0.353436,1.000000,0.027115
-0.054850,0.285256,0.037991,0.313744,0.027115,1.000000
