atmos_pressure, temp_mean, rh_mean, vapor_pressure_mean, wspd_arith_mean, tbrg_precip_total_corr
1.000000,-0.721612,0.400291,-0.257315,-0.414159,nan
-0.721612,1.000000,-0.314434,0.558748,-0.019533,nan
0.400291,-0.314434,1.000000,0.611323,-0.072907,nan
-0.257315,0.558748,0.611323,1.000000,-0.080166,nan
-0.414159,-0.019533,-0.072907,-0.080166,1.000000,nan
nan,nan,nan,nan,nan,nan
