atmos_pressure, temp_mean, rh_mean, vapor_pressure_mean, wspd_arith_mean, tbrg_precip_total_corr
1.000000,0.568529,-0.606057,0.518132,-0.144717,nan
0.568529,1.000000,-0.994152,0.992285,-0.557169,nan
-0.606057,-0.994152,1.000000,-0.973207,0.498286,nan
0.518132,0.992285,-0.973207,1.000000,-0.625265,nan
-0.144717,-0.557169,0.498286,-0.625265,1.000000,nan
nan,nan,nan,nan,nan,nan
