atmos_pressure, temp_mean, rh_mean, vapor_pressure_mean, wspd_arith_mean
1.000000,-0.727180,0.421657,-0.792705,-0.728149
-0.727180,1.000000,-0.878477,0.966843,0.765128
0.421657,-0.878477,1.000000,-0.734417,-0.732091
-0.792705,0.966843,-0.734417,1.000000,0.707126
-0.728149,0.765128,-0.732091,0.707126,1.000000
