atmos_pressure, temp_mean, rh_mean, vapor_pressure_mean, wspd_arith_mean
1.000000,-0.533103,-0.123793,-0.564367,-0.204883
-0.533103,1.000000,-0.355789,0.724462,0.292799
-0.123793,-0.355789,1.000000,0.321765,-0.208283
-0.564367,0.724462,0.321765,1.000000,0.188384
-0.204883,0.292799,-0.208283,0.188384,1.000000
