atmos_pressure, temp_mean, rh_mean, vapor_pressure_mean, wspd_arith_mean, tbrg_precip_total_corr
1.000000,-0.528171,-0.326928,-0.745722,-0.360264,0.044462
-0.528171,1.000000,-0.294895,0.834453,0.015481,0.005944
-0.326928,-0.294895,1.000000,0.224019,-0.127087,-0.090294
-0.745722,0.834453,0.224019,1.000000,0.024341,-0.025213
-0.360264,0.015481,-0.127087,0.024341,1.000000,0.177534
0.044462,0.005944,-0.090294,-0.025213,0.177534,1.000000
