atmos_pressure, temp_mean, rh_mean, vapor_pressure_mean, wspd_arith_mean
1.000000,-0.621283,-0.063605,-0.643990,-0.023778
-0.621283,1.000000,-0.436679,0.734433,0.062226
-0.063605,-0.436679,1.000000,0.216929,-0.236891
-0.643990,0.734433,0.216929,1.000000,-0.103265
-0.023778,0.062226,-0.236891,-0.103265,1.000000
