atmos_pressure, temp_mean, rh_mean, vapor_pressure_mean, wspd_arith_mean
1.000000,-0.941118,0.586480,-0.809585,0.192050
-0.941118,1.000000,-0.793089,0.666892,-0.029765
0.586480,-0.793089,1.000000,-0.081823,-0.339575
-0.809585,0.666892,-0.081823,1.000000,-0.425039
0.192050,-0.029765,-0.339575,-0.425039,1.000000
