atmos_pressure, temp_mean, rh_mean, vapor_pressure_mean, wspd_arith_mean, tbrg_precip_total_corr
1.000000,0.971219,-0.574593,0.930241,-0.057223,nan
0.971219,1.000000,-0.727175,0.856665,0.181025,nan
-0.574593,-0.727175,1.000000,-0.268840,-0.713111,nan
0.930241,0.856665,-0.268840,1.000000,-0.279397,nan
-0.057223,0.181025,-0.713111,-0.279397,1.000000,nan
nan,nan,nan,nan,nan,nan
