atmos_pressure, temp_mean, rh_mean, vapor_pressure_mean, wspd_arith_mean
1.000000,-0.508964,0.121115,-0.386175,-0.400866
-0.508964,1.000000,-0.393614,0.753382,0.215663
0.121115,-0.393614,1.000000,0.229914,-0.353022
-0.386175,0.753382,0.229914,1.000000,0.010338
-0.400866,0.215663,-0.353022,0.010338,1.000000
