atmos_pressure, temp_mean, rh_mean, vapor_pressure_mean, wspd_arith_mean, tbrg_precip_total_corr
1.000000,-0.770203,0.543651,0.067263,-0.305246,nan
-0.770203,1.000000,-0.643523,-0.012029,-0.021722,nan
0.543651,-0.643523,1.000000,0.772435,-0.101890,nan
0.067263,-0.012029,0.772435,1.000000,-0.152067,nan
-0.305246,-0.021722,-0.101890,-0.152067,1.000000,nan
nan,nan,nan,nan,nan,nan
