atmos_pressure, temp_mean, rh_mean, vapor_pressure_mean, wspd_arith_mean, tbrg_precip_total_corr
1.000000,-0.759058,-0.440543,-0.774984,-0.123648,0.162206
-0.759058,1.000000,0.225495,0.957346,-0.004905,0.031866
-0.440543,0.225495,1.000000,0.442545,-0.048633,-0.709020
-0.774984,0.957346,0.442545,1.000000,-0.032012,-0.140471
-0.123648,-0.004905,-0.048633,-0.032012,1.000000,0.021235
0.162206,0.031866,-0.709020,-0.140471,0.021235,1.000000
