atmos_pressure, temp_mean, rh_mean, vapor_pressure_mean, wspd_arith_mean, tbrg_precip_total_corr
1.000000,-0.333651,0.049480,-0.300367,-0.383085,-0.182461
-0.333651,1.000000,-0.499927,0.677447,0.333275,0.116452
0.049480,-0.499927,1.000000,0.273432,-0.455094,-0.133498
-0.300367,0.677447,0.273432,1.000000,-0.017456,0.012544
-0.383085,0.333275,-0.455094,-0.017456,1.000000,0.266429
-0.182461,0.116452,-0.133498,0.012544,0.266429,1.000000
