atmos_pressure, temp_mean, rh_mean, vapor_pressure_mean, wspd_arith_mean
1.000000,-0.422360,0.013430,-0.397543,-0.356493
-0.422360,1.000000,-0.405448,0.766282,0.249551
0.013430,-0.405448,1.000000,0.208382,-0.319362
-0.397543,0.766282,0.208382,1.000000,0.055510
-0.356493,0.249551,-0.319362,0.055510,1.000000
