atmos_pressure, temp_mean, rh_mean, vapor_pressure_mean, wspd_arith_mean
1.000000,-0.425009,-0.044846,-0.398792,-0.295558
-0.425009,1.000000,-0.395702,0.769566,0.147945
-0.044846,-0.395702,1.000000,0.205585,-0.235800
-0.398792,0.769566,0.205585,1.000000,0.012931
-0.295558,0.147945,-0.235800,0.012931,1.000000
