atmos_pressure, temp_mean, rh_mean, vapor_pressure_mean, wspd_arith_mean, tbrg_precip_total_corr
1.000000,-0.443331,0.111302,-0.287174,0.002239,-0.066427
-0.443331,1.000000,-0.340238,0.748423,0.133048,0.293623
0.111302,-0.340238,1.000000,0.346958,-0.475639,-0.757664
-0.287174,0.748423,0.346958,1.000000,-0.162586,-0.260644
0.002239,0.133048,-0.475639,-0.162586,1.000000,0.294443
-0.066427,0.293623,-0.757664,-0.260644,0.294443,1.000000
