atmos_pressure, temp_mean, rh_mean, vapor_pressure_mean, wspd_arith_mean, tbrg_precip_total_corr
1.000000,-0.626540,0.342502,-0.728500,0.064964,-0.137671
-0.626540,1.000000,-0.844022,0.862862,-0.501629,0.222826
0.342502,-0.844022,1.000000,-0.492203,0.523500,-0.237099
-0.728500,0.862862,-0.492203,1.000000,-0.254118,0.129118
0.064964,-0.501629,0.523500,-0.254118,1.000000,-0.090734
-0.137671,0.222826,-0.237099,0.129118,-0.090734,1.000000
