atmos_pressure, temp_mean, rh_mean, vapor_pressure_mean, wspd_arith_mean
1.000000,-0.220262,0.230552,-0.174643,0.272621
-0.220262,1.000000,-0.826481,0.917996,-0.373513
0.230552,-0.826481,1.000000,-0.536367,0.495601
-0.174643,0.917996,-0.536367,1.000000,-0.209202
0.272621,-0.373513,0.495601,-0.209202,1.000000
