atmos_pressure, temp_mean, rh_mean, vapor_pressure_mean, wspd_arith_mean, tbrg_precip_total_corr
1.000000,-0.583631,-0.441042,-0.706114,-0.705814,0.195807
-0.583631,1.000000,0.096526,0.830417,0.803926,0.191828
-0.441042,0.096526,1.000000,0.625342,0.444535,-0.586713
-0.706114,0.830417,0.625342,1.000000,0.875623,-0.194640
-0.705814,0.803926,0.444535,0.875623,1.000000,0.020401
0.195807,0.191828,-0.586713,-0.194640,0.020401,1.000000
