atmos_pressure, temp_mean, rh_mean, vapor_pressure_mean, wspd_arith_mean, tbrg_precip_total_corr
1.000000,-0.764732,-0.575721,-0.758931,-0.563563,0.176746
-0.764732,1.000000,0.530264,0.947454,0.786342,-0.094116
-0.575721,0.530264,1.000000,0.728656,0.344925,-0.182160
-0.758931,0.947454,0.728656,1.000000,0.779449,-0.166247
-0.563563,0.786342,0.344925,0.779449,1.000000,-0.191407
0.176746,-0.094116,-0.182160,-0.166247,-0.191407,1.000000
