atmos_pressure, temp_mean, rh_mean, vapor_pressure_mean, wspd_arith_mean
1.000000,0.042196,-0.254978,-0.655152,0.097284
0.042196,1.000000,-0.954271,0.262018,0.465480
-0.254978,-0.954271,1.000000,0.020689,-0.476923
-0.655152,0.262018,0.020689,1.000000,-0.053262
0.097284,0.465480,-0.476923,-0.053262,1.000000
