atmos_pressure, temp_mean, rh_mean, vapor_pressure_mean, wspd_arith_mean
1.000000,-0.726754,0.398008,-0.552310,-0.673392
-0.726754,1.000000,-0.829278,0.389882,0.726971
0.398008,-0.829278,1.000000,0.172413,-0.380955
-0.552310,0.389882,0.172413,1.000000,0.650652
-0.673392,0.726971,-0.380955,0.650652,1.000000
