atmos_pressure, temp_mean, rh_mean, vapor_pressure_mean, wspd_arith_mean, tbrg_precip_total_corr
1.000000,0.550218,-0.719936,-0.799174,-0.492771,-0.371594
0.550218,1.000000,-0.943773,-0.459879,0.260990,-0.345312
-0.719936,-0.943773,1.000000,0.727354,-0.040373,0.414362
-0.799174,-0.459879,0.727354,1.000000,0.452116,0.397867
-0.492771,0.260990,-0.040373,0.452116,1.000000,0.136008
-0.371594,-0.345312,0.414362,0.397867,0.136008,1.000000
