atmos_pressure, temp_mean, rh_mean, vapor_pressure_mean, wspd_arith_mean
1.000000,-0.292513,-0.055961,-0.334362,-0.297140
-0.292513,1.000000,-0.505177,0.743313,0.144183
-0.055961,-0.505177,1.000000,0.158161,-0.194071
-0.334362,0.743313,0.158161,1.000000,0.004079
-0.297140,0.144183,-0.194071,0.004079,1.000000
