atmos_pressure, temp_mean, rh_mean, vapor_pressure_mean, wspd_arith_mean
1.000000,0.003684,-0.205421,-0.479955,-0.397236
0.003684,1.000000,-0.948932,0.370561,-0.210840
-0.205421,-0.948932,1.000000,-0.071095,0.383513
-0.479955,0.370561,-0.071095,1.000000,0.524977
-0.397236,-0.210840,0.383513,0.524977,1.000000
