atmos_pressure, temp_mean, rh_mean, vapor_pressure_mean, wspd_arith_mean, tbrg_precip_total_corr
1.000000,-0.162720,-0.070193,-0.212221,-0.312196,-0.120096
-0.162720,1.000000,-0.489575,0.967966,0.039272,0.394279
-0.070193,-0.489575,1.000000,-0.279520,0.024079,-0.386708
-0.212221,0.967966,-0.279520,1.000000,0.066366,0.355592
-0.312196,0.039272,0.024079,0.066366,1.000000,0.216283
-0.120096,0.394279,-0.386708,0.355592,0.216283,1.000000
