atmos_pressure, temp_mean, rh_mean, vapor_pressure_mean, wspd_arith_mean, tbrg_precip_total_corr
1.000000,-0.334992,0.042491,-0.365532,-0.338597,-0.083643
-0.334992,1.000000,-0.592317,0.726086,0.203620,0.189867
0.042491,-0.592317,1.000000,0.089004,-0.068002,-0.026170
-0.365532,0.726086,0.089004,1.000000,0.170528,0.206296
-0.338597,0.203620,-0.068002,0.170528,1.000000,0.018494
-0.083643,0.189867,-0.026170,0.206296,0.018494,1.000000
