atmos_pressure, temp_mean, rh_mean, vapor_pressure_mean, wspd_arith_mean, tbrg_precip_total_corr
1.000000,0.786281,-0.937152,-0.150888,0.377129,nan
0.786281,1.000000,-0.889255,0.413172,0.595146,nan
-0.937152,-0.889255,1.000000,0.048492,-0.502194,nan
-0.150888,0.413172,0.048492,1.000000,0.298513,nan
0.377129,0.595146,-0.502194,0.298513,1.000000,nan
nan,nan,nan,nan,nan,nan
