atmos_pressure, temp_mean, rh_mean, vapor_pressure_mean, wspd_arith_mean, tbrg_precip_total_corr
1.000000,-0.548374,-0.303611,-0.747518,-0.246237,-0.093158
-0.548374,1.000000,-0.333170,0.769880,0.574922,0.158718
-0.303611,-0.333170,1.000000,0.330314,-0.499090,0.003717
-0.747518,0.769880,0.330314,1.000000,0.266051,0.171629
-0.246237,0.574922,-0.499090,0.266051,1.000000,0.050674
-0.093158,0.158718,0.003717,0.171629,0.050674,1.000000
