atmos_pressure, temp_mean, rh_mean, vapor_pressure_mean, wspd_arith_mean, tbrg_precip_total_corr
1.000000,-0.138204,-0.083961,-0.148706,0.845747,nan
-0.138204,1.000000,-0.943031,-0.277350,-0.276470,nan
-0.083961,-0.943031,1.000000,0.531141,0.130817,nan
-0.148706,-0.277350,0.531141,1.000000,0.116000,nan
0.845747,-0.276470,0.130817,0.116000,1.000000,nan
nan,nan,nan,nan,nan,nan
