atmos_pressure, temp_mean, rh_mean, vapor_pressure_mean, wspd_arith_mean
1.000000,-0.568267,0.007838,-0.633307,-0.277303
-0.568267,1.000000,-0.582554,0.628365,0.354833
0.007838,-0.582554,1.000000,0.215672,-0.277411
-0.633307,0.628365,0.215672,1.000000,0.179644
-0.277303,0.354833,-0.277411,0.179644,1.000000
