atmos_pressure, temp_mean, rh_mean, vapor_pressure_mean, wspd_arith_mean, tbrg_precip_total_corr
1.000000,-0.204356,0.182490,-0.190235,-0.184501,-0.097860
-0.204356,1.000000,-0.523980,0.897349,-0.015367,0.071655
0.182490,-0.523980,1.000000,-0.154380,-0.104310,-0.012642
-0.190235,0.897349,-0.154380,1.000000,-0.086962,0.061583
-0.184501,-0.015367,-0.104310,-0.086962,1.000000,0.296499
-0.097860,0.071655,-0.012642,0.061583,0.296499,1.000000
