atmos_pressure, temp_mean, rh_mean, vapor_pressure_mean, wspd_arith_mean, tbrg_precip_total_corr
1.000000,-0.633840,-0.229008,-0.544032,-0.439789,nan
-0.633840,1.000000,-0.325653,0.133933,0.085175,nan
-0.229008,-0.325653,1.000000,0.893038,0.154490,nan
-0.544032,0.133933,0.893038,1.000000,0.204779,nan
-0.439789,0.085175,0.154490,0.204779,1.000000,nan
nan,nan,nan,nan,nan,nan
