atmos_pressure, temp_mean, rh_mean, vapor_pressure_mean, wspd_arith_mean, tbrg_precip_total_corr
1.000000,-0.101532,-0.207163,-0.431403,-0.202393,-0.141560
-0.101532,1.000000,-0.718455,0.347892,0.332528,-0.044865
-0.207163,-0.718455,1.000000,0.338363,-0.266335,0.149053
-0.431403,0.347892,0.338363,1.000000,0.194050,0.157517
-0.202393,0.332528,-0.266335,0.194050,1.000000,0.056855
-0.141560,-0.044865,0.149053,0.157517,0.056855,1.000000
