atmos_pressure, temp_mean, rh_mean, vapor_pressure_mean, wspd_arith_mean
1.000000,-0.445686,0.424964,-0.309951,0.178165
-0.445686,1.000000,-0.706102,0.890459,0.068062
0.424964,-0.706102,1.000000,-0.308181,0.096404
-0.309951,0.890459,-0.308181,1.000000,0.159015
0.178165,0.068062,0.096404,0.159015,1.000000
