atmos_pressure, temp_mean, rh_mean, vapor_pressure_mean, wspd_arith_mean
1.000000,-0.715479,0.746310,0.459602,-0.719802
-0.715479,1.000000,-0.952803,-0.286609,0.755471
0.746310,-0.952803,1.000000,0.545266,-0.880045
0.459602,-0.286609,0.545266,1.000000,-0.698394
-0.719802,0.755471,-0.880045,-0.698394,1.000000
