atmos_pressure, temp_mean, rh_mean, vapor_pressure_mean, wspd_arith_mean
1.000000,-0.584362,0.075404,-0.612022,-0.291723
-0.584362,1.000000,-0.624852,0.613820,0.435757
0.075404,-0.624852,1.000000,0.186654,-0.399273
-0.612022,0.613820,0.186654,1.000000,0.177681
-0.291723,0.435757,-0.399273,0.177681,1.000000
