atmos_pressure, temp_mean, rh_mean, vapor_pressure_mean, wspd_arith_mean
1.000000,0.051427,-0.336961,-0.655051,0.045098
0.051427,1.000000,-0.896778,0.027537,0.133744
-0.336961,-0.896778,1.000000,0.393933,-0.188837
-0.655051,0.027537,0.393933,1.000000,-0.234165
0.045098,0.133744,-0.188837,-0.234165,1.000000
