atmos_pressure, temp_mean, rh_mean, vapor_pressure_mean, wspd_arith_mean
1.000000,-0.767565,0.405482,-0.309982,-0.066266
-0.767565,1.000000,-0.620828,0.282954,-0.045739
0.405482,-0.620828,1.000000,0.575909,0.469788
-0.309982,0.282954,0.575909,1.000000,0.530283
-0.066266,-0.045739,0.469788,0.530283,1.000000
