atmos_pressure, temp_mean, rh_mean, vapor_pressure_mean, wspd_arith_mean, tbrg_precip_total_corr
1.000000,-0.264749,-0.071337,-0.597635,-0.442600,-0.145754
-0.264749,1.000000,0.825538,0.844990,0.438949,0.151695
-0.071337,0.825538,1.000000,0.566187,0.229635,0.062492
-0.597635,0.844990,0.566187,1.000000,0.600571,0.244443
-0.442600,0.438949,0.229635,0.600571,1.000000,0.296491
-0.145754,0.151695,0.062492,0.244443,0.296491,1.000000
