atmos_pressure, temp_mean, rh_mean, vapor_pressure_mean, wspd_arith_mean, tbrg_precip_total_corr
1.000000,-0.884393,0.548069,-0.566517,0.737952,-0.678998
-0.884393,1.000000,-0.350949,0.809088,-0.626363,0.752394
0.548069,-0.350949,1.000000,0.265900,0.724236,-0.178603
-0.566517,0.809088,0.265900,1.000000,-0.193089,0.654867
0.737952,-0.626363,0.724236,-0.193089,1.000000,-0.395329
-0.678998,0.752394,-0.178603,0.654867,-0.395329,1.000000
