atmos_pressure, temp_mean, rh_mean, vapor_pressure_mean, wspd_arith_mean
1.000000,-0.742718,0.599851,-0.472095,-0.703834
-0.742718,1.000000,-0.934988,0.479794,0.751721
0.599851,-0.934988,1.000000,-0.158202,-0.594513
-0.472095,0.479794,-0.158202,1.000000,0.561817
-0.703834,0.751721,-0.594513,0.561817,1.000000
