atmos_pressure, temp_mean, rh_mean, vapor_pressure_mean, wspd_arith_mean, tbrg_precip_total_corr
1.000000,-0.716254,0.532009,-0.734591,-0.509484,0.124531
-0.716254,1.000000,-0.901403,0.608135,0.286573,0.003862
0.532009,-0.901403,1.000000,-0.277658,-0.172726,-0.087562
-0.734591,0.608135,-0.277658,1.000000,0.180269,-0.107995
-0.509484,0.286573,-0.172726,0.180269,1.000000,0.139570
0.124531,0.003862,-0.087562,-0.107995,0.139570,1.000000
