atmos_pressure, temp_mean, rh_mean, vapor_pressure_mean, wspd_arith_mean, tbrg_precip_total_corr
1.000000,-0.077745,0.227506,0.025229,-0.255261,0.083005
-0.077745,1.000000,-0.521888,0.936372,0.146444,0.115559
0.227506,-0.521888,1.000000,-0.222063,-0.214695,-0.058490
0.025229,0.936372,-0.222063,1.000000,0.073416,0.114549
-0.255261,0.146444,-0.214695,0.073416,1.000000,0.299031
0.083005,0.115559,-0.058490,0.114549,0.299031,1.000000
