atmos_pressure, temp_mean, rh_mean, vapor_pressure_mean, wspd_arith_mean, tbrg_precip_total_corr
1.000000,0.366625,-0.036502,0.493886,0.058991,-0.023475
0.366625,1.000000,-0.683118,0.489563,0.327085,0.192296
-0.036502,-0.683118,1.000000,0.272781,-0.291202,-0.092183
0.493886,0.489563,0.272781,1.000000,0.130220,0.156549
0.058991,0.327085,-0.291202,0.130220,1.000000,0.162889
-0.023475,0.192296,-0.092183,0.156549,0.162889,1.000000
