atmos_pressure, temp_mean, rh_mean, vapor_pressure_mean, wspd_arith_mean, tbrg_precip_total_corr
1.000000,0.212414,-0.718213,-0.755775,-0.128054,nan
0.212414,1.000000,-0.797517,0.380511,0.200953,nan
-0.718213,-0.797517,1.000000,0.254317,-0.269007,nan
-0.755775,0.380511,0.254317,1.000000,-0.098429,nan
-0.128054,0.200953,-0.269007,-0.098429,1.000000,nan
nan,nan,nan,nan,nan,nan
