atmos_pressure, temp_mean, rh_mean, vapor_pressure_mean, wspd_arith_mean
1.000000,-0.318415,0.012767,-0.413016,-0.190897
-0.318415,1.000000,-0.062219,0.709413,0.332464
0.012767,-0.062219,1.000000,0.336993,-0.236831
-0.413016,0.709413,0.336993,1.000000,0.194875
-0.190897,0.332464,-0.236831,0.194875,1.000000
