atmos_pressure, temp_mean, rh_mean, vapor_pressure_mean, wspd_arith_mean, tbrg_precip_total_corr
1.000000,-0.382545,0.080852,-0.409937,-0.348728,0.015506
-0.382545,1.000000,-0.652278,0.764784,0.249631,0.217211
0.080852,-0.652278,1.000000,-0.057689,-0.325664,-0.212574
-0.409937,0.764784,-0.057689,1.000000,0.060986,0.106054
-0.348728,0.249631,-0.325664,0.060986,1.000000,-0.070684
0.015506,0.217211,-0.212574,0.106054,-0.070684,1.000000
