atmos_pressure, temp_mean, rh_mean, vapor_pressure_mean, wspd_arith_mean
1.000000,-0.689364,-0.110762,-0.885364,0.411266
-0.689364,1.000000,-0.568891,0.907224,-0.171013
-0.110762,-0.568891,1.000000,-0.170740,-0.347225
-0.885364,0.907224,-0.170740,1.000000,-0.386655
0.411266,-0.171013,-0.347225,-0.386655,1.000000
