atmos_pressure, temp_mean, rh_mean, vapor_pressure_mean, wspd_arith_mean, tbrg_precip_total_corr
1.000000,-0.197182,-0.109789,-0.228334,-0.529853,-0.146129
-0.197182,1.000000,-0.395889,0.985449,-0.039092,0.341280
-0.109789,-0.395889,1.000000,-0.278898,0.007396,-0.223850
-0.228334,0.985449,-0.278898,1.000000,-0.035989,0.322994
-0.529853,-0.039092,0.007396,-0.035989,1.000000,0.349715
-0.146129,0.341280,-0.223850,0.322994,0.349715,1.000000
