atmos_pressure, temp_mean, rh_mean, vapor_pressure_mean, wspd_arith_mean
1.000000,-0.266064,0.001644,-0.290797,-0.254853
-0.266064,1.000000,-0.574150,0.741354,0.215678
0.001644,-0.574150,1.000000,0.083603,-0.297786
-0.290797,0.741354,0.083603,1.000000,0.015153
-0.254853,0.215678,-0.297786,0.015153,1.000000
