atmos_pressure, temp_mean, rh_mean, vapor_pressure_mean, wspd_arith_mean, tbrg_precip_total_corr
1.000000,-0.122819,0.273485,-0.034759,-0.414221,-0.122519
-0.122819,1.000000,-0.458598,0.894800,0.179933,0.159917
0.273485,-0.458598,1.000000,-0.068269,-0.178680,-0.109767
-0.034759,0.894800,-0.068269,1.000000,0.121375,0.124033
-0.414221,0.179933,-0.178680,0.121375,1.000000,0.344824
-0.122519,0.159917,-0.109767,0.124033,0.344824,1.000000
