atmos_pressure, temp_mean, rh_mean, vapor_pressure_mean, wspd_arith_mean, tbrg_precip_total_corr
1.000000,-0.806816,-0.100546,-0.801784,0.254351,-0.119195
-0.806816,1.000000,0.035639,0.955037,-0.321250,0.107146
-0.100546,0.035639,1.000000,0.305686,-0.101903,-0.200369
-0.801784,0.955037,0.305686,1.000000,-0.286490,0.037553
0.254351,-0.321250,-0.101903,-0.286490,1.000000,0.139177
-0.119195,0.107146,-0.200369,0.037553,0.139177,1.000000
