atmos_pressure, temp_mean, rh_mean, vapor_pressure_mean, wspd_arith_mean, tbrg_precip_total_corr
1.000000,-0.584515,-0.002763,-0.354116,-0.168932,nan
-0.584515,1.000000,-0.405393,0.148903,-0.317177,nan
-0.002763,-0.405393,1.000000,0.843426,0.386521,nan
-0.354116,0.148903,0.843426,1.000000,0.236218,nan
-0.168932,-0.317177,0.386521,0.236218,1.000000,nan
nan,nan,nan,nan,nan,nan
