atmos_pressure, temp_mean, rh_mean, vapor_pressure_mean, wspd_arith_mean, tbrg_precip_total_corr
1.000000,-0.566065,-0.297310,-0.595500,0.050038,-0.011959
-0.566065,1.000000,0.305339,0.967649,-0.267420,0.183734
-0.297310,0.305339,1.000000,0.497700,-0.252924,-0.716883
-0.595500,0.967649,0.497700,1.000000,-0.268731,0.009214
0.050038,-0.267420,-0.252924,-0.268731,1.000000,0.095046
-0.011959,0.183734,-0.716883,0.009214,0.095046,1.000000
