atmos_pressure, temp_mean, rh_mean, vapor_pressure_mean, wspd_arith_mean
1.000000,-0.527994,0.155858,-0.391913,-0.361288
-0.527994,1.000000,-0.426761,0.735904,0.219982
0.155858,-0.426761,1.000000,0.222443,-0.402905
-0.391913,0.735904,0.222443,1.000000,-0.019205
-0.361288,0.219982,-0.402905,-0.019205,1.000000
