atmos_pressure, temp_mean, rh_mean, vapor_pressure_mean, wspd_arith_mean, tbrg_precip_total_corr
1.000000,-0.871303,-0.423923,-0.852510,0.326554,0.031000
-0.871303,1.000000,0.168705,0.976564,-0.135875,0.044192
-0.423923,0.168705,1.000000,0.203593,-0.565938,-0.533053
-0.852510,0.976564,0.203593,1.000000,-0.123034,-0.028679
0.326554,-0.135875,-0.565938,-0.123034,1.000000,0.113471
0.031000,0.044192,-0.533053,-0.028679,0.113471,1.000000
