atmos_pressure, temp_mean, rh_mean, vapor_pressure_mean, wspd_arith_mean, tbrg_precip_total_corr
1.000000,-0.528751,-0.127605,-0.478935,-0.324014,0.514263
-0.528751,1.000000,0.098874,0.839769,0.491589,-0.050374
-0.127605,0.098874,1.000000,0.623172,-0.715003,-0.291920
-0.478935,0.839769,0.623172,1.000000,-0.002849,-0.191590
-0.324014,0.491589,-0.715003,-0.002849,1.000000,0.071872
0.514263,-0.050374,-0.291920,-0.191590,0.071872,1.000000
