atmos_pressure, temp_mean, rh_mean, vapor_pressure_mean, wspd_arith_mean, tbrg_precip_total_corr
1.000000,-0.588206,-0.087722,-0.533893,-0.295068,0.010292
-0.588206,1.000000,-0.019659,0.910415,-0.001218,-0.020465
-0.087722,-0.019659,1.000000,0.383965,-0.147480,-0.391690
-0.533893,0.910415,0.383965,1.000000,-0.058899,-0.158658
-0.295068,-0.001218,-0.147480,-0.058899,1.000000,0.036249
0.010292,-0.020465,-0.391690,-0.158658,0.036249,1.000000
