atmos_pressure, temp_mean, rh_mean, vapor_pressure_mean, wspd_arith_mean, tbrg_precip_total_corr
1.000000,0.515617,0.223022,0.629618,-0.401762,0.048627
0.515617,1.000000,-0.247125,0.924263,-0.249620,0.145500
0.223022,-0.247125,1.000000,0.113161,-0.258504,-0.048936
0.629618,0.924263,0.113161,1.000000,-0.363759,0.141687
-0.401762,-0.249620,-0.258504,-0.363759,1.000000,0.211298
0.048627,0.145500,-0.048936,0.141687,0.211298,1.000000
