atmos_pressure, temp_mean, rh_mean, vapor_pressure_mean, wspd_arith_mean, tbrg_precip_total_corr
1.000000,-0.001957,-0.430978,-0.243510,-0.308465,-0.074388
-0.001957,1.000000,-0.446794,0.772484,0.448448,0.244723
-0.430978,-0.446794,1.000000,0.203289,-0.103840,0.078879
-0.243510,0.772484,0.203289,1.000000,0.367909,0.339947
-0.308465,0.448448,-0.103840,0.367909,1.000000,0.065214
-0.074388,0.244723,0.078879,0.339947,0.065214,1.000000
