atmos_pressure, temp_mean, rh_mean, vapor_pressure_mean, wspd_arith_mean, tbrg_precip_total_corr
1.000000,-0.324435,0.093758,-0.239167,-0.645892,0.022481
-0.324435,1.000000,-0.599251,0.684989,0.190442,0.033552
0.093758,-0.599251,1.000000,0.119196,-0.219652,0.034790
-0.239167,0.684989,0.119196,1.000000,0.050281,0.075066
-0.645892,0.190442,-0.219652,0.050281,1.000000,-0.076066
0.022481,0.033552,0.034790,0.075066,-0.076066,1.000000
