atmos_pressure, temp_mean, rh_mean, vapor_pressure_mean, wspd_arith_mean, tbrg_precip_total_corr
1.000000,-0.559902,0.158711,-0.563122,-0.449224,-0.063441
-0.559902,1.000000,-0.657220,0.578614,0.449360,0.015375
0.158711,-0.657220,1.000000,0.171739,-0.241578,0.016181
-0.563122,0.578614,0.171739,1.000000,0.475643,-0.009271
-0.449224,0.449360,-0.241578,0.475643,1.000000,-0.013478
-0.063441,0.015375,0.016181,-0.009271,-0.013478,1.000000
