atmos_pressure, temp_mean, rh_mean, vapor_pressure_mean, wspd_arith_mean, tbrg_precip_total_corr
1.000000,-0.776956,0.102343,-0.601238,-0.729128,-0.165690
-0.776956,1.000000,0.131091,0.901878,0.707477,0.086086
0.102343,0.131091,1.000000,0.518068,-0.219700,-0.245284
-0.601238,0.901878,0.518068,1.000000,0.540278,-0.042038
-0.729128,0.707477,-0.219700,0.540278,1.000000,0.109061
-0.165690,0.086086,-0.245284,-0.042038,0.109061,1.000000
