atmos_pressure, temp_mean, rh_mean, vapor_pressure_mean, wspd_arith_mean, tbrg_precip_total_corr
1.000000,-0.079537,-0.335461,-0.124336,-0.226922,-0.115865
-0.079537,1.000000,-0.414049,0.953132,0.339105,0.027242
-0.335461,-0.414049,1.000000,-0.171793,-0.096625,-0.122739
-0.124336,0.953132,-0.171793,1.000000,0.320751,-0.018591
-0.226922,0.339105,-0.096625,0.320751,1.000000,-0.007888
-0.115865,0.027242,-0.122739,-0.018591,-0.007888,1.000000
