atmos_pressure, temp_mean, rh_mean, vapor_pressure_mean, wspd_arith_mean, tbrg_precip_total_corr
1.000000,-0.312724,0.070367,-0.350481,-0.280074,-0.021910
-0.312724,1.000000,-0.621278,0.753479,0.154443,0.220984
0.070367,-0.621278,1.000000,0.000832,-0.052542,-0.144469
-0.350481,0.753479,0.000832,1.000000,0.176376,0.126402
-0.280074,0.154443,-0.052542,0.176376,1.000000,-0.052547
-0.021910,0.220984,-0.144469,0.126402,-0.052547,1.000000
