atmos_pressure, temp_mean, rh_mean, vapor_pressure_mean, wspd_arith_mean, tbrg_precip_total_corr
1.000000,-0.900265,0.135799,-0.882206,-0.025344,-0.244537
-0.900265,1.000000,-0.105490,0.990938,-0.097259,0.283277
0.135799,-0.105490,1.000000,-0.046574,-0.432675,-0.067774
-0.882206,0.990938,-0.046574,1.000000,-0.165329,0.299581
-0.025344,-0.097259,-0.432675,-0.165329,1.000000,-0.004878
-0.244537,0.283277,-0.067774,0.299581,-0.004878,1.000000
