atmos_pressure, temp_mean, rh_mean, vapor_pressure_mean, wspd_arith_mean, tbrg_precip_total_corr
1.000000,-0.704624,0.147319,-0.500775,-0.674650,0.053905
-0.704624,1.000000,0.181472,0.894462,0.522493,-0.071687
0.147319,0.181472,1.000000,0.588618,-0.208656,-0.203014
-0.500775,0.894462,0.588618,1.000000,0.369933,-0.147321
-0.674650,0.522493,-0.208656,0.369933,1.000000,-0.137341
0.053905,-0.071687,-0.203014,-0.147321,-0.137341,1.000000
