atmos_pressure, temp_mean, rh_mean, vapor_pressure_mean, wspd_arith_mean, tbrg_precip_total_corr
1.000000,-0.656749,-0.228754,-0.926985,0.316949,nan
-0.656749,1.000000,-0.518216,0.784972,0.195764,nan
-0.228754,-0.518216,1.000000,0.122645,-0.724914,nan
-0.926985,0.784972,0.122645,1.000000,-0.290490,nan
0.316949,0.195764,-0.724914,-0.290490,1.000000,nan
nan,nan,nan,nan,nan,nan
