atmos_pressure, temp_mean, rh_mean, vapor_pressure_mean, wspd_arith_mean
1.000000,-0.559452,-0.086016,-0.578415,-0.222127
-0.559452,1.000000,-0.387804,0.670266,0.357870
-0.086016,-0.387804,1.000000,0.357460,-0.270690
-0.578415,0.670266,0.357460,1.000000,0.202367
-0.222127,0.357870,-0.270690,0.202367,1.000000
