atmos_pressure, temp_mean, rh_mean, vapor_pressure_mean, wspd_arith_mean, tbrg_precip_total_corr
1.000000,-0.314865,-0.378813,-0.681365,0.011264,-0.195977
-0.314865,1.000000,-0.484285,0.411489,0.516140,0.218747
-0.378813,-0.484285,1.000000,0.585144,-0.636047,0.081341
-0.681365,0.411489,0.585144,1.000000,-0.153927,0.297221
0.011264,0.516140,-0.636047,-0.153927,1.000000,0.007171
-0.195977,0.218747,0.081341,0.297221,0.007171,1.000000
