atmos_pressure, temp_mean, rh_mean, vapor_pressure_mean, wspd_arith_mean, tbrg_precip_total_corr
1.000000,0.551291,0.260015,0.641244,-0.362845,0.203385
0.551291,1.000000,-0.125627,0.877437,-0.399332,0.251589
0.260015,-0.125627,1.000000,0.345978,-0.159257,-0.219778
0.641244,0.877437,0.345978,1.000000,-0.458710,0.130436
-0.362845,-0.399332,-0.159257,-0.458710,1.000000,0.011491
0.203385,0.251589,-0.219778,0.130436,0.011491,1.000000
