atmos_pressure, temp_mean, rh_mean, vapor_pressure_mean, wspd_arith_mean, tbrg_precip_total_corr
1.000000,-0.444084,-0.020384,-0.421078,-0.378718,-0.073781
-0.444084,1.000000,-0.399792,0.734061,0.148047,0.184529
-0.020384,-0.399792,1.000000,0.270737,-0.201346,-0.062276
-0.421078,0.734061,0.270737,1.000000,-0.046683,0.155814
-0.378718,0.148047,-0.201346,-0.046683,1.000000,-0.090161
-0.073781,0.184529,-0.062276,0.155814,-0.090161,1.000000
