atmos_pressure, temp_mean, rh_mean, vapor_pressure_mean, wspd_arith_mean
1.000000,-0.369238,0.362790,-0.353073,0.300799
-0.369238,1.000000,-0.982601,0.918897,-0.123799
0.362790,-0.982601,1.000000,-0.835406,0.112553
-0.353073,0.918897,-0.835406,1.000000,-0.098461
0.300799,-0.123799,0.112553,-0.098461,1.000000
