atmos_pressure, temp_mean, rh_mean, vapor_pressure_mean, wspd_arith_mean, tbrg_precip_total_corr
1.000000,0.018160,-0.052296,0.065874,-0.255536,0.012922
0.018160,1.000000,-0.142629,0.940153,0.020383,0.204753
-0.052296,-0.142629,1.000000,0.120329,-0.209123,0.029031
0.065874,0.940153,0.120329,1.000000,-0.078780,0.236336
-0.255536,0.020383,-0.209123,-0.078780,1.000000,0.209603
0.012922,0.204753,0.029031,0.236336,0.209603,1.000000
