atmos_pressure, temp_mean, rh_mean, vapor_pressure_mean, wspd_arith_mean, tbrg_precip_total_corr
1.000000,-0.579258,0.005855,-0.462023,0.390373,-0.128636
-0.579258,1.000000,-0.022132,0.885897,-0.601378,0.101178
0.005855,-0.022132,1.000000,0.427698,-0.389191,-0.453091
-0.462023,0.885897,0.427698,1.000000,-0.718308,-0.132930
0.390373,-0.601378,-0.389191,-0.718308,1.000000,0.095561
-0.128636,0.101178,-0.453091,-0.132930,0.095561,1.000000
