atmos_pressure, temp_mean, rh_mean, vapor_pressure_mean, wspd_arith_mean, tbrg_precip_total_corr
1.000000,-0.181380,0.365218,-0.065285,0.232755,nan
-0.181380,1.000000,-0.880491,0.960572,-0.112849,nan
0.365218,-0.880491,1.000000,-0.714491,0.243378,nan
-0.065285,0.960572,-0.714491,1.000000,-0.034333,nan
0.232755,-0.112849,0.243378,-0.034333,1.000000,nan
nan,nan,nan,nan,nan,nan
