atmos_pressure, temp_mean, rh_mean, vapor_pressure_mean, wspd_arith_mean, tbrg_precip_total_corr
1.000000,-0.605945,-0.006176,-0.482620,-0.233699,-0.109119
-0.605945,1.000000,0.118256,0.904588,-0.127009,0.150420
-0.006176,0.118256,1.000000,0.506618,-0.390387,-0.334513
-0.482620,0.904588,0.506618,1.000000,-0.251134,-0.007867
-0.233699,-0.127009,-0.390387,-0.251134,1.000000,0.032479
-0.109119,0.150420,-0.334513,-0.007867,0.032479,1.000000
