atmos_pressure, temp_mean, rh_mean, vapor_pressure_mean, wspd_arith_mean
1.000000,-0.408896,0.414571,-0.368959,0.313701
-0.408896,1.000000,-0.995414,0.965862,-0.141153
0.414571,-0.995414,1.000000,-0.945038,0.120803
-0.368959,0.965862,-0.945038,1.000000,-0.137935
0.313701,-0.141153,0.120803,-0.137935,1.000000
