atmos_pressure, temp_mean, rh_mean, vapor_pressure_mean, wspd_arith_mean, tbrg_precip_total_corr
1.000000,-0.328198,0.034241,-0.295784,-0.228521,-0.104444
-0.328198,1.000000,-0.451943,0.809503,-0.034959,0.080860
0.034241,-0.451943,1.000000,0.119232,-0.287461,0.036027
-0.295784,0.809503,0.119232,1.000000,-0.291588,0.102213
-0.228521,-0.034959,-0.287461,-0.291588,1.000000,-0.076936
-0.104444,0.080860,0.036027,0.102213,-0.076936,1.000000
