atmos_pressure, temp_mean, rh_mean, vapor_pressure_mean, wspd_arith_mean, tbrg_precip_total_corr
1.000000,-0.828935,-0.778312,-0.911477,-0.191884,0.211452
-0.828935,1.000000,0.477301,0.966617,-0.100292,-0.083929
-0.778312,0.477301,1.000000,0.686171,0.062994,-0.123398
-0.911477,0.966617,0.686171,1.000000,-0.063018,-0.102772
-0.191884,-0.100292,0.062994,-0.063018,1.000000,-0.336209
0.211452,-0.083929,-0.123398,-0.102772,-0.336209,1.000000
