atmos_pressure, temp_mean, rh_mean, vapor_pressure_mean, wspd_arith_mean, tbrg_precip_total_corr
1.000000,-0.843619,0.042024,-0.805120,-0.467007,-0.121697
-0.843619,1.000000,-0.197651,0.979849,0.478646,0.233061
0.042024,-0.197651,1.000000,-0.055115,-0.334516,-0.098838
-0.805120,0.979849,-0.055115,1.000000,0.416384,0.242700
-0.467007,0.478646,-0.334516,0.416384,1.000000,0.375645
-0.121697,0.233061,-0.098838,0.242700,0.375645,1.000000
