atmos_pressure, temp_mean, rh_mean, vapor_pressure_mean, wspd_arith_mean
1.000000,-0.109865,-0.155135,-0.658378,0.270444
-0.109865,1.000000,-0.950287,-0.385750,0.720243
-0.155135,-0.950287,1.000000,0.639663,-0.777671
-0.658378,-0.385750,0.639663,1.000000,-0.602642
0.270444,0.720243,-0.777671,-0.602642,1.000000
