atmos_pressure, temp_mean, rh_mean, vapor_pressure_mean, wspd_arith_mean, tbrg_precip_total_corr
1.000000,-0.364316,-0.289401,-0.640810,0.202903,-0.146165
-0.364316,1.000000,-0.450033,0.471398,0.278016,0.161155
-0.289401,-0.450033,1.000000,0.560479,-0.608722,0.090215
-0.640810,0.471398,0.560479,1.000000,-0.316253,0.252023
0.202903,0.278016,-0.608722,-0.316253,1.000000,-0.057755
-0.146165,0.161155,0.090215,0.252023,-0.057755,1.000000
