atmos_pressure, temp_mean, rh_mean, vapor_pressure_mean, wspd_arith_mean, tbrg_precip_total_corr
1.000000,-0.519881,0.802602,-0.123857,0.137052,nan
-0.519881,1.000000,-0.831778,0.865298,-0.464968,nan
0.802602,-0.831778,1.000000,-0.442452,0.310599,nan
-0.123857,0.865298,-0.442452,1.000000,-0.473098,nan
0.137052,-0.464968,0.310599,-0.473098,1.000000,nan
nan,nan,nan,nan,nan,nan
