atmos_pressure, temp_mean, rh_mean, vapor_pressure_mean, wspd_arith_mean
1.000000,-0.466849,-0.006349,-0.422077,-0.350643
-0.466849,1.000000,-0.296035,0.842034,0.206663
-0.006349,-0.296035,1.000000,0.179749,-0.310188
-0.422077,0.842034,0.179749,1.000000,0.055457
-0.350643,0.206663,-0.310188,0.055457,1.000000
