atmos_pressure, temp_mean, rh_mean, vapor_pressure_mean, wspd_arith_mean, tbrg_precip_total_corr
1.000000,0.982491,-0.954634,-0.903019,-0.973414,nan
0.982491,1.000000,-0.993399,-0.967247,-0.913696,nan
-0.954634,-0.993399,1.000000,0.989980,0.861047,nan
-0.903019,-0.967247,0.989980,1.000000,0.780611,nan
-0.973414,-0.913696,0.861047,0.780611,1.000000,nan
nan,nan,nan,nan,nan,nan
