atmos_pressure, temp_mean, rh_mean, vapor_pressure_mean, wspd_arith_mean, tbrg_precip_total_corr
1.000000,0.264195,-0.188074,0.232976,-0.097975,0.035817
0.264195,1.000000,-0.325114,0.950635,-0.124142,0.095664
-0.188074,-0.325114,1.000000,-0.033881,-0.066963,-0.097264
0.232976,0.950635,-0.033881,1.000000,-0.132865,0.070582
-0.097975,-0.124142,-0.066963,-0.132865,1.000000,0.280828
0.035817,0.095664,-0.097264,0.070582,0.280828,1.000000
