atmos_pressure, temp_mean, rh_mean, vapor_pressure_mean, wspd_arith_mean
1.000000,-0.901274,0.585344,-0.905712,0.317146
-0.901274,1.000000,-0.762808,0.951206,-0.401112
0.585344,-0.762808,1.000000,-0.527291,-0.073705
-0.905712,0.951206,-0.527291,1.000000,-0.549843
0.317146,-0.401112,-0.073705,-0.549843,1.000000
