atmos_pressure, temp_mean, rh_mean, vapor_pressure_mean, wspd_arith_mean, tbrg_precip_total_corr
1.000000,-0.436504,-0.328029,-0.434584,-0.017041,-0.073616
-0.436504,1.000000,0.265173,0.589395,-0.255183,-0.218459
-0.328029,0.265173,1.000000,0.934951,-0.848386,0.100266
-0.434584,0.589395,0.934951,1.000000,-0.807363,0.002675
-0.017041,-0.255183,-0.848386,-0.807363,1.000000,0.047209
-0.073616,-0.218459,0.100266,0.002675,0.047209,1.000000
