atmos_pressure, temp_mean, rh_mean, vapor_pressure_mean, wspd_arith_mean, tbrg_precip_total_corr
1.000000,-0.906648,0.842816,-0.274597,-0.622932,nan
-0.906648,1.000000,-0.873760,0.420924,0.715363,nan
0.842816,-0.873760,1.000000,0.072837,-0.291962,nan
-0.274597,0.420924,0.072837,1.000000,0.917630,nan
-0.622932,0.715363,-0.291962,0.917630,1.000000,nan
nan,nan,nan,nan,nan,nan
