atmos_pressure, temp_mean, rh_mean, vapor_pressure_mean, wspd_arith_mean, tbrg_precip_total_corr
1.000000,-0.739853,0.088940,-0.668946,-0.580022,-0.139909
-0.739853,1.000000,-0.267462,0.972446,0.544410,0.204189
0.088940,-0.267462,1.000000,-0.088282,-0.242614,-0.162100
-0.668946,0.972446,-0.088282,1.000000,0.460140,0.171777
-0.580022,0.544410,-0.242614,0.460140,1.000000,0.216757
-0.139909,0.204189,-0.162100,0.171777,0.216757,1.000000
