atmos_pressure, temp_mean, rh_mean, vapor_pressure_mean, wspd_arith_mean
1.000000,0.251297,0.695531,0.746678,-0.470410
0.251297,1.000000,-0.306643,0.715332,0.314511
0.695531,-0.306643,1.000000,0.445288,-0.637135
0.746678,0.715332,0.445288,1.000000,-0.173611
-0.470410,0.314511,-0.637135,-0.173611,1.000000
