atmos_pressure, temp_mean, rh_mean, vapor_pressure_mean, wspd_arith_mean
1.000000,-0.216896,0.122520,-0.057158,-0.475020
-0.216896,1.000000,-0.977797,-0.434344,0.447028
0.122520,-0.977797,1.000000,0.569702,-0.391324
-0.057158,-0.434344,0.569702,1.000000,-0.158639
-0.475020,0.447028,-0.391324,-0.158639,1.000000
