atmos_pressure, temp_mean, rh_mean, vapor_pressure_mean, wspd_arith_mean
1.000000,-0.699387,0.636844,0.297637,-0.709358
-0.699387,1.000000,-0.969961,-0.155879,0.888258
0.636844,-0.969961,1.000000,0.303305,-0.803689
0.297637,-0.155879,0.303305,1.000000,-0.070995
-0.709358,0.888258,-0.803689,-0.070995,1.000000
