atmos_pressure, temp_mean, rh_mean, vapor_pressure_mean, wspd_arith_mean
1.000000,-0.227248,0.027442,-0.184765,-0.246581
-0.227248,1.000000,-0.514841,0.823007,0.203391
0.027442,-0.514841,1.000000,0.011645,-0.370392
-0.184765,0.823007,0.011645,1.000000,0.032647
-0.246581,0.203391,-0.370392,0.032647,1.000000
