atmos_pressure, temp_mean, rh_mean, vapor_pressure_mean, wspd_arith_mean
1.000000,-0.361594,0.006251,-0.358192,-0.357121
-0.361594,1.000000,-0.432720,0.762207,0.237142
0.006251,-0.432720,1.000000,0.196210,-0.283644
-0.358192,0.762207,0.196210,1.000000,0.067479
-0.357121,0.237142,-0.283644,0.067479,1.000000
