atmos_pressure, temp_mean, rh_mean, vapor_pressure_mean, wspd_arith_mean
1.000000,-0.316415,0.152498,-0.161762,-0.356978
-0.316415,1.000000,-0.324838,0.809793,0.100736
0.152498,-0.324838,1.000000,0.219131,-0.339554
-0.161762,0.809793,0.219131,1.000000,-0.106080
-0.356978,0.100736,-0.339554,-0.106080,1.000000
