atmos_pressure, temp_mean, rh_mean, vapor_pressure_mean, wspd_arith_mean
1.000000,-0.328509,-0.013342,-0.287634,-0.323488
-0.328509,1.000000,-0.420955,0.786141,0.188362
-0.013342,-0.420955,1.000000,0.144892,-0.329021
-0.287634,0.786141,0.144892,1.000000,-0.017031
-0.323488,0.188362,-0.329021,-0.017031,1.000000
