atmos_pressure, temp_mean, rh_mean, vapor_pressure_mean, wspd_arith_mean
1.000000,-0.839101,0.798213,0.459933,-0.757924
-0.839101,1.000000,-0.986504,-0.118427,0.887987
0.798213,-0.986504,1.000000,0.160554,-0.827510
0.459933,-0.118427,0.160554,1.000000,-0.008087
-0.757924,0.887987,-0.827510,-0.008087,1.000000
