atmos_pressure, temp_mean, rh_mean, vapor_pressure_mean, wspd_arith_mean
1.000000,-0.775911,0.616729,-0.875263,-0.599753
-0.775911,1.000000,-0.965721,0.707800,0.716350
0.616729,-0.965721,1.000000,-0.520926,-0.640919
-0.875263,0.707800,-0.520926,1.000000,0.576297
-0.599753,0.716350,-0.640919,0.576297,1.000000
