atmos_pressure, temp_mean, rh_mean, vapor_pressure_mean, wspd_arith_mean
1.000000,-0.627312,0.034983,-0.607455,-0.292165
-0.627312,1.000000,-0.479087,0.815844,0.349595
0.034983,-0.479087,1.000000,0.021327,-0.318507
-0.607455,0.815844,0.021327,1.000000,0.290641
-0.292165,0.349595,-0.318507,0.290641,1.000000
