atmos_pressure, temp_mean, rh_mean, vapor_pressure_mean, wspd_arith_mean
1.000000,0.774187,-0.810043,-0.733751,0.237653
0.774187,1.000000,-0.989708,-0.777384,0.281136
-0.810043,-0.989708,1.000000,0.831980,-0.318997
-0.733751,-0.777384,0.831980,1.000000,-0.268959
0.237653,0.281136,-0.318997,-0.268959,1.000000
