atmos_pressure, temp_mean, rh_mean, vapor_pressure_mean, wspd_arith_mean
1.000000,-0.532471,-0.048742,-0.601050,-0.223370
-0.532471,1.000000,-0.418799,0.710759,0.285787
-0.048742,-0.418799,1.000000,0.230353,-0.290410
-0.601050,0.710759,0.230353,1.000000,0.147817
-0.223370,0.285787,-0.290410,0.147817,1.000000
