atmos_pressure, temp_mean, rh_mean, vapor_pressure_mean, wspd_arith_mean
1.000000,0.773672,-0.880184,-0.580875,0.049757
0.773672,1.000000,-0.966130,-0.084234,0.021098
-0.880184,-0.966130,1.000000,0.312197,-0.088506
-0.580875,-0.084234,0.312197,1.000000,-0.056058
0.049757,0.021098,-0.088506,-0.056058,1.000000
