atmos_pressure, temp_mean, rh_mean, vapor_pressure_mean, wspd_arith_mean, tbrg_precip_total_corr
1.000000,-0.025838,-0.405036,-0.255870,0.088787,0.093041
-0.025838,1.000000,0.147449,0.697833,-0.051946,-0.255120
-0.405036,0.147449,1.000000,0.785813,-0.164495,-0.083476
-0.255870,0.697833,0.785813,1.000000,-0.110173,-0.182879
0.088787,-0.051946,-0.164495,-0.110173,1.000000,0.017630
0.093041,-0.255120,-0.083476,-0.182879,0.017630,1.000000
