atmos_pressure, temp_mean, rh_mean, vapor_pressure_mean, wspd_arith_mean
1.000000,-0.809923,-0.498740,-0.913630,0.618142
-0.809923,1.000000,-0.047986,0.763481,-0.796375
-0.498740,-0.047986,1.000000,0.568946,-0.052173
-0.913630,0.763481,0.568946,1.000000,-0.689182
0.618142,-0.796375,-0.052173,-0.689182,1.000000
