atmos_pressure, temp_mean, rh_mean, vapor_pressure_mean, wspd_arith_mean
1.000000,-0.732387,0.577964,-0.411448,-0.792663
-0.732387,1.000000,-0.965144,0.287399,0.860356
0.577964,-0.965144,1.000000,-0.095156,-0.763701
-0.411448,0.287399,-0.095156,1.000000,0.397551
-0.792663,0.860356,-0.763701,0.397551,1.000000
