atmos_pressure, temp_mean, rh_mean, vapor_pressure_mean, wspd_arith_mean
1.000000,-0.171261,0.035049,-0.127747,0.552334
-0.171261,1.000000,-0.985386,-0.871477,0.458378
0.035049,-0.985386,1.000000,0.930316,-0.546577
-0.127747,-0.871477,0.930316,1.000000,-0.653595
0.552334,0.458378,-0.546577,-0.653595,1.000000
