atmos_pressure, temp_mean, rh_mean, vapor_pressure_mean, wspd_arith_mean
1.000000,-0.351254,-0.700766,-0.912572,-0.308941
-0.351254,1.000000,-0.262647,0.406827,0.809415
-0.700766,-0.262647,1.000000,0.769234,-0.190858
-0.912572,0.406827,0.769234,1.000000,0.372426
-0.308941,0.809415,-0.190858,0.372426,1.000000
