atmos_pressure, temp_mean, rh_mean, vapor_pressure_mean, wspd_arith_mean
1.000000,-0.352004,-0.203809,-0.461892,-0.299646
-0.352004,1.000000,-0.430437,0.722759,0.374228
-0.203809,-0.430437,1.000000,0.210350,-0.269034
-0.461892,0.722759,0.210350,1.000000,0.285076
-0.299646,0.374228,-0.269034,0.285076,1.000000
