atmos_pressure, temp_mean, rh_mean, vapor_pressure_mean, wspd_arith_mean
1.000000,-0.349193,-0.000774,-0.303413,-0.317934
-0.349193,1.000000,-0.371614,0.795759,0.188924
-0.000774,-0.371614,1.000000,0.199935,-0.333774
-0.303413,0.795759,0.199935,1.000000,0.001623
-0.317934,0.188924,-0.333774,0.001623,1.000000
