atmos_pressure, temp_mean, rh_mean, vapor_pressure_mean, wspd_arith_mean, tbrg_precip_total_corr
1.000000,-0.388327,-0.071504,-0.606881,-0.223308,0.123774
-0.388327,1.000000,-0.723857,0.859138,-0.015153,-0.071655
-0.071504,-0.723857,1.000000,-0.308735,-0.033156,-0.039765
-0.606881,0.859138,-0.308735,1.000000,0.027598,-0.127152
-0.223308,-0.015153,-0.033156,0.027598,1.000000,0.058001
0.123774,-0.071655,-0.039765,-0.127152,0.058001,1.000000
