atmos_pressure, temp_mean, rh_mean, vapor_pressure_mean, wspd_arith_mean
1.000000,-0.369073,0.052871,-0.331965,-0.321390
-0.369073,1.000000,-0.474722,0.838101,0.329914
0.052871,-0.474722,1.000000,0.021966,-0.348174
-0.331965,0.838101,0.021966,1.000000,0.170366
-0.321390,0.329914,-0.348174,0.170366,1.000000
