atmos_pressure, temp_mean, rh_mean, vapor_pressure_mean, wspd_arith_mean
1.000000,-0.570969,0.144385,-0.547849,-0.200536
-0.570969,1.000000,-0.614733,0.571670,0.273446
0.144385,-0.614733,1.000000,0.229922,-0.252668
-0.547849,0.571670,0.229922,1.000000,0.108824
-0.200536,0.273446,-0.252668,0.108824,1.000000
