atmos_pressure, temp_mean, rh_mean, vapor_pressure_mean, wspd_arith_mean
1.000000,-0.571478,0.027657,-0.519569,-0.226378
-0.571478,1.000000,-0.517005,0.651045,0.317540
0.027657,-0.517005,1.000000,0.231419,-0.213478
-0.519569,0.651045,0.231419,1.000000,0.202165
-0.226378,0.317540,-0.213478,0.202165,1.000000
