atmos_pressure, temp_mean, rh_mean, vapor_pressure_mean, wspd_arith_mean
1.000000,0.590051,-0.429199,0.094002,0.499027
0.590051,1.000000,-0.950557,-0.290175,0.774554
-0.429199,-0.950557,1.000000,0.549721,-0.673651
0.094002,-0.290175,0.549721,1.000000,-0.091210
0.499027,0.774554,-0.673651,-0.091210,1.000000
