atmos_pressure, temp_mean, rh_mean, vapor_pressure_mean, wspd_arith_mean
1.000000,-0.599043,-0.155107,-0.725968,-0.221422
-0.599043,1.000000,-0.419601,0.742913,0.253273
-0.155107,-0.419601,1.000000,0.211057,-0.193066
-0.725968,0.742913,0.211057,1.000000,0.146194
-0.221422,0.253273,-0.193066,0.146194,1.000000
