atmos_pressure, temp_mean, rh_mean, vapor_pressure_mean, wspd_arith_mean
1.000000,-0.509175,0.098915,-0.419506,-0.214075
-0.509175,1.000000,-0.575056,0.484956,0.445521
0.098915,-0.575056,1.000000,0.332392,-0.268290
-0.419506,0.484956,0.332392,1.000000,0.268984
-0.214075,0.445521,-0.268290,0.268984,1.000000
