atmos_pressure, temp_mean, rh_mean, vapor_pressure_mean, wspd_arith_mean
1.000000,-0.743500,0.624606,-0.840869,-0.708940
-0.743500,1.000000,-0.979136,0.866120,0.875547
0.624606,-0.979136,1.000000,-0.758631,-0.842303
-0.840869,0.866120,-0.758631,1.000000,0.783680
-0.708940,0.875547,-0.842303,0.783680,1.000000
