atmos_pressure, temp_mean, rh_mean, vapor_pressure_mean, wspd_arith_mean
1.000000,-0.652938,-0.044005,-0.770303,-0.561347
-0.652938,1.000000,-0.534867,0.608450,0.613178
-0.044005,-0.534867,1.000000,0.341076,0.098469
-0.770303,0.608450,0.341076,1.000000,0.792171
-0.561347,0.613178,0.098469,0.792171,1.000000
