atmos_pressure, temp_mean, rh_mean, vapor_pressure_mean, wspd_arith_mean
1.000000,-0.286326,0.100298,-0.247392,-0.294038
-0.286326,1.000000,-0.453618,0.798804,0.017379
0.100298,-0.453618,1.000000,0.093560,-0.321626
-0.247392,0.798804,0.093560,1.000000,-0.146957
-0.294038,0.017379,-0.321626,-0.146957,1.000000
