atmos_pressure, temp_mean, rh_mean, vapor_pressure_mean, wspd_arith_mean
1.000000,-0.886754,0.649607,-0.912357,-0.680787
-0.886754,1.000000,-0.895848,0.740887,0.589449
0.649607,-0.895848,1.000000,-0.384137,-0.516761
-0.912357,0.740887,-0.384137,1.000000,0.527773
-0.680787,0.589449,-0.516761,0.527773,1.000000
