atmos_pressure, temp_mean, rh_mean, vapor_pressure_mean, wspd_arith_mean
1.000000,-0.140714,-0.290562,-0.754048,-0.257583
-0.140714,1.000000,-0.859977,0.313081,0.727457
-0.290562,-0.859977,1.000000,0.183961,-0.503107
-0.754048,0.313081,0.183961,1.000000,0.540338
-0.257583,0.727457,-0.503107,0.540338,1.000000
