atmos_pressure, temp_mean, rh_mean, vapor_pressure_mean, wspd_arith_mean
1.000000,-0.846594,0.685182,-0.508341,-0.553538
-0.846594,1.000000,-0.962900,0.380447,0.372167
0.685182,-0.962900,1.000000,-0.187936,-0.177071
-0.508341,0.380447,-0.187936,1.000000,0.877601
-0.553538,0.372167,-0.177071,0.877601,1.000000
