atmos_pressure, temp_mean, rh_mean, vapor_pressure_mean, wspd_arith_mean
1.000000,-0.861835,0.407023,-0.955422,-0.764486
-0.861835,1.000000,-0.785584,0.771400,0.782070
0.407023,-0.785584,1.000000,-0.228349,-0.449301
-0.955422,0.771400,-0.228349,1.000000,0.730444
-0.764486,0.782070,-0.449301,0.730444,1.000000
