atmos_pressure, temp_mean, rh_mean, vapor_pressure_mean, wspd_arith_mean
1.000000,-0.489809,0.017295,-0.423638,-0.330049
-0.489809,1.000000,-0.327996,0.802488,0.245103
0.017295,-0.327996,1.000000,0.216129,-0.290310
-0.423638,0.802488,0.216129,1.000000,0.125777
-0.330049,0.245103,-0.290310,0.125777,1.000000
