atmos_pressure, temp_mean, rh_mean, vapor_pressure_mean, wspd_arith_mean
1.000000,-0.250412,-0.035187,-0.303450,-0.035830
-0.250412,1.000000,-0.503545,0.732558,0.207491
-0.035187,-0.503545,1.000000,0.144667,-0.285478
-0.303450,0.732558,0.144667,1.000000,0.041015
-0.035830,0.207491,-0.285478,0.041015,1.000000
