atmos_pressure, temp_mean, rh_mean, vapor_pressure_mean, wspd_arith_mean
1.000000,-0.589578,0.054252,-0.561655,-0.112178
-0.589578,1.000000,-0.563424,0.707270,0.197825
0.054252,-0.563424,1.000000,0.069554,-0.241570
-0.561655,0.707270,0.069554,1.000000,0.150428
-0.112178,0.197825,-0.241570,0.150428,1.000000
