atmos_pressure, temp_mean, rh_mean, vapor_pressure_mean, wspd_arith_mean, tbrg_precip_total_corr
1.000000,-0.531468,0.311173,-0.440188,-0.284087,-0.305592
-0.531468,1.000000,-0.524667,0.817149,0.279767,0.149464
0.311173,-0.524667,1.000000,0.002160,-0.255360,-0.070333
-0.440188,0.817149,0.002160,1.000000,0.149119,0.143336
-0.284087,0.279767,-0.255360,0.149119,1.000000,0.031464
-0.305592,0.149464,-0.070333,0.143336,0.031464,1.000000
