atmos_pressure, temp_mean, rh_mean, vapor_pressure_mean, wspd_arith_mean, tbrg_precip_total_corr
1.000000,-0.199703,0.303055,0.024911,-0.431117,-0.123952
-0.199703,1.000000,-0.409558,0.690786,0.173714,0.177211
0.303055,-0.409558,1.000000,0.333993,-0.547638,-0.051842
0.024911,0.690786,0.333993,1.000000,-0.209392,0.129616
-0.431117,0.173714,-0.547638,-0.209392,1.000000,0.019735
-0.123952,0.177211,-0.051842,0.129616,0.019735,1.000000
