atmos_pressure, temp_mean, rh_mean, vapor_pressure_mean, wspd_arith_mean, tbrg_precip_total_corr
1.000000,-0.971747,0.807113,-0.329990,-0.420642,nan
-0.971747,1.000000,-0.915716,0.126920,0.363682,nan
0.807113,-0.915716,1.000000,0.282177,-0.373925,nan
-0.329990,0.126920,0.282177,1.000000,-0.042858,nan
-0.420642,0.363682,-0.373925,-0.042858,1.000000,nan
nan,nan,nan,nan,nan,nan
