atmos_pressure, temp_mean, rh_mean, vapor_pressure_mean, wspd_arith_mean
1.000000,-0.493817,0.065364,-0.471116,-0.345409
-0.493817,1.000000,-0.517039,0.699369,0.408568
0.065364,-0.517039,1.000000,0.200937,-0.361160
-0.471116,0.699369,0.200937,1.000000,0.184489
-0.345409,0.408568,-0.361160,0.184489,1.000000
