atmos_pressure, temp_mean, rh_mean, vapor_pressure_mean, wspd_arith_mean
1.000000,0.290315,-0.425940,-0.661369,-0.184433
0.290315,1.000000,-0.928201,-0.444735,-0.176977
-0.425940,-0.928201,1.000000,0.711992,-0.001999
-0.661369,-0.444735,0.711992,1.000000,-0.083149
-0.184433,-0.176977,-0.001999,-0.083149,1.000000
