atmos_pressure, temp_mean, rh_mean, vapor_pressure_mean, wspd_arith_mean, tbrg_precip_total_corr
1.000000,-0.216785,-0.117748,-0.233995,-0.262772,0.179609
-0.216785,1.000000,0.268370,0.723399,0.492911,0.481917
-0.117748,0.268370,1.000000,0.835090,0.386073,-0.320030
-0.233995,0.723399,0.835090,1.000000,0.582358,-0.029843
-0.262772,0.492911,0.386073,0.582358,1.000000,0.320004
0.179609,0.481917,-0.320030,-0.029843,0.320004,1.000000
