atmos_pressure, temp_mean, rh_mean, vapor_pressure_mean, wspd_arith_mean
1.000000,-0.242780,0.001717,-0.231673,-0.237891
-0.242780,1.000000,-0.482184,0.874026,0.170636
0.001717,-0.482184,1.000000,-0.049625,-0.324853
-0.231673,0.874026,-0.049625,1.000000,0.057594
-0.237891,0.170636,-0.324853,0.057594,1.000000
