atmos_pressure, temp_mean, rh_mean, vapor_pressure_mean, wspd_arith_mean
1.000000,-0.459523,-0.045220,-0.545868,-0.194348
-0.459523,1.000000,-0.535533,0.729994,0.232334
-0.045220,-0.535533,1.000000,0.112498,-0.177352
-0.545868,0.729994,0.112498,1.000000,0.207429
-0.194348,0.232334,-0.177352,0.207429,1.000000
