atmos_pressure, temp_mean, rh_mean, vapor_pressure_mean, wspd_arith_mean
1.000000,0.668229,-0.616825,0.733544,-0.219727
0.668229,1.000000,-0.981319,0.915346,-0.066421
-0.616825,-0.981319,1.000000,-0.826320,-0.006659
0.733544,0.915346,-0.826320,1.000000,-0.162244
-0.219727,-0.066421,-0.006659,-0.162244,1.000000
