atmos_pressure, temp_mean, rh_mean, vapor_pressure_mean, wspd_arith_mean
1.000000,-0.460097,0.108432,-0.384919,-0.406169
-0.460097,1.000000,-0.521530,0.833946,0.194833
0.108432,-0.521530,1.000000,-0.046464,-0.277753
-0.384919,0.833946,-0.046464,1.000000,0.060641
-0.406169,0.194833,-0.277753,0.060641,1.000000
