atmos_pressure, temp_mean, rh_mean, vapor_pressure_mean, wspd_arith_mean
1.000000,-0.503939,-0.003669,-0.425330,-0.365944
-0.503939,1.000000,-0.253787,0.849889,0.299425
-0.003669,-0.253787,1.000000,0.195489,-0.247845
-0.425330,0.849889,0.195489,1.000000,0.213483
-0.365944,0.299425,-0.247845,0.213483,1.000000
