atmos_pressure, temp_mean, rh_mean, vapor_pressure_mean, wspd_arith_mean, tbrg_precip_total_corr
1.000000,-0.913530,0.858293,-0.975364,-0.872255,nan
-0.913530,1.000000,-0.992713,0.979343,0.995682,nan
0.858293,-0.992713,1.000000,-0.947886,-0.999611,nan
-0.975364,0.979343,-0.947886,1.000000,0.956363,nan
-0.872255,0.995682,-0.999611,0.956363,1.000000,nan
nan,nan,nan,nan,nan,nan
