atmos_pressure, temp_mean, rh_mean, vapor_pressure_mean, wspd_arith_mean
1.000000,-0.649931,-0.159265,-0.742552,-0.210076
-0.649931,1.000000,-0.356208,0.840334,0.246374
-0.159265,-0.356208,1.000000,0.109027,-0.193577
-0.742552,0.840334,0.109027,1.000000,0.182076
-0.210076,0.246374,-0.193577,0.182076,1.000000
