atmos_pressure, temp_mean, rh_mean, vapor_pressure_mean, wspd_arith_mean
1.000000,-0.913608,0.842129,-0.909317,-0.905014
-0.913608,1.000000,-0.932942,0.975825,0.900334
0.842129,-0.932942,1.000000,-0.835010,-0.827851
-0.909317,0.975825,-0.835010,1.000000,0.886539
-0.905014,0.900334,-0.827851,0.886539,1.000000
