atmos_pressure, temp_mean, rh_mean, vapor_pressure_mean, wspd_arith_mean
1.000000,-0.851504,0.500369,-0.911343,-0.901195
-0.851504,1.000000,-0.831489,0.781516,0.819286
0.500369,-0.831489,1.000000,-0.311873,-0.511256
-0.911343,0.781516,-0.311873,1.000000,0.812064
-0.901195,0.819286,-0.511256,0.812064,1.000000
