atmos_pressure, temp_mean, rh_mean, vapor_pressure_mean, wspd_arith_mean, tbrg_precip_total_corr
1.000000,0.084086,-0.317263,-0.065901,-0.346816,0.139406
0.084086,1.000000,-0.835901,0.788743,-0.328065,0.348486
-0.317263,-0.835901,1.000000,-0.353409,0.583535,-0.291974
-0.065901,0.788743,-0.353409,1.000000,0.067118,0.380537
-0.346816,-0.328065,0.583535,0.067118,1.000000,-0.002644
0.139406,0.348486,-0.291974,0.380537,-0.002644,1.000000
