atmos_pressure, temp_mean, rh_mean, vapor_pressure_mean, wspd_arith_mean
1.000000,-0.588207,-0.054880,-0.571155,-0.206946
-0.588207,1.000000,-0.418282,0.750681,0.295075
-0.054880,-0.418282,1.000000,0.200820,-0.117927
-0.571155,0.750681,0.200820,1.000000,0.278264
-0.206946,0.295075,-0.117927,0.278264,1.000000
