atmos_pressure, temp_mean, rh_mean, vapor_pressure_mean, wspd_arith_mean
1.000000,-0.277196,0.097895,-0.243322,-0.333449
-0.277196,1.000000,-0.522047,0.746675,0.110933
0.097895,-0.522047,1.000000,0.133120,-0.299146
-0.243322,0.746675,0.133120,1.000000,-0.062353
-0.333449,0.110933,-0.299146,-0.062353,1.000000
