atmos_pressure, temp_mean, rh_mean, vapor_pressure_mean, wspd_arith_mean
1.000000,-0.518927,-0.153707,-0.669587,-0.235044
-0.518927,1.000000,-0.480320,0.861000,0.246315
-0.153707,-0.480320,1.000000,-0.022790,-0.223336
-0.669587,0.861000,-0.022790,1.000000,0.176451
-0.235044,0.246315,-0.223336,0.176451,1.000000
