atmos_pressure, temp_mean, rh_mean, vapor_pressure_mean, wspd_arith_mean, tbrg_precip_total_corr
1.000000,-0.952173,0.911922,0.843933,-0.949569,nan
-0.952173,1.000000,-0.993429,-0.965885,0.998568,nan
0.911922,-0.993429,1.000000,0.985108,-0.991024,nan
0.843933,-0.965885,0.985108,1.000000,-0.969500,nan
-0.949569,0.998568,-0.991024,-0.969500,1.000000,nan
nan,nan,nan,nan,nan,nan
