atmos_pressure, temp_mean, rh_mean, vapor_pressure_mean, wspd_arith_mean, tbrg_precip_total_corr
1.000000,-0.256669,0.321583,-0.089863,-0.451398,-0.073879
-0.256669,1.000000,-0.395256,0.772550,0.150153,0.170594
0.321583,-0.395256,1.000000,0.246989,-0.504376,-0.004486
-0.089863,0.772550,0.246989,1.000000,-0.119548,0.171032
-0.451398,0.150153,-0.504376,-0.119548,1.000000,-0.108290
-0.073879,0.170594,-0.004486,0.171032,-0.108290,1.000000
