atmos_pressure, temp_mean, rh_mean, vapor_pressure_mean, wspd_arith_mean
1.000000,-0.678958,0.116589,-0.655138,-0.407502
-0.678958,1.000000,-0.514735,0.713841,0.393733
0.116589,-0.514735,1.000000,0.154064,-0.278501
-0.655138,0.713841,0.154064,1.000000,0.331029
-0.407502,0.393733,-0.278501,0.331029,1.000000
