atmos_pressure, temp_mean, rh_mean, vapor_pressure_mean, wspd_arith_mean
1.000000,-0.263116,-0.041851,-0.295768,-0.312628
-0.263116,1.000000,-0.493802,0.859893,0.128190
-0.041851,-0.493802,1.000000,-0.046807,-0.256583
-0.295768,0.859893,-0.046807,1.000000,0.047233
-0.312628,0.128190,-0.256583,0.047233,1.000000
