atmos_pressure, temp_mean, rh_mean, vapor_pressure_mean, wspd_arith_mean
1.000000,-0.362215,-0.003063,-0.361897,-0.333177
-0.362215,1.000000,-0.469757,0.893806,0.314807
-0.003063,-0.469757,1.000000,-0.086324,-0.321066
-0.361897,0.893806,-0.086324,1.000000,0.211904
-0.333177,0.314807,-0.321066,0.211904,1.000000
