atmos_pressure, temp_mean, rh_mean, vapor_pressure_mean, wspd_arith_mean
1.000000,-0.432901,0.377563,-0.320312,-0.506397
-0.432901,1.000000,-0.947908,0.875872,0.815542
0.377563,-0.947908,1.000000,-0.687886,-0.801307
-0.320312,0.875872,-0.687886,1.000000,0.679405
-0.506397,0.815542,-0.801307,0.679405,1.000000
