atmos_pressure, temp_mean, rh_mean, vapor_pressure_mean, wspd_arith_mean, tbrg_precip_total_corr
1.000000,-0.136455,0.088644,-0.132788,-0.257008,-0.027159
-0.136455,1.000000,-0.220510,0.962805,0.007762,0.155283
0.088644,-0.220510,1.000000,-0.004608,-0.227997,-0.126117
-0.132788,0.962805,-0.004608,1.000000,-0.070102,0.117793
-0.257008,0.007762,-0.227997,-0.070102,1.000000,0.257062
-0.027159,0.155283,-0.126117,0.117793,0.257062,1.000000
