atmos_pressure, temp_mean, rh_mean, vapor_pressure_mean, wspd_arith_mean
1.000000,-0.065267,-0.051666,-0.201899,0.595623
-0.065267,1.000000,-0.979460,-0.767882,0.518731
-0.051666,-0.979460,1.000000,0.869899,-0.641795
-0.201899,-0.767882,0.869899,1.000000,-0.761687
0.595623,0.518731,-0.641795,-0.761687,1.000000
