atmos_pressure, temp_mean, rh_mean, vapor_pressure_mean, wspd_arith_mean
1.000000,-0.178590,-0.289606,-0.661196,-0.369854
-0.178590,1.000000,-0.845109,0.742538,0.456217
-0.289606,-0.845109,1.000000,-0.277498,-0.270500
-0.661196,0.742538,-0.277498,1.000000,0.494377
-0.369854,0.456217,-0.270500,0.494377,1.000000
