atmos_pressure, temp_mean, rh_mean, vapor_pressure_mean, wspd_arith_mean
1.000000,-0.309381,0.061831,-0.220977,-0.340344
-0.309381,1.000000,-0.474188,0.716454,0.204353
0.061831,-0.474188,1.000000,0.204483,-0.325321
-0.220977,0.716454,0.204483,1.000000,-0.006645
-0.340344,0.204353,-0.325321,-0.006645,1.000000
