atmos_pressure, temp_mean, rh_mean, vapor_pressure_mean, wspd_arith_mean
1.000000,-0.886153,0.619244,-0.941084,-0.645218
-0.886153,1.000000,-0.896986,0.766261,0.709550
0.619244,-0.896986,1.000000,-0.414844,-0.550044
-0.941084,0.766261,-0.414844,1.000000,0.610222
-0.645218,0.709550,-0.550044,0.610222,1.000000
