atmos_pressure, temp_mean, rh_mean, vapor_pressure_mean, wspd_arith_mean
1.000000,-0.606083,0.125130,-0.629126,-0.248154
-0.606083,1.000000,-0.564968,0.711839,0.341593
0.125130,-0.564968,1.000000,0.103590,-0.297286
-0.629126,0.711839,0.103590,1.000000,0.196361
-0.248154,0.341593,-0.297286,0.196361,1.000000
