atmos_pressure, temp_mean, rh_mean, vapor_pressure_mean, wspd_arith_mean
1.000000,-0.501931,0.636251,-0.201005,0.493191
-0.501931,1.000000,-0.862117,0.845207,-0.283917
0.636251,-0.862117,1.000000,-0.458339,0.462493
-0.201005,0.845207,-0.458339,1.000000,-0.007934
0.493191,-0.283917,0.462493,-0.007934,1.000000
