atmos_pressure, temp_mean, rh_mean, vapor_pressure_mean, wspd_arith_mean
1.000000,-0.749845,0.542623,-0.919713,-0.609991
-0.749845,1.000000,-0.942333,0.711037,0.732851
0.542623,-0.942333,1.000000,-0.450894,-0.710420
-0.919713,0.711037,-0.450894,1.000000,0.417490
-0.609991,0.732851,-0.710420,0.417490,1.000000
