atmos_pressure, temp_mean, rh_mean, vapor_pressure_mean, wspd_arith_mean
1.000000,-0.580797,-0.215351,-0.677887,-0.167851
-0.580797,1.000000,-0.283802,0.704253,0.130038
-0.215351,-0.283802,1.000000,0.374744,-0.131734
-0.677887,0.704253,0.374744,1.000000,0.098538
-0.167851,0.130038,-0.131734,0.098538,1.000000
