atmos_pressure, temp_mean, rh_mean, vapor_pressure_mean, wspd_arith_mean
1.000000,-0.136324,-0.656933,-0.624675,-0.419011
-0.136324,1.000000,-0.311048,0.679203,0.713689
-0.656933,-0.311048,1.000000,0.483315,0.221260
-0.624675,0.679203,0.483315,1.000000,0.824169
-0.419011,0.713689,0.221260,0.824169,1.000000
