atmos_pressure, temp_mean, rh_mean, vapor_pressure_mean, wspd_arith_mean
1.000000,0.426094,-0.426521,0.426899,0.396150
0.426094,1.000000,-0.981253,0.788545,0.378612
-0.426521,-0.981253,1.000000,-0.665835,-0.393081
0.426899,0.788545,-0.665835,1.000000,0.249686
0.396150,0.378612,-0.393081,0.249686,1.000000
