atmos_pressure, temp_mean, rh_mean, vapor_pressure_mean, wspd_arith_mean
1.000000,-0.239117,0.101857,-0.122146,-0.330592
-0.239117,1.000000,-0.284269,0.836452,0.052867
0.101857,-0.284269,1.000000,0.212487,-0.289999
-0.122146,0.836452,0.212487,1.000000,-0.113997
-0.330592,0.052867,-0.289999,-0.113997,1.000000
