atmos_pressure, temp_mean, rh_mean, vapor_pressure_mean, wspd_arith_mean
1.000000,-0.463286,0.032791,-0.401079,-0.383121
-0.463286,1.000000,-0.427491,0.825742,0.190519
0.032791,-0.427491,1.000000,0.076549,-0.259899
-0.401079,0.825742,0.076549,1.000000,0.057262
-0.383121,0.190519,-0.259899,0.057262,1.000000
