atmos_pressure, temp_mean, rh_mean, vapor_pressure_mean, wspd_arith_mean
1.000000,-0.606790,-0.014373,-0.592112,-0.245756
-0.606790,1.000000,-0.438542,0.842342,0.304139
-0.014373,-0.438542,1.000000,0.022171,-0.189993
-0.592112,0.842342,0.022171,1.000000,0.306753
-0.245756,0.304139,-0.189993,0.306753,1.000000
