atmos_pressure, temp_mean, rh_mean, vapor_pressure_mean, wspd_arith_mean
1.000000,-0.076401,0.344460,0.324402,-0.512841
-0.076401,1.000000,-0.302081,0.409284,0.031975
0.344460,-0.302081,1.000000,0.740806,-0.375032
0.324402,0.409284,0.740806,1.000000,-0.332178
-0.512841,0.031975,-0.375032,-0.332178,1.000000
