atmos_pressure, temp_mean, rh_mean, vapor_pressure_mean, wspd_arith_mean
1.000000,-0.872439,0.661686,-0.952152,-0.780906
-0.872439,1.000000,-0.928034,0.945248,0.755913
0.661686,-0.928034,1.000000,-0.759294,-0.617415
-0.952152,0.945248,-0.759294,1.000000,0.783882
-0.780906,0.755913,-0.617415,0.783882,1.000000
