atmos_pressure, temp_mean, rh_mean, vapor_pressure_mean, wspd_arith_mean, tbrg_precip_total_corr
1.000000,-0.381612,0.220529,-0.225228,-0.414467,-0.121211
-0.381612,1.000000,-0.274845,0.760109,0.208083,0.120487
0.220529,-0.274845,1.000000,0.379513,-0.398101,-0.019008
-0.225228,0.760109,0.379513,1.000000,-0.048207,0.087563
-0.414467,0.208083,-0.398101,-0.048207,1.000000,-0.005090
-0.121211,0.120487,-0.019008,0.087563,-0.005090,1.000000
