atmos_pressure, temp_mean, rh_mean, vapor_pressure_mean, wspd_arith_mean
1.000000,-0.722288,0.695067,0.197753,-0.250370
-0.722288,1.000000,-0.799708,-0.027136,0.267933
0.695067,-0.799708,1.000000,0.613953,0.197721
0.197753,-0.027136,0.613953,1.000000,0.715354
-0.250370,0.267933,0.197721,0.715354,1.000000
