atmos_pressure, temp_mean, rh_mean, vapor_pressure_mean, wspd_arith_mean, tbrg_precip_total_corr
1.000000,-0.844562,-0.387554,-0.865480,-0.240974,0.062669
-0.844562,1.000000,0.181490,0.915919,0.314766,0.045294
-0.387554,0.181490,1.000000,0.511486,0.110862,-0.175752
-0.865480,0.915919,0.511486,1.000000,0.306509,-0.050198
-0.240974,0.314766,0.110862,0.306509,1.000000,0.020389
0.062669,0.045294,-0.175752,-0.050198,0.020389,1.000000
