atmos_pressure, temp_mean, rh_mean, vapor_pressure_mean, wspd_arith_mean, tbrg_precip_total_corr
1.000000,0.811799,-0.795947,0.823118,-0.535102,0.865385
0.811799,1.000000,-0.998859,0.998764,-0.517115,0.994805
-0.795947,-0.998859,1.000000,-0.995305,0.495898,-0.991324
0.823118,0.998764,-0.995305,1.000000,-0.533186,0.995584
-0.535102,-0.517115,0.495898,-0.533186,1.000000,-0.530146
0.865385,0.994805,-0.991324,0.995584,-0.530146,1.000000
