atmos_pressure, temp_mean, rh_mean, vapor_pressure_mean, wspd_arith_mean
1.000000,-0.516239,0.030848,-0.507379,-0.325789
-0.516239,1.000000,-0.471260,0.766058,0.409643
0.030848,-0.471260,1.000000,0.154163,-0.310204
-0.507379,0.766058,0.154163,1.000000,0.250101
-0.325789,0.409643,-0.310204,0.250101,1.000000
