atmos_pressure, temp_mean, rh_mean, vapor_pressure_mean, wspd_arith_mean
1.000000,0.275106,-0.623782,-0.931856,-0.361138
0.275106,1.000000,-0.911794,-0.440125,0.055817
-0.623782,-0.911794,1.000000,0.763582,0.090846
-0.931856,-0.440125,0.763582,1.000000,0.378749
-0.361138,0.055817,0.090846,0.378749,1.000000
