atmos_pressure, temp_mean, rh_mean, vapor_pressure_mean, wspd_arith_mean, tbrg_precip_total_corr
1.000000,-0.997201,0.870041,-0.784513,-0.666976,-0.731791
-0.997201,1.000000,-0.882591,0.772066,0.661611,0.721876
0.870041,-0.882591,1.000000,-0.383144,-0.699721,-0.497439
-0.784513,0.772066,-0.383144,1.000000,0.359366,0.751658
-0.666976,0.661611,-0.699721,0.359366,1.000000,0.201907
-0.731791,0.721876,-0.497439,0.751658,0.201907,1.000000
