atmos_pressure, temp_mean, rh_mean, vapor_pressure_mean, wspd_arith_mean
1.000000,-0.336425,-0.533860,-0.868371,-0.437027
-0.336425,1.000000,-0.487520,0.293979,0.686198
-0.533860,-0.487520,1.000000,0.684423,-0.121624
-0.868371,0.293979,0.684423,1.000000,0.444403
-0.437027,0.686198,-0.121624,0.444403,1.000000
