atmos_pressure, temp_mean, rh_mean, vapor_pressure_mean, wspd_arith_mean
1.000000,0.763875,-0.653365,-0.106424,0.544521
0.763875,1.000000,-0.980693,-0.590364,0.805709
-0.653365,-0.980693,1.000000,0.713738,-0.815216
-0.106424,-0.590364,0.713738,1.000000,-0.523937
0.544521,0.805709,-0.815216,-0.523937,1.000000
