atmos_pressure, temp_mean, rh_mean, vapor_pressure_mean, wspd_arith_mean
1.000000,-0.504649,0.005165,-0.412805,-0.353042
-0.504649,1.000000,-0.265006,0.823887,0.287964
0.005165,-0.265006,1.000000,0.246002,-0.263284
-0.412805,0.823887,0.246002,1.000000,0.159907
-0.353042,0.287964,-0.263284,0.159907,1.000000
