atmos_pressure, temp_mean, rh_mean, vapor_pressure_mean, wspd_arith_mean
1.000000,-0.596865,0.008551,-0.560371,-0.175898
-0.596865,1.000000,-0.456520,0.772647,0.292779
0.008551,-0.456520,1.000000,0.085206,-0.170627
-0.560371,0.772647,0.085206,1.000000,0.263508
-0.175898,0.292779,-0.170627,0.263508,1.000000
