atmos_pressure, temp_mean, rh_mean, vapor_pressure_mean, wspd_arith_mean
1.000000,-0.898036,0.560452,-0.889846,-0.686473
-0.898036,1.000000,-0.859458,0.635709,0.733260
0.560452,-0.859458,1.000000,-0.159338,-0.610453
-0.889846,0.635709,-0.159338,1.000000,0.470703
-0.686473,0.733260,-0.610453,0.470703,1.000000
