atmos_pressure, temp_mean, rh_mean, vapor_pressure_mean, wspd_arith_mean
1.000000,-0.286268,0.095038,-0.253709,-0.297880
-0.286268,1.000000,-0.386939,0.814997,0.016369
0.095038,-0.386939,1.000000,0.150514,-0.266065
-0.253709,0.814997,0.150514,1.000000,-0.108255
-0.297880,0.016369,-0.266065,-0.108255,1.000000
