atmos_pressure, temp_mean, rh_mean, vapor_pressure_mean, wspd_arith_mean
1.000000,0.552452,-0.769874,-0.681486,0.020280
0.552452,1.000000,-0.905440,-0.088596,-0.198823
-0.769874,-0.905440,1.000000,0.495264,0.052438
-0.681486,-0.088596,0.495264,1.000000,-0.229453
0.020280,-0.198823,0.052438,-0.229453,1.000000
