atmos_pressure, temp_mean, rh_mean, vapor_pressure_mean, wspd_arith_mean, tbrg_precip_total_corr
1.000000,-0.526478,-0.410803,-0.787873,0.370903,-0.231082
-0.526478,1.000000,-0.398540,0.685670,0.157304,-0.031025
-0.410803,-0.398540,1.000000,0.307438,-0.425384,0.348534
-0.787873,0.685670,0.307438,1.000000,-0.062672,0.194407
0.370903,0.157304,-0.425384,-0.062672,1.000000,-0.262113
-0.231082,-0.031025,0.348534,0.194407,-0.262113,1.000000
