atmos_pressure, temp_mean, rh_mean, vapor_pressure_mean, wspd_arith_mean, tbrg_precip_total_corr
1.000000,-0.443325,-0.080004,-0.565958,-0.143119,-0.011245
-0.443325,1.000000,-0.591598,0.864754,-0.434350,-0.020824
-0.080004,-0.591598,1.000000,-0.153505,0.383825,-0.032864
-0.565958,0.864754,-0.153505,1.000000,-0.325025,-0.052187
-0.143119,-0.434350,0.383825,-0.325025,1.000000,0.130382
-0.011245,-0.020824,-0.032864,-0.052187,0.130382,1.000000
