atmos_pressure, temp_mean, rh_mean, vapor_pressure_mean, wspd_arith_mean
1.000000,-0.700697,0.153352,-0.639154,-0.377837
-0.700697,1.000000,-0.537681,0.659894,0.361113
0.153352,-0.537681,1.000000,0.205585,-0.266916
-0.639154,0.659894,0.205585,1.000000,0.272014
-0.377837,0.361113,-0.266916,0.272014,1.000000
