atmos_pressure, temp_mean, rh_mean, vapor_pressure_mean, wspd_arith_mean, tbrg_precip_total_corr
1.000000,-0.148023,0.018659,-0.211390,-0.582472,-0.054946
-0.148023,1.000000,-0.772121,0.558164,0.091597,0.036345
0.018659,-0.772121,1.000000,0.046749,-0.113464,-0.090962
-0.211390,0.558164,0.046749,1.000000,0.048391,-0.044528
-0.582472,0.091597,-0.113464,0.048391,1.000000,0.128794
-0.054946,0.036345,-0.090962,-0.044528,0.128794,1.000000
