atmos_pressure, temp_mean, rh_mean, vapor_pressure_mean, wspd_arith_mean
1.000000,-0.692299,0.511044,-0.685777,-0.453628
-0.692299,1.000000,-0.959856,0.459995,0.809788
0.511044,-0.959856,1.000000,-0.225944,-0.772339
-0.685777,0.459995,-0.225944,1.000000,0.334313
-0.453628,0.809788,-0.772339,0.334313,1.000000
