atmos_pressure, temp_mean, rh_mean, vapor_pressure_mean, wspd_arith_mean
1.000000,-0.079075,-0.087588,-0.132300,-0.377269
-0.079075,1.000000,-0.593865,0.512652,0.048998
-0.087588,-0.593865,1.000000,0.330712,-0.185727
-0.132300,0.512652,0.330712,1.000000,-0.125875
-0.377269,0.048998,-0.185727,-0.125875,1.000000
