atmos_pressure, temp_mean, rh_mean, vapor_pressure_mean, wspd_arith_mean, tbrg_precip_total_corr
1.000000,-0.132791,-0.230708,-0.248055,-0.283718,0.053367
-0.132791,1.000000,-0.252887,0.714532,0.043359,0.051710
-0.230708,-0.252887,1.000000,0.470602,0.245603,-0.188231
-0.248055,0.714532,0.470602,1.000000,0.116328,-0.097255
-0.283718,0.043359,0.245603,0.116328,1.000000,-0.005693
0.053367,0.051710,-0.188231,-0.097255,-0.005693,1.000000
