atmos_pressure, temp_mean, rh_mean, vapor_pressure_mean, wspd_arith_mean
1.000000,-0.662437,-0.008237,-0.681485,-0.225208
-0.662437,1.000000,-0.369309,0.798362,0.249822
-0.008237,-0.369309,1.000000,0.194272,-0.308658
-0.681485,0.798362,0.194272,1.000000,0.110636
-0.225208,0.249822,-0.308658,0.110636,1.000000
