atmos_pressure, temp_mean, rh_mean, vapor_pressure_mean, wspd_arith_mean
1.000000,-0.342907,-0.016924,-0.296830,-0.316220
-0.342907,1.000000,-0.226219,0.796863,0.196693
-0.016924,-0.226219,1.000000,0.332637,-0.304578
-0.296830,0.796863,0.332637,1.000000,0.022954
-0.316220,0.196693,-0.304578,0.022954,1.000000
