atmos_pressure, temp_mean, rh_mean, vapor_pressure_mean, wspd_arith_mean
1.000000,-0.838054,-0.539300,-0.886349,-0.452420
-0.838054,1.000000,0.266602,0.832486,0.276832
-0.539300,0.266602,1.000000,0.752631,0.348327
-0.886349,0.832486,0.752631,1.000000,0.367559
-0.452420,0.276832,0.348327,0.367559,1.000000
