atmos_pressure, temp_mean, rh_mean, vapor_pressure_mean, wspd_arith_mean
1.000000,-0.751021,0.678722,-0.540440,-0.466045
-0.751021,1.000000,-0.978477,0.742041,0.528826
0.678722,-0.978477,1.000000,-0.615500,-0.528298
-0.540440,0.742041,-0.615500,1.000000,0.467952
-0.466045,0.528826,-0.528298,0.467952,1.000000
