atmos_pressure, temp_mean, rh_mean, vapor_pressure_mean, wspd_arith_mean
1.000000,0.898611,-0.936109,-0.691204,0.525924
0.898611,1.000000,-0.816911,-0.418427,0.457797
-0.936109,-0.816911,1.000000,0.861053,-0.664218
-0.691204,-0.418427,0.861053,1.000000,-0.626838
0.525924,0.457797,-0.664218,-0.626838,1.000000
