atmos_pressure, temp_mean, rh_mean, vapor_pressure_mean, wspd_arith_mean, tbrg_precip_total_corr
1.000000,-0.638893,0.533322,0.381270,0.079293,nan
-0.638893,1.000000,-0.939927,-0.737454,0.474551,nan
0.533322,-0.939927,1.000000,0.921711,-0.635354,nan
0.381270,-0.737454,0.921711,1.000000,-0.690122,nan
0.079293,0.474551,-0.635354,-0.690122,1.000000,nan
nan,nan,nan,nan,nan,nan
