atmos_pressure, temp_mean, rh_mean, vapor_pressure_mean, wspd_arith_mean
1.000000,-0.626824,-0.070163,-0.622274,-0.206579
-0.626824,1.000000,-0.400826,0.748374,0.283993
-0.070163,-0.400826,1.000000,0.230219,-0.168740
-0.622274,0.748374,0.230219,1.000000,0.221444
-0.206579,0.283993,-0.168740,0.221444,1.000000
