atmos_pressure, temp_mean, rh_mean, vapor_pressure_mean, wspd_arith_mean, tbrg_precip_total_corr
1.000000,-0.377320,0.267116,-0.194731,-0.442359,-0.044497
-0.377320,1.000000,-0.440172,0.680682,0.206626,0.187552
0.267116,-0.440172,1.000000,0.321747,-0.256419,-0.162083
-0.194731,0.680682,0.321747,1.000000,0.070665,0.066476
-0.442359,0.206626,-0.256419,0.070665,1.000000,0.078147
-0.044497,0.187552,-0.162083,0.066476,0.078147,1.000000
