atmos_pressure, temp_mean, rh_mean, vapor_pressure_mean, wspd_arith_mean
1.000000,-0.346018,-0.093261,-0.663416,0.415192
-0.346018,1.000000,-0.801297,0.151161,0.082600
-0.093261,-0.801297,1.000000,0.467352,-0.510179
-0.663416,0.151161,0.467352,1.000000,-0.703844
0.415192,0.082600,-0.510179,-0.703844,1.000000
