atmos_pressure, temp_mean, rh_mean, vapor_pressure_mean, wspd_arith_mean
1.000000,-0.348811,-0.026442,-0.303583,-0.289479
-0.348811,1.000000,-0.275098,0.830000,0.145721
-0.026442,-0.275098,1.000000,0.233583,-0.279425
-0.303583,0.830000,0.233583,1.000000,-0.005619
-0.289479,0.145721,-0.279425,-0.005619,1.000000
