atmos_pressure, temp_mean, rh_mean, vapor_pressure_mean, wspd_arith_mean
1.000000,-0.725458,0.681978,0.239783,-0.735806
-0.725458,1.000000,-0.983503,0.013599,0.916948
0.681978,-0.983503,1.000000,0.061231,-0.868972
0.239783,0.013599,0.061231,1.000000,-0.129494
-0.735806,0.916948,-0.868972,-0.129494,1.000000
