atmos_pressure, temp_mean, rh_mean, vapor_pressure_mean, wspd_arith_mean
1.000000,-0.854946,0.481444,-0.900747,-0.650576
-0.854946,1.000000,-0.850149,0.625005,0.651204
0.481444,-0.850149,1.000000,-0.138365,-0.361358
-0.900747,0.625005,-0.138365,1.000000,0.610465
-0.650576,0.651204,-0.361358,0.610465,1.000000
