atmos_pressure, temp_mean, rh_mean, vapor_pressure_mean, wspd_arith_mean
1.000000,-0.510692,0.075457,-0.459609,-0.322979
-0.510692,1.000000,-0.459305,0.854002,0.240240
0.075457,-0.459305,1.000000,-0.005496,-0.443071
-0.459609,0.854002,-0.005496,1.000000,0.045873
-0.322979,0.240240,-0.443071,0.045873,1.000000
