atmos_pressure, temp_mean, rh_mean, vapor_pressure_mean, wspd_arith_mean
1.000000,0.092337,-0.081438,0.113256,0.418019
0.092337,1.000000,-0.935488,0.845063,0.554586
-0.081438,-0.935488,1.000000,-0.603348,-0.499048
0.113256,0.845063,-0.603348,1.000000,0.511916
0.418019,0.554586,-0.499048,0.511916,1.000000
