atmos_pressure, temp_mean, rh_mean, vapor_pressure_mean, wspd_arith_mean
1.000000,-0.734752,0.617182,-0.830654,-0.660128
-0.734752,1.000000,-0.976642,0.884271,0.906120
0.617182,-0.976642,1.000000,-0.773730,-0.872364
-0.830654,0.884271,-0.773730,1.000000,0.784801
-0.660128,0.906120,-0.872364,0.784801,1.000000
