atmos_pressure, temp_mean, rh_mean, vapor_pressure_mean, wspd_arith_mean
1.000000,-0.702486,0.727828,0.740425,-0.773051
-0.702486,1.000000,-0.977761,-0.441532,0.873541
0.727828,-0.977761,1.000000,0.510418,-0.882475
0.740425,-0.441532,0.510418,1.000000,-0.598340
-0.773051,0.873541,-0.882475,-0.598340,1.000000
