atmos_pressure, temp_mean, rh_mean, vapor_pressure_mean, wspd_arith_mean
1.000000,-0.704488,0.706080,0.618668,-0.770903
-0.704488,1.000000,-0.985289,-0.304097,0.924767
0.706080,-0.985289,1.000000,0.364474,-0.884157
0.618668,-0.304097,0.364474,1.000000,-0.429723
-0.770903,0.924767,-0.884157,-0.429723,1.000000
