atmos_pressure, temp_mean, rh_mean, vapor_pressure_mean, wspd_arith_mean
1.000000,-0.278066,-0.003820,-0.257555,-0.212655
-0.278066,1.000000,-0.375637,0.859216,0.133732
-0.003820,-0.375637,1.000000,0.096693,-0.467851
-0.257555,0.859216,0.096693,1.000000,-0.072862
-0.212655,0.133732,-0.467851,-0.072862,1.000000
