atmos_pressure, temp_mean, rh_mean, vapor_pressure_mean, wspd_arith_mean
1.000000,-0.681665,-0.205126,-0.714405,-0.150038
-0.681665,1.000000,-0.266484,0.727721,0.164814
-0.205126,-0.266484,1.000000,0.341387,-0.240374
-0.714405,0.727721,0.341387,1.000000,0.063415
-0.150038,0.164814,-0.240374,0.063415,1.000000
