atmos_pressure, temp_mean, rh_mean, vapor_pressure_mean, wspd_arith_mean
1.000000,-0.464463,-0.090594,-0.565708,-0.115050
-0.464463,1.000000,-0.519008,0.741556,0.267366
-0.090594,-0.519008,1.000000,0.118336,-0.321397
-0.565708,0.741556,0.118336,1.000000,0.109309
-0.115050,0.267366,-0.321397,0.109309,1.000000
