atmos_pressure, temp_mean, rh_mean, vapor_pressure_mean, wspd_arith_mean
1.000000,-0.561852,-0.073830,-0.595104,-0.202380
-0.561852,1.000000,-0.461825,0.845561,0.389969
-0.073830,-0.461825,1.000000,0.002136,-0.322760
-0.595104,0.845561,0.002136,1.000000,0.332252
-0.202380,0.389969,-0.322760,0.332252,1.000000
