atmos_pressure, temp_mean, rh_mean, vapor_pressure_mean, wspd_arith_mean
1.000000,-0.453411,-0.006290,-0.368079,-0.298767
-0.453411,1.000000,-0.248642,0.831441,0.137568
-0.006290,-0.248642,1.000000,0.253151,-0.461140
-0.368079,0.831441,0.253151,1.000000,-0.119419
-0.298767,0.137568,-0.461140,-0.119419,1.000000
