atmos_pressure, temp_mean, rh_mean, vapor_pressure_mean, wspd_arith_mean
1.000000,0.410802,0.316975,0.731734,-0.034351
0.410802,1.000000,-0.522093,0.668452,0.366388
0.316975,-0.522093,1.000000,0.282510,-0.565810
0.731734,0.668452,0.282510,1.000000,-0.082791
-0.034351,0.366388,-0.565810,-0.082791,1.000000
