atmos_pressure, temp_mean, rh_mean, vapor_pressure_mean, wspd_arith_mean
1.000000,-0.385343,0.044836,-0.305120,-0.270502
-0.385343,1.000000,-0.400304,0.715604,0.195011
0.044836,-0.400304,1.000000,0.297944,-0.307038
-0.305120,0.715604,0.297944,1.000000,-0.014146
-0.270502,0.195011,-0.307038,-0.014146,1.000000
