atmos_pressure, temp_mean, rh_mean, vapor_pressure_mean, wspd_arith_mean, tbrg_precip_total_corr
1.000000,-0.509105,0.251501,-0.378840,-0.475014,-0.088968
-0.509105,1.000000,-0.202143,0.855501,0.325878,0.075484
0.251501,-0.202143,1.000000,0.268107,-0.481631,-0.038450
-0.378840,0.855501,0.268107,1.000000,0.039332,0.048338
-0.475014,0.325878,-0.481631,0.039332,1.000000,0.029856
-0.088968,0.075484,-0.038450,0.048338,0.029856,1.000000
