atmos_pressure, temp_mean, rh_mean, vapor_pressure_mean, wspd_arith_mean
1.000000,-0.839570,0.644931,-0.910003,-0.830167
-0.839570,1.000000,-0.948965,0.860062,0.889891
0.644931,-0.948965,1.000000,-0.678419,-0.800806
-0.910003,0.860062,-0.678419,1.000000,0.803164
-0.830167,0.889891,-0.800806,0.803164,1.000000
