atmos_pressure, temp_mean, rh_mean, vapor_pressure_mean, wspd_arith_mean, tbrg_precip_total_corr
1.000000,-0.322392,-0.430188,-0.429627,-0.317467,0.143656
-0.322392,1.000000,0.225795,0.840807,0.268765,0.233707
-0.430188,0.225795,1.000000,0.663489,0.100768,-0.070069
-0.429627,0.840807,0.663489,1.000000,0.249341,0.132470
-0.317467,0.268765,0.100768,0.249341,1.000000,0.011243
0.143656,0.233707,-0.070069,0.132470,0.011243,1.000000
