atmos_pressure, temp_mean, rh_mean, vapor_pressure_mean, wspd_arith_mean
1.000000,-0.426382,0.030329,-0.370367,-0.241968
-0.426382,1.000000,-0.485188,0.788862,0.215722
0.030329,-0.485188,1.000000,0.083835,-0.398288
-0.370367,0.788862,0.083835,1.000000,-0.008875
-0.241968,0.215722,-0.398288,-0.008875,1.000000
