atmos_pressure, temp_mean, rh_mean, vapor_pressure_mean, wspd_arith_mean, tbrg_precip_total_corr
1.000000,-0.435617,0.077179,-0.522750,-0.135332,0.045571
-0.435617,1.000000,-0.746326,0.897545,-0.233180,0.054080
0.077179,-0.746326,1.000000,-0.412427,0.193020,-0.174720
-0.522750,0.897545,-0.412427,1.000000,-0.250070,-0.039178
-0.135332,-0.233180,0.193020,-0.250070,1.000000,0.012366
0.045571,0.054080,-0.174720,-0.039178,0.012366,1.000000
