atmos_pressure, temp_mean, rh_mean, vapor_pressure_mean, wspd_arith_mean
1.000000,-0.558737,-0.116216,-0.629615,-0.218410
-0.558737,1.000000,-0.457235,0.774637,0.366485
-0.116216,-0.457235,1.000000,0.123920,-0.349519
-0.629615,0.774637,0.123920,1.000000,0.201153
-0.218410,0.366485,-0.349519,0.201153,1.000000
