atmos_pressure, temp_mean, rh_mean, vapor_pressure_mean, wspd_arith_mean, tbrg_precip_total_corr
1.000000,-0.500811,-0.428477,-0.634493,-0.107490,0.078555
-0.500811,1.000000,-0.042738,0.839706,0.236128,0.112387
-0.428477,-0.042738,1.000000,0.468555,-0.168735,-0.163549
-0.634493,0.839706,0.468555,1.000000,0.141545,-0.018783
-0.107490,0.236128,-0.168735,0.141545,1.000000,0.037754
0.078555,0.112387,-0.163549,-0.018783,0.037754,1.000000
