atmos_pressure, temp_mean, rh_mean, vapor_pressure_mean, wspd_arith_mean
1.000000,-0.720228,0.651239,-0.610011,-0.637326
-0.720228,1.000000,-0.970797,0.827025,0.778620
0.651239,-0.970797,1.000000,-0.679053,-0.791028
-0.610011,0.827025,-0.679053,1.000000,0.579599
-0.637326,0.778620,-0.791028,0.579599,1.000000
