atmos_pressure, temp_mean, rh_mean, vapor_pressure_mean, wspd_arith_mean
1.000000,-0.455296,-0.034082,-0.403787,-0.320826
-0.455296,1.000000,-0.170095,0.866227,0.044317
-0.034082,-0.170095,1.000000,0.256043,-0.429479
-0.403787,0.866227,0.256043,1.000000,-0.129421
-0.320826,0.044317,-0.429479,-0.129421,1.000000
