atmos_pressure, temp_mean, rh_mean, vapor_pressure_mean, wspd_arith_mean
1.000000,-0.810154,0.633912,-0.679307,-0.828348
-0.810154,1.000000,-0.957345,0.478617,0.908572
0.633912,-0.957345,1.000000,-0.240491,-0.839501
-0.679307,0.478617,-0.240491,1.000000,0.476177
-0.828348,0.908572,-0.839501,0.476177,1.000000
