atmos_pressure, temp_mean, rh_mean, vapor_pressure_mean, wspd_arith_mean
1.000000,-0.370146,-0.019316,-0.404532,-0.328705
-0.370146,1.000000,-0.404797,0.816791,0.260280
-0.019316,-0.404797,1.000000,0.122699,-0.454630
-0.404532,0.816791,0.122699,1.000000,0.035087
-0.328705,0.260280,-0.454630,0.035087,1.000000
