atmos_pressure, temp_mean, rh_mean, vapor_pressure_mean, wspd_arith_mean, tbrg_precip_total_corr
1.000000,-0.905767,0.512377,-0.924446,-0.174242,-0.336142
-0.905767,1.000000,-0.716858,0.978725,0.375066,0.393995
0.512377,-0.716858,1.000000,-0.562378,-0.719260,-0.328036
-0.924446,0.978725,-0.562378,1.000000,0.233707,0.384574
-0.174242,0.375066,-0.719260,0.233707,1.000000,0.132524
-0.336142,0.393995,-0.328036,0.384574,0.132524,1.000000
