atmos_pressure, temp_mean, rh_mean, vapor_pressure_mean, wspd_arith_mean
1.000000,-0.899276,0.743382,-0.124098,-0.718916
-0.899276,1.000000,-0.957695,-0.212805,0.845019
0.743382,-0.957695,1.000000,0.435230,-0.830031
-0.124098,-0.212805,0.435230,1.000000,-0.267150
-0.718916,0.845019,-0.830031,-0.267150,1.000000
