atmos_pressure, temp_mean, rh_mean, vapor_pressure_mean, wspd_arith_mean, tbrg_precip_total_corr
1.000000,0.011657,0.019952,0.163340,-0.219231,0.028018
0.011657,1.000000,0.502582,0.829495,0.097523,0.171693
0.019952,0.502582,1.000000,0.284834,-0.155573,-0.040807
0.163340,0.829495,0.284834,1.000000,0.152735,0.212566
-0.219231,0.097523,-0.155573,0.152735,1.000000,0.278847
0.028018,0.171693,-0.040807,0.212566,0.278847,1.000000
