atmos_pressure, temp_mean, rh_mean, vapor_pressure_mean, wspd_arith_mean, tbrg_precip_total_corr
1.000000,0.019257,0.027498,0.045554,-0.185829,-0.156339
0.019257,1.000000,-0.117421,0.945169,0.051710,0.118801
0.027498,-0.117421,1.000000,0.160473,-0.268439,0.008564
0.045554,0.945169,0.160473,1.000000,-0.015502,0.122034
-0.185829,0.051710,-0.268439,-0.015502,1.000000,0.204987
-0.156339,0.118801,0.008564,0.122034,0.204987,1.000000
