atmos_pressure, temp_mean, rh_mean, vapor_pressure_mean, wspd_arith_mean, tbrg_precip_total_corr
1.000000,-0.222136,-0.107581,-0.255215,-0.331803,-0.002190
-0.222136,1.000000,-0.593097,0.977982,0.305747,0.293313
-0.107581,-0.593097,1.000000,-0.446731,-0.268574,-0.161653
-0.255215,0.977982,-0.446731,1.000000,0.279535,0.317140
-0.331803,0.305747,-0.268574,0.279535,1.000000,0.122192
-0.002190,0.293313,-0.161653,0.317140,0.122192,1.000000
