atmos_pressure, temp_mean, rh_mean, vapor_pressure_mean, wspd_arith_mean, tbrg_precip_total_corr
1.000000,-0.347418,0.139914,-0.233824,-0.489128,0.196514
-0.347418,1.000000,-0.768314,0.404246,0.258843,0.068153
0.139914,-0.768314,1.000000,0.247863,-0.131427,-0.177649
-0.233824,0.404246,0.247863,1.000000,0.129095,-0.096367
-0.489128,0.258843,-0.131427,0.129095,1.000000,-0.066879
0.196514,0.068153,-0.177649,-0.096367,-0.066879,1.000000
