atmos_pressure, temp_mean, rh_mean, vapor_pressure_mean, wspd_arith_mean
1.000000,-0.283807,-0.058037,-0.359759,-0.307956
-0.283807,1.000000,0.102756,0.712669,0.155110
-0.058037,0.102756,1.000000,0.364537,-0.331094
-0.359759,0.712669,0.364537,1.000000,-0.073345
-0.307956,0.155110,-0.331094,-0.073345,1.000000
