atmos_pressure, temp_mean, rh_mean, vapor_pressure_mean, wspd_arith_mean
1.000000,-0.326794,-0.051047,-0.355609,-0.232695
-0.326794,1.000000,-0.442575,0.838149,0.093228
-0.051047,-0.442575,1.000000,0.053767,-0.382344
-0.355609,0.838149,0.053767,1.000000,-0.073048
-0.232695,0.093228,-0.382344,-0.073048,1.000000
