atmos_pressure, temp_mean, rh_mean, vapor_pressure_mean, wspd_arith_mean
1.000000,-0.648922,-0.011900,-0.711258,-0.205930
-0.648922,1.000000,-0.494689,0.691227,0.401827
-0.011900,-0.494689,1.000000,0.209036,-0.386444
-0.711258,0.691227,0.209036,1.000000,0.195601
-0.205930,0.401827,-0.386444,0.195601,1.000000
