atmos_pressure, temp_mean, rh_mean, vapor_pressure_mean, wspd_arith_mean
1.000000,-0.748276,0.851222,0.761371,-0.140357
-0.748276,1.000000,-0.938264,-0.453952,0.347505
0.851222,-0.938264,1.000000,0.722600,-0.150471
0.761371,-0.453952,0.722600,1.000000,0.271104
-0.140357,0.347505,-0.150471,0.271104,1.000000
