atmos_pressure, temp_mean, rh_mean, vapor_pressure_mean, wspd_arith_mean
1.000000,0.846286,-0.768574,0.653673,0.648762
0.846286,1.000000,-0.975788,0.487837,0.896469
-0.768574,-0.975788,1.000000,-0.298054,-0.911074
0.653673,0.487837,-0.298054,1.000000,0.288747
0.648762,0.896469,-0.911074,0.288747,1.000000
