atmos_pressure, temp_mean, rh_mean, vapor_pressure_mean, wspd_arith_mean, tbrg_precip_total_corr
1.000000,-0.882930,0.867540,-0.876030,0.601497,nan
-0.882930,1.000000,-0.965361,0.996152,-0.672906,nan
0.867540,-0.965361,1.000000,-0.938796,0.460082,nan
-0.876030,0.996152,-0.938796,1.000000,-0.734276,nan
0.601497,-0.672906,0.460082,-0.734276,1.000000,nan
nan,nan,nan,nan,nan,nan
