atmos_pressure, temp_mean, rh_mean, vapor_pressure_mean, wspd_arith_mean
1.000000,-0.829067,-0.035006,-0.843017,-0.615410
-0.829067,1.000000,-0.133262,0.884480,0.820007
-0.035006,-0.133262,1.000000,0.329076,0.068403
-0.843017,0.884480,0.329076,1.000000,0.786245
-0.615410,0.820007,0.068403,0.786245,1.000000
