atmos_pressure, temp_mean, rh_mean, vapor_pressure_mean, wspd_arith_mean, tbrg_precip_total_corr
1.000000,-0.739269,0.577079,0.123416,-0.197371,nan
-0.739269,1.000000,-0.973042,-0.600188,0.763934,nan
0.577079,-0.973042,1.000000,0.743912,-0.880251,nan
0.123416,-0.600188,0.743912,1.000000,-0.860135,nan
-0.197371,0.763934,-0.880251,-0.860135,1.000000,nan
nan,nan,nan,nan,nan,nan
