atmos_pressure, temp_mean, rh_mean, vapor_pressure_mean, wspd_arith_mean
1.000000,-0.427430,-0.232576,-0.507967,-0.268449
-0.427430,1.000000,-0.377793,0.779354,0.369107
-0.232576,-0.377793,1.000000,0.192348,-0.283264
-0.507967,0.779354,0.192348,1.000000,0.266935
-0.268449,0.369107,-0.283264,0.266935,1.000000
