atmos_pressure, temp_mean, rh_mean, vapor_pressure_mean, wspd_arith_mean
1.000000,-0.425089,-0.046349,-0.429477,-0.256733
-0.425089,1.000000,-0.332075,0.852009,0.233120
-0.046349,-0.332075,1.000000,0.155653,-0.409721
-0.429477,0.852009,0.155653,1.000000,0.045407
-0.256733,0.233120,-0.409721,0.045407,1.000000
