atmos_pressure, temp_mean, rh_mean, vapor_pressure_mean, wspd_arith_mean
1.000000,-0.589437,0.045765,-0.554184,-0.222008
-0.589437,1.000000,-0.386456,0.821634,0.218145
0.045765,-0.386456,1.000000,0.115423,-0.411532
-0.554184,0.821634,0.115423,1.000000,0.042962
-0.222008,0.218145,-0.411532,0.042962,1.000000
