atmos_pressure, temp_mean, rh_mean, vapor_pressure_mean, wspd_arith_mean, tbrg_precip_total_corr
1.000000,0.757981,-0.793323,0.762608,-0.146644,nan
0.757981,1.000000,-0.967476,0.999893,-0.355794,nan
-0.793323,-0.967476,1.000000,-0.965344,0.132323,nan
0.762608,0.999893,-0.965344,1.000000,-0.361636,nan
-0.146644,-0.355794,0.132323,-0.361636,1.000000,nan
nan,nan,nan,nan,nan,nan
