atmos_pressure, temp_mean, rh_mean, vapor_pressure_mean, wspd_arith_mean
1.000000,-0.740570,0.711351,-0.557731,-0.664855
-0.740570,1.000000,-0.933867,0.839697,0.606696
0.711351,-0.933867,1.000000,-0.595775,-0.777426
-0.557731,0.839697,-0.595775,1.000000,0.191705
-0.664855,0.606696,-0.777426,0.191705,1.000000
