atmos_pressure, temp_mean, rh_mean, vapor_pressure_mean, wspd_arith_mean
1.000000,-0.537097,0.065569,-0.426958,-0.314369
-0.537097,1.000000,-0.323408,0.819173,0.265378
0.065569,-0.323408,1.000000,0.202342,-0.408710
-0.426958,0.819173,0.202342,1.000000,0.077981
-0.314369,0.265378,-0.408710,0.077981,1.000000
