atmos_pressure, temp_mean, rh_mean, vapor_pressure_mean, wspd_arith_mean
1.000000,-0.406663,-0.000598,-0.378309,-0.268306
-0.406663,1.000000,-0.363444,0.867362,0.226671
-0.000598,-0.363444,1.000000,0.081834,-0.422892
-0.378309,0.867362,0.081834,1.000000,0.039552
-0.268306,0.226671,-0.422892,0.039552,1.000000
