atmos_pressure, temp_mean, rh_mean, vapor_pressure_mean, wspd_arith_mean, tbrg_precip_total_corr
1.000000,-0.458680,-0.410859,-0.616740,0.375635,0.120381
-0.458680,1.000000,-0.259135,0.797732,0.293585,0.117793
-0.410859,-0.259135,1.000000,0.261167,-0.520012,-0.041449
-0.616740,0.797732,0.261167,1.000000,0.074275,0.078069
0.375635,0.293585,-0.520012,0.074275,1.000000,0.132649
0.120381,0.117793,-0.041449,0.078069,0.132649,1.000000
