atmos_pressure, temp_mean, rh_mean, vapor_pressure_mean, wspd_arith_mean
1.000000,-0.570542,0.404529,-0.554091,-0.388693
-0.570542,1.000000,-0.959600,0.203891,0.865443
0.404529,-0.959600,1.000000,0.037138,-0.896286
-0.554091,0.203891,0.037138,1.000000,-0.082451
-0.388693,0.865443,-0.896286,-0.082451,1.000000
