atmos_pressure, temp_mean, rh_mean, vapor_pressure_mean, wspd_arith_mean
1.000000,-0.635328,0.634730,0.177042,-0.702065
-0.635328,1.000000,-0.983028,0.230319,0.917518
0.634730,-0.983028,1.000000,-0.098807,-0.925642
0.177042,0.230319,-0.098807,1.000000,-0.065045
-0.702065,0.917518,-0.925642,-0.065045,1.000000
