atmos_pressure, temp_mean, rh_mean, vapor_pressure_mean, wspd_arith_mean, tbrg_precip_total_corr
1.000000,-0.310945,0.144789,-0.361592,-0.408014,-0.118818
-0.310945,1.000000,-0.151744,0.696956,0.189384,0.129422
0.144789,-0.151744,1.000000,0.254058,-0.393853,-0.020213
-0.361592,0.696956,0.254058,1.000000,-0.121754,0.194936
-0.408014,0.189384,-0.393853,-0.121754,1.000000,-0.017912
-0.118818,0.129422,-0.020213,0.194936,-0.017912,1.000000
