atmos_pressure, temp_mean, rh_mean, vapor_pressure_mean, wspd_arith_mean
1.000000,-0.813444,0.831130,0.257618,-0.719917
-0.813444,1.000000,-0.958459,0.040000,0.632433
0.831130,-0.958459,1.000000,0.231320,-0.592105
0.257618,0.040000,0.231320,1.000000,0.059884
-0.719917,0.632433,-0.592105,0.059884,1.000000
