atmos_pressure, temp_mean, rh_mean, vapor_pressure_mean, wspd_arith_mean
1.000000,-0.728873,0.598658,-0.371040,-0.765331
-0.728873,1.000000,-0.948851,0.438556,0.831499
0.598658,-0.948851,1.000000,-0.192802,-0.670746
-0.371040,0.438556,-0.192802,1.000000,0.534748
-0.765331,0.831499,-0.670746,0.534748,1.000000
