atmos_pressure, temp_mean, rh_mean, vapor_pressure_mean, wspd_arith_mean
1.000000,-0.425692,-0.813767,-0.901440,-0.579279
-0.425692,1.000000,0.066982,0.449773,0.776389
-0.813767,0.066982,1.000000,0.912842,0.348002
-0.901440,0.449773,0.912842,1.000000,0.639944
-0.579279,0.776389,0.348002,0.639944,1.000000
