atmos_pressure, temp_mean, rh_mean, vapor_pressure_mean, wspd_arith_mean
1.000000,-0.867365,0.805470,0.846608,-0.803622
-0.867365,1.000000,-0.982793,-0.817429,0.892277
0.805470,-0.982793,1.000000,0.817643,-0.840526
0.846608,-0.817429,0.817643,1.000000,-0.620463
-0.803622,0.892277,-0.840526,-0.620463,1.000000
