atmos_pressure, temp_mean, rh_mean, vapor_pressure_mean, wspd_arith_mean
1.000000,0.572005,-0.304187,0.655402,-0.168708
0.572005,1.000000,-0.864563,0.773181,0.116710
-0.304187,-0.864563,1.000000,-0.353999,-0.013767
0.655402,0.773181,-0.353999,1.000000,0.245203
-0.168708,0.116710,-0.013767,0.245203,1.000000
