atmos_pressure, temp_mean, rh_mean, vapor_pressure_mean, wspd_arith_mean
1.000000,0.451601,-0.479828,-0.268893,-0.207245
0.451601,1.000000,-0.986335,0.330749,-0.019178
-0.479828,-0.986335,1.000000,-0.234377,-0.064808
-0.268893,0.330749,-0.234377,1.000000,-0.062308
-0.207245,-0.019178,-0.064808,-0.062308,1.000000
