atmos_pressure, temp_mean, rh_mean, vapor_pressure_mean, wspd_arith_mean
1.000000,-0.772087,0.548343,-0.880779,-0.738853
-0.772087,1.000000,-0.946915,0.641636,0.791022
0.548343,-0.946915,1.000000,-0.394019,-0.682937
-0.880779,0.641636,-0.394019,1.000000,0.651027
-0.738853,0.791022,-0.682937,0.651027,1.000000
