atmos_pressure, temp_mean, rh_mean, vapor_pressure_mean, wspd_arith_mean
1.000000,-0.473891,0.112955,-0.505105,-0.184430
-0.473891,1.000000,-0.627973,0.651722,0.201491
0.112955,-0.627973,1.000000,0.094339,-0.188233
-0.505105,0.651722,0.094339,1.000000,0.146862
-0.184430,0.201491,-0.188233,0.146862,1.000000
