atmos_pressure, temp_mean, rh_mean, vapor_pressure_mean, wspd_arith_mean
1.000000,-0.457861,0.090424,-0.408995,-0.200252
-0.457861,1.000000,-0.587161,0.530415,0.264581
0.090424,-0.587161,1.000000,0.295953,-0.212219
-0.408995,0.530415,0.295953,1.000000,0.147432
-0.200252,0.264581,-0.212219,0.147432,1.000000
