atmos_pressure, temp_mean, rh_mean, vapor_pressure_mean, wspd_arith_mean
1.000000,-0.493052,0.076565,-0.561101,-0.091522
-0.493052,1.000000,-0.683536,0.632048,-0.271890
0.076565,-0.683536,1.000000,0.127707,0.005386
-0.561101,0.632048,0.127707,1.000000,-0.356755
-0.091522,-0.271890,0.005386,-0.356755,1.000000
