atmos_pressure, temp_mean, rh_mean, vapor_pressure_mean, wspd_arith_mean
1.000000,-0.725986,0.853501,-0.194586,0.272026
-0.725986,1.000000,-0.950762,0.744637,-0.415966
0.853501,-0.950762,1.000000,-0.501598,0.400334
-0.194586,0.744637,-0.501598,1.000000,-0.301503
0.272026,-0.415966,0.400334,-0.301503,1.000000
