atmos_pressure, temp_mean, rh_mean, vapor_pressure_mean, wspd_arith_mean
1.000000,-0.540444,0.161638,-0.466074,-0.170203
-0.540444,1.000000,-0.629437,0.463122,0.189824
0.161638,-0.629437,1.000000,0.315370,-0.132076
-0.466074,0.463122,0.315370,1.000000,0.110413
-0.170203,0.189824,-0.132076,0.110413,1.000000
