atmos_pressure, temp_mean, rh_mean, vapor_pressure_mean, wspd_arith_mean
1.000000,-0.459919,-0.058342,-0.562201,-0.251513
-0.459919,1.000000,-0.561676,0.810617,0.226109
-0.058342,-0.561676,1.000000,-0.014226,-0.158636
-0.562201,0.810617,-0.014226,1.000000,0.168405
-0.251513,0.226109,-0.158636,0.168405,1.000000
