atmos_pressure, temp_mean, rh_mean, vapor_pressure_mean, wspd_arith_mean
1.000000,-0.589229,-0.114987,-0.574716,-0.363706
-0.589229,1.000000,-0.324679,0.550424,0.365383
-0.114987,-0.324679,1.000000,0.468635,-0.218737
-0.574716,0.550424,0.468635,1.000000,0.216024
-0.363706,0.365383,-0.218737,0.216024,1.000000
