atmos_pressure, temp_mean, rh_mean, vapor_pressure_mean, wspd_arith_mean
1.000000,-0.547163,-0.136486,-0.683943,-0.218203
-0.547163,1.000000,-0.452119,0.730215,0.149383
-0.136486,-0.452119,1.000000,0.199668,-0.059729
-0.683943,0.730215,0.199668,1.000000,0.123717
-0.218203,0.149383,-0.059729,0.123717,1.000000
