atmos_pressure, temp_mean, rh_mean, vapor_pressure_mean, wspd_arith_mean, tbrg_precip_total_corr
1.000000,-0.392334,0.387698,-0.127535,-0.107607,-0.094761
-0.392334,1.000000,-0.521610,0.697029,0.092615,0.055375
0.387698,-0.521610,1.000000,0.207586,-0.336377,-0.002420
-0.127535,0.697029,0.207586,1.000000,-0.202622,0.053941
-0.107607,0.092615,-0.336377,-0.202622,1.000000,-0.125053
-0.094761,0.055375,-0.002420,0.053941,-0.125053,1.000000
