atmos_pressure, temp_mean, rh_mean, vapor_pressure_mean, wspd_arith_mean, tbrg_precip_total_corr
1.000000,0.184034,-0.247850,0.110890,0.163805,-0.015908
0.184034,1.000000,-0.911573,0.730700,-0.468113,0.355295
-0.247850,-0.911573,1.000000,-0.451011,0.491864,-0.541782
0.110890,0.730700,-0.451011,1.000000,-0.463302,-0.091571
0.163805,-0.468113,0.491864,-0.463302,1.000000,-0.092409
-0.015908,0.355295,-0.541782,-0.091571,-0.092409,1.000000
