atmos_pressure, temp_mean, rh_mean, vapor_pressure_mean, wspd_arith_mean
1.000000,-0.253182,0.131640,-0.169623,-0.248652
-0.253182,1.000000,-0.606245,0.634173,0.075719
0.131640,-0.606245,1.000000,0.178815,-0.250005
-0.169623,0.634173,0.178815,1.000000,-0.121464
-0.248652,0.075719,-0.250005,-0.121464,1.000000
