atmos_pressure, temp_mean, rh_mean, vapor_pressure_mean, wspd_arith_mean
1.000000,-0.476693,0.102589,-0.398721,-0.274938
-0.476693,1.000000,-0.497559,0.737742,0.160523
0.102589,-0.497559,1.000000,0.146425,-0.201866
-0.398721,0.737742,0.146425,1.000000,0.023400
-0.274938,0.160523,-0.201866,0.023400,1.000000
