atmos_pressure, temp_mean, rh_mean, vapor_pressure_mean, wspd_arith_mean
1.000000,-0.828671,0.100047,-0.972128,-0.747485
-0.828671,1.000000,-0.610678,0.881417,0.559142
0.100047,-0.610678,1.000000,-0.174434,0.006256
-0.972128,0.881417,-0.174434,1.000000,0.684624
-0.747485,0.559142,0.006256,0.684624,1.000000
