atmos_pressure, temp_mean, rh_mean, vapor_pressure_mean, wspd_arith_mean
1.000000,-0.335092,0.074555,-0.252942,-0.324360
-0.335092,1.000000,-0.376149,0.745353,0.077918
0.074555,-0.376149,1.000000,0.270504,-0.242757
-0.252942,0.745353,0.270504,1.000000,-0.078497
-0.324360,0.077918,-0.242757,-0.078497,1.000000
