atmos_pressure, temp_mean, rh_mean, vapor_pressure_mean, wspd_arith_mean
1.000000,-0.836538,0.534356,-0.193667,0.032354
-0.836538,1.000000,-0.894238,-0.117890,-0.320625
0.534356,-0.894238,1.000000,0.476345,0.584838
-0.193667,-0.117890,0.476345,1.000000,0.802679
0.032354,-0.320625,0.584838,0.802679,1.000000
