atmos_pressure, temp_mean, rh_mean, vapor_pressure_mean, wspd_arith_mean
1.000000,-0.211244,-0.042854,-0.209681,-0.283851
-0.211244,1.000000,-0.390178,0.704693,0.156950
-0.042854,-0.390178,1.000000,0.309539,-0.244826
-0.209681,0.704693,0.309539,1.000000,-0.033571
-0.283851,0.156950,-0.244826,-0.033571,1.000000
