atmos_pressure, temp_mean, rh_mean, vapor_pressure_mean, wspd_arith_mean
1.000000,-0.198490,-0.004509,-0.183053,-0.281703
-0.198490,1.000000,-0.422935,0.750418,0.069675
-0.004509,-0.422935,1.000000,0.213450,-0.172994
-0.183053,0.750418,0.213450,1.000000,-0.037817
-0.281703,0.069675,-0.172994,-0.037817,1.000000
