atmos_pressure, temp_mean, rh_mean, vapor_pressure_mean, wspd_arith_mean
1.000000,-0.761500,0.437701,-0.852128,-0.450683
-0.761500,1.000000,-0.867581,0.795031,0.026834
0.437701,-0.867581,1.000000,-0.403758,0.110029
-0.852128,0.795031,-0.403758,1.000000,0.156008
-0.450683,0.026834,0.110029,0.156008,1.000000
