atmos_pressure, temp_mean, rh_mean, vapor_pressure_mean, wspd_arith_mean
1.000000,-0.857793,0.759280,0.569763,-0.890463
-0.857793,1.000000,-0.974664,-0.761126,0.876059
0.759280,-0.974664,1.000000,0.810878,-0.805706
0.569763,-0.761126,0.810878,1.000000,-0.647481
-0.890463,0.876059,-0.805706,-0.647481,1.000000
