atmos_pressure, temp_mean, rh_mean, vapor_pressure_mean, wspd_arith_mean
1.000000,0.631452,-0.688224,-0.216762,0.471733
0.631452,1.000000,-0.989004,0.367456,0.066536
-0.688224,-0.989004,1.000000,-0.253258,-0.151695
-0.216762,0.367456,-0.253258,1.000000,-0.463499
0.471733,0.066536,-0.151695,-0.463499,1.000000
