atmos_pressure, temp_mean, rh_mean, vapor_pressure_mean, wspd_arith_mean
1.000000,-0.651743,-0.162025,-0.692844,-0.200763
-0.651743,1.000000,-0.299412,0.697869,0.099329
-0.162025,-0.299412,1.000000,0.375706,-0.051973
-0.692844,0.697869,0.375706,1.000000,0.109431
-0.200763,0.099329,-0.051973,0.109431,1.000000
