atmos_pressure, temp_mean, rh_mean, vapor_pressure_mean, wspd_arith_mean
1.000000,-0.652786,0.318444,-0.599006,0.370352
-0.652786,1.000000,-0.773969,0.475844,-0.781560
0.318444,-0.773969,1.000000,0.183424,0.562570
-0.599006,0.475844,0.183424,1.000000,-0.445334
0.370352,-0.781560,0.562570,-0.445334,1.000000
