atmos_pressure, temp_mean, rh_mean, vapor_pressure_mean, wspd_arith_mean
1.000000,-0.467410,0.029205,-0.425446,-0.388004
-0.467410,1.000000,-0.462892,0.832641,0.180389
0.029205,-0.462892,1.000000,0.031720,-0.150762
-0.425446,0.832641,0.031720,1.000000,0.107822
-0.388004,0.180389,-0.150762,0.107822,1.000000
