atmos_pressure, temp_mean, rh_mean, vapor_pressure_mean, wspd_arith_mean
1.000000,-0.446987,-0.118470,-0.517658,-0.171038
-0.446987,1.000000,-0.422789,0.758858,0.108295
-0.118470,-0.422789,1.000000,0.202817,-0.103915
-0.517658,0.758858,0.202817,1.000000,0.059462
-0.171038,0.108295,-0.103915,0.059462,1.000000
