atmos_pressure, temp_mean, rh_mean, vapor_pressure_mean, wspd_arith_mean
1.000000,-0.568068,-0.156888,-0.630394,-0.260617
-0.568068,1.000000,-0.259321,0.790736,0.189837
-0.156888,-0.259321,1.000000,0.293029,-0.068408
-0.630394,0.790736,0.293029,1.000000,0.181682
-0.260617,0.189837,-0.068408,0.181682,1.000000
