atmos_pressure, temp_mean, rh_mean, vapor_pressure_mean, wspd_arith_mean
1.000000,-0.390837,0.073060,-0.353020,-0.374929
-0.390837,1.000000,-0.513155,0.801774,0.142194
0.073060,-0.513155,1.000000,0.053057,-0.163929
-0.353020,0.801774,0.053057,1.000000,0.059731
-0.374929,0.142194,-0.163929,0.059731,1.000000
