atmos_pressure, temp_mean, rh_mean, vapor_pressure_mean, wspd_arith_mean
1.000000,-0.482335,-0.038691,-0.495244,-0.355275
-0.482335,1.000000,-0.313140,0.859604,0.093889
-0.038691,-0.313140,1.000000,0.134334,-0.211074
-0.495244,0.859604,0.134334,1.000000,0.023518
-0.355275,0.093889,-0.211074,0.023518,1.000000
