atmos_pressure, temp_mean, rh_mean, vapor_pressure_mean, wspd_arith_mean
1.000000,-0.353283,-0.098814,-0.396379,-0.338505
-0.353283,1.000000,-0.368882,0.795421,0.129237
-0.098814,-0.368882,1.000000,0.214976,-0.113973
-0.396379,0.795421,0.214976,1.000000,0.072802
-0.338505,0.129237,-0.113973,0.072802,1.000000
