atmos_pressure, temp_mean, rh_mean, vapor_pressure_mean, wspd_arith_mean
1.000000,-0.551761,-0.015203,-0.585373,-0.275913
-0.551761,1.000000,-0.400780,0.741571,0.185661
-0.015203,-0.400780,1.000000,0.219959,-0.170164
-0.585373,0.741571,0.219959,1.000000,0.124394
-0.275913,0.185661,-0.170164,0.124394,1.000000
