atmos_pressure, temp_mean, rh_mean, vapor_pressure_mean, wspd_arith_mean
1.000000,0.468932,0.908037,0.744482,0.284507
0.468932,1.000000,0.555310,0.915094,-0.314934
0.908037,0.555310,1.000000,0.839027,0.165657
0.744482,0.915094,0.839027,1.000000,-0.142689
0.284507,-0.314934,0.165657,-0.142689,1.000000
