atmos_pressure, temp_mean, rh_mean, vapor_pressure_mean, wspd_arith_mean
1.000000,-0.539719,-0.393062,-0.645795,-0.601236
-0.539719,1.000000,0.133785,0.703217,0.620185
-0.393062,0.133785,1.000000,0.794438,0.482238
-0.645795,0.703217,0.794438,1.000000,0.737098
-0.601236,0.620185,0.482238,0.737098,1.000000
