atmos_pressure, temp_mean, rh_mean, vapor_pressure_mean, wspd_arith_mean
1.000000,-0.748328,0.759892,0.785929,-0.714772
-0.748328,1.000000,-0.956609,-0.467250,0.876828
0.759892,-0.956609,1.000000,0.619231,-0.759234
0.785929,-0.467250,0.619231,1.000000,-0.342487
-0.714772,0.876828,-0.759234,-0.342487,1.000000
