atmos_pressure, temp_mean, rh_mean, vapor_pressure_mean, wspd_arith_mean
1.000000,-0.737135,0.485053,-0.679532,-0.276997
-0.737135,1.000000,-0.897511,0.537682,0.414969
0.485053,-0.897511,1.000000,-0.148500,-0.493943
-0.679532,0.537682,-0.148500,1.000000,-0.018058
-0.276997,0.414969,-0.493943,-0.018058,1.000000
