atmos_pressure, temp_mean, rh_mean, vapor_pressure_mean, wspd_arith_mean, tbrg_precip_total_corr
1.000000,-0.409012,0.405795,-0.243121,-0.270900,-0.018916
-0.409012,1.000000,-0.213145,0.944830,-0.246186,0.323815
0.405795,-0.213145,1.000000,0.095678,-0.457440,-0.215311
-0.243121,0.944830,0.095678,1.000000,-0.369956,0.281424
-0.270900,-0.246186,-0.457440,-0.369956,1.000000,-0.078164
-0.018916,0.323815,-0.215311,0.281424,-0.078164,1.000000
