atmos_pressure, temp_mean, rh_mean, vapor_pressure_mean, wspd_arith_mean, tbrg_precip_total_corr
1.000000,-0.371727,-0.117115,-0.506074,-0.217985,-0.008526
-0.371727,1.000000,-0.488700,0.471913,0.224466,0.047173
-0.117115,-0.488700,1.000000,0.478529,-0.344226,-0.040496
-0.506074,0.471913,0.478529,1.000000,-0.081019,0.058267
-0.217985,0.224466,-0.344226,-0.081019,1.000000,-0.035065
-0.008526,0.047173,-0.040496,0.058267,-0.035065,1.000000
