atmos_pressure, temp_mean, rh_mean, vapor_pressure_mean, wspd_arith_mean, tbrg_precip_total_corr
1.000000,-0.377547,0.019007,-0.284814,-0.236654,-0.075942
-0.377547,1.000000,-0.125602,0.910485,0.108773,0.180006
0.019007,-0.125602,1.000000,0.247304,-0.082202,0.120031
-0.284814,0.910485,0.247304,1.000000,0.072100,0.262270
-0.236654,0.108773,-0.082202,0.072100,1.000000,0.440265
-0.075942,0.180006,0.120031,0.262270,0.440265,1.000000
