atmos_pressure, temp_mean, rh_mean, vapor_pressure_mean, wspd_arith_mean
1.000000,0.052395,-0.360661,-0.686870,0.354103
0.052395,1.000000,-0.899915,0.142935,0.647370
-0.360661,-0.899915,1.000000,0.296007,-0.751658
-0.686870,0.142935,0.296007,1.000000,-0.319648
0.354103,0.647370,-0.751658,-0.319648,1.000000
