atmos_pressure, temp_mean, rh_mean, vapor_pressure_mean, wspd_arith_mean, tbrg_precip_total_corr
1.000000,-0.430359,0.485810,-0.242594,-0.306644,-0.022921
-0.430359,1.000000,-0.640255,0.953683,-0.167219,0.090335
0.485810,-0.640255,1.000000,-0.423222,-0.060720,-0.161414
-0.242594,0.953683,-0.423222,1.000000,-0.229305,0.068884
-0.306644,-0.167219,-0.060720,-0.229305,1.000000,0.022533
-0.022921,0.090335,-0.161414,0.068884,0.022533,1.000000
