atmos_pressure, temp_mean, rh_mean, vapor_pressure_mean, wspd_arith_mean
1.000000,-0.274638,-0.112882,-0.545771,0.208600
-0.274638,1.000000,-0.881307,-0.482040,-0.412188
-0.112882,-0.881307,1.000000,0.832491,0.261519
-0.545771,-0.482040,0.832491,1.000000,0.052394
0.208600,-0.412188,0.261519,0.052394,1.000000
