atmos_pressure, temp_mean, rh_mean, vapor_pressure_mean, wspd_arith_mean
1.000000,-0.097273,-0.167840,-0.713929,-0.424689
-0.097273,1.000000,-0.946571,-0.279737,-0.094353
-0.167840,-0.946571,1.000000,0.555980,0.142270
-0.713929,-0.279737,0.555980,1.000000,0.392328
-0.424689,-0.094353,0.142270,0.392328,1.000000
