atmos_pressure, temp_mean, rh_mean, vapor_pressure_mean, wspd_arith_mean, tbrg_precip_total_corr
1.000000,-0.690815,0.117614,-0.778568,-0.213583,-0.191100
-0.690815,1.000000,-0.662333,0.726660,0.005056,0.286538
0.117614,-0.662333,1.000000,-0.057681,0.332651,-0.267813
-0.778568,0.726660,-0.057681,1.000000,0.478093,0.072112
-0.213583,0.005056,0.332651,0.478093,1.000000,-0.184655
-0.191100,0.286538,-0.267813,0.072112,-0.184655,1.000000
