atmos_pressure, temp_mean, rh_mean, vapor_pressure_mean, wspd_arith_mean
1.000000,-0.345933,-0.059967,-0.315016,-0.352933
-0.345933,1.000000,-0.205114,0.807376,0.138273
-0.059967,-0.205114,1.000000,0.337296,-0.203806
-0.315016,0.807376,0.337296,1.000000,0.028131
-0.352933,0.138273,-0.203806,0.028131,1.000000
