atmos_pressure, temp_mean, rh_mean, vapor_pressure_mean, wspd_arith_mean
1.000000,-0.622587,0.538866,0.290801,-0.806706
-0.622587,1.000000,-0.986085,-0.551506,0.409605
0.538866,-0.986085,1.000000,0.644498,-0.349247
0.290801,-0.551506,0.644498,1.000000,-0.131203
-0.806706,0.409605,-0.349247,-0.131203,1.000000
