atmos_pressure, temp_mean, rh_mean, vapor_pressure_mean, wspd_arith_mean
1.000000,-0.017147,-0.002727,-0.132304,0.175274
-0.017147,1.000000,-0.985590,-0.780193,0.651956
-0.002727,-0.985590,1.000000,0.864790,-0.667615
-0.132304,-0.780193,0.864790,1.000000,-0.545859
0.175274,0.651956,-0.667615,-0.545859,1.000000
