atmos_pressure, temp_mean, rh_mean, vapor_pressure_mean, wspd_arith_mean, tbrg_precip_total_corr
1.000000,-0.340080,-0.593627,-0.474018,-0.204259,nan
-0.340080,1.000000,0.588038,0.935056,-0.262738,nan
-0.593627,0.588038,1.000000,0.823776,-0.032512,nan
-0.474018,0.935056,0.823776,1.000000,-0.235407,nan
-0.204259,-0.262738,-0.032512,-0.235407,1.000000,nan
nan,nan,nan,nan,nan,nan
