atmos_pressure, temp_mean, rh_mean, vapor_pressure_mean, wspd_arith_mean
1.000000,-0.462928,0.617370,-0.133618,0.267506
-0.462928,1.000000,-0.863247,0.815625,-0.215577
0.617370,-0.863247,1.000000,-0.413370,0.316320
-0.133618,0.815625,-0.413370,1.000000,-0.043190
0.267506,-0.215577,0.316320,-0.043190,1.000000
