atmos_pressure, temp_mean, rh_mean, vapor_pressure_mean, wspd_arith_mean
1.000000,-0.654622,0.079645,-0.633960,-0.372763
-0.654622,1.000000,-0.502032,0.733332,0.327951
0.079645,-0.502032,1.000000,0.154850,-0.159121
-0.633960,0.733332,0.154850,1.000000,0.330136
-0.372763,0.327951,-0.159121,0.330136,1.000000
