atmos_pressure, temp_mean, rh_mean, vapor_pressure_mean, wspd_arith_mean, tbrg_precip_total_corr
1.000000,-0.580005,-0.633168,-0.624175,-0.377598,-0.182859
-0.580005,1.000000,0.646405,0.970341,0.097866,0.367611
-0.633168,0.646405,1.000000,0.794290,0.312741,0.109349
-0.624175,0.970341,0.794290,1.000000,0.125451,0.314885
-0.377598,0.097866,0.312741,0.125451,1.000000,-0.028127
-0.182859,0.367611,0.109349,0.314885,-0.028127,1.000000
