atmos_pressure, temp_mean, rh_mean, vapor_pressure_mean, wspd_arith_mean
1.000000,-0.388211,-0.110416,-0.409962,-0.346159
-0.388211,1.000000,-0.311781,0.835094,0.140420
-0.110416,-0.311781,1.000000,0.210514,-0.170452
-0.409962,0.835094,0.210514,1.000000,0.046980
-0.346159,0.140420,-0.170452,0.046980,1.000000
