atmos_pressure, temp_mean, rh_mean, vapor_pressure_mean, wspd_arith_mean, tbrg_precip_total_corr
1.000000,-0.207968,-0.127894,-0.148186,-0.148688,-0.065275
-0.207968,1.000000,-0.065406,0.971720,-0.144625,0.189271
-0.127894,-0.065406,1.000000,0.084840,-0.092517,-0.022017
-0.148186,0.971720,0.084840,1.000000,-0.187706,0.181949
-0.148688,-0.144625,-0.092517,-0.187706,1.000000,0.151804
-0.065275,0.189271,-0.022017,0.181949,0.151804,1.000000
