atmos_pressure, temp_mean, rh_mean, vapor_pressure_mean, wspd_arith_mean, tbrg_precip_total_corr
1.000000,-0.999714,0.990841,-0.999892,-0.616714,nan
-0.999714,1.000000,-0.993786,0.999261,0.630922,nan
0.990841,-0.993786,1.000000,-0.988781,-0.690714,nan
-0.999892,0.999261,-0.988781,1.000000,0.609574,nan
-0.616714,0.630922,-0.690714,0.609574,1.000000,nan
nan,nan,nan,nan,nan,nan
