atmos_pressure, temp_mean, rh_mean, vapor_pressure_mean, wspd_arith_mean, tbrg_precip_total_corr
1.000000,-0.548494,0.131718,-0.513096,-0.477025,-0.195750
-0.548494,1.000000,-0.348959,0.752634,0.373843,0.169599
0.131718,-0.348959,1.000000,0.284812,-0.217859,-0.092810
-0.513096,0.752634,0.284812,1.000000,0.247120,0.115710
-0.477025,0.373843,-0.217859,0.247120,1.000000,0.070761
-0.195750,0.169599,-0.092810,0.115710,0.070761,1.000000
