atmos_pressure, temp_mean, rh_mean, vapor_pressure_mean, wspd_arith_mean, tbrg_precip_total_corr
1.000000,-0.065175,-0.012070,-0.027373,-0.405203,0.036734
-0.065175,1.000000,-0.312409,0.956594,0.070763,0.185274
-0.012070,-0.312409,1.000000,-0.105195,-0.156645,-0.107448
-0.027373,0.956594,-0.105195,1.000000,0.002150,0.175960
-0.405203,0.070763,-0.156645,0.002150,1.000000,0.265401
0.036734,0.185274,-0.107448,0.175960,0.265401,1.000000
