atmos_pressure, temp_mean, rh_mean, vapor_pressure_mean, wspd_arith_mean
1.000000,-0.395468,-0.003591,-0.343131,-0.285439
-0.395468,1.000000,-0.452869,0.766237,0.065623
-0.003591,-0.452869,1.000000,0.162713,-0.137175
-0.343131,0.766237,0.162713,1.000000,-0.017276
-0.285439,0.065623,-0.137175,-0.017276,1.000000
