atmos_pressure, temp_mean, rh_mean, vapor_pressure_mean, wspd_arith_mean
1.000000,-0.536126,0.060193,-0.494528,-0.353460
-0.536126,1.000000,-0.428687,0.761967,0.376726
0.060193,-0.428687,1.000000,0.207565,-0.225202
-0.494528,0.761967,0.207565,1.000000,0.262001
-0.353460,0.376726,-0.225202,0.262001,1.000000
