atmos_pressure, temp_mean, rh_mean, vapor_pressure_mean, wspd_arith_mean
1.000000,-0.589691,-0.126708,-0.592494,-0.216836
-0.589691,1.000000,-0.342349,0.757895,0.280639
-0.126708,-0.342349,1.000000,0.280678,-0.069248
-0.592494,0.757895,0.280678,1.000000,0.275352
-0.216836,0.280639,-0.069248,0.275352,1.000000
