atmos_pressure, temp_mean, rh_mean, vapor_pressure_mean, wspd_arith_mean, tbrg_precip_total_corr
1.000000,-0.767419,0.230663,-0.669999,-0.460128,0.135055
-0.767419,1.000000,-0.491375,0.768342,0.290803,-0.183837
0.230663,-0.491375,1.000000,0.066299,-0.028180,0.299293
-0.669999,0.768342,0.066299,1.000000,0.390342,0.049049
-0.460128,0.290803,-0.028180,0.390342,1.000000,-0.008278
0.135055,-0.183837,0.299293,0.049049,-0.008278,1.000000
