atmos_pressure, temp_mean, rh_mean, vapor_pressure_mean, wspd_arith_mean, tbrg_precip_total_corr
1.000000,-0.530294,0.597973,0.339058,-0.253819,nan
-0.530294,1.000000,-0.606898,0.025022,0.181937,nan
0.597973,-0.606898,1.000000,0.779134,0.010392,nan
0.339058,0.025022,0.779134,1.000000,0.156369,nan
-0.253819,0.181937,0.010392,0.156369,1.000000,nan
nan,nan,nan,nan,nan,nan
