atmos_pressure, temp_mean, rh_mean, vapor_pressure_mean, wspd_arith_mean
1.000000,-0.402451,-0.089074,-0.385232,-0.355954
-0.402451,1.000000,-0.223729,0.812708,0.003546
-0.089074,-0.223729,1.000000,0.317714,-0.149977
-0.385232,0.812708,0.317714,1.000000,-0.070431
-0.355954,0.003546,-0.149977,-0.070431,1.000000
