atmos_pressure, temp_mean, rh_mean, vapor_pressure_mean, wspd_arith_mean
1.000000,0.102922,-0.461689,-0.927029,-0.120285
0.102922,1.000000,-0.917421,-0.163930,0.368769
-0.461689,-0.917421,1.000000,0.534413,-0.265631
-0.927029,-0.163930,0.534413,1.000000,0.233846
-0.120285,0.368769,-0.265631,0.233846,1.000000
