atmos_pressure, temp_mean, rh_mean, vapor_pressure_mean, wspd_arith_mean
1.000000,-0.278098,-0.591780,-0.878096,-0.557128
-0.278098,1.000000,-0.483067,0.266471,0.689086
-0.591780,-0.483067,1.000000,0.710224,-0.030734
-0.878096,0.266471,0.710224,1.000000,0.522327
-0.557128,0.689086,-0.030734,0.522327,1.000000
