atmos_pressure, temp_mean, rh_mean, vapor_pressure_mean, wspd_arith_mean, tbrg_precip_total_corr
1.000000,-0.755860,0.235411,-0.691104,-0.183099,-0.205175
-0.755860,1.000000,-0.547328,0.676668,0.052413,0.212164
0.235411,-0.547328,1.000000,0.171055,0.017138,-0.174458
-0.691104,0.676668,0.171055,1.000000,0.073607,0.104530
-0.183099,0.052413,0.017138,0.073607,1.000000,-0.034886
-0.205175,0.212164,-0.174458,0.104530,-0.034886,1.000000
