atmos_pressure, temp_mean, rh_mean, vapor_pressure_mean, wspd_arith_mean
1.000000,-0.419715,-0.084211,-0.389493,-0.294083
-0.419715,1.000000,-0.283904,0.786745,0.085194
-0.084211,-0.283904,1.000000,0.285459,-0.162117
-0.389493,0.786745,0.285459,1.000000,0.014421
-0.294083,0.085194,-0.162117,0.014421,1.000000
