atmos_pressure, temp_mean, rh_mean, vapor_pressure_mean, wspd_arith_mean, tbrg_precip_total_corr
1.000000,-0.627310,-0.165855,-0.639897,0.106551,-0.006707
-0.627310,1.000000,0.139048,0.950366,-0.251132,0.046257
-0.165855,0.139048,1.000000,0.419189,-0.271961,-0.180786
-0.639897,0.950366,0.419189,1.000000,-0.290037,-0.010413
0.106551,-0.251132,-0.271961,-0.290037,1.000000,0.261691
-0.006707,0.046257,-0.180786,-0.010413,0.261691,1.000000
