atmos_pressure, temp_mean, rh_mean, vapor_pressure_mean, wspd_arith_mean, tbrg_precip_total_corr
1.000000,0.812858,-0.121688,0.355206,-0.607289,nan
0.812858,1.000000,-0.613338,-0.144165,-0.339640,nan
-0.121688,-0.613338,1.000000,0.869992,-0.498965,nan
0.355206,-0.144165,0.869992,1.000000,-0.836986,nan
-0.607289,-0.339640,-0.498965,-0.836986,1.000000,nan
nan,nan,nan,nan,nan,nan
