atmos_pressure, temp_mean, rh_mean, vapor_pressure_mean, wspd_arith_mean, tbrg_precip_total_corr
1.000000,-0.451287,-0.092059,-0.455171,-0.504181,-0.121377
-0.451287,1.000000,-0.306640,0.775543,0.273485,0.229969
-0.092059,-0.306640,1.000000,0.305200,-0.099993,0.001765
-0.455171,0.775543,0.305200,1.000000,0.193152,0.230527
-0.504181,0.273485,-0.099993,0.193152,1.000000,0.098904
-0.121377,0.229969,0.001765,0.230527,0.098904,1.000000
