atmos_pressure, temp_mean, rh_mean, vapor_pressure_mean, wspd_arith_mean, tbrg_precip_total_corr
1.000000,0.261060,-0.115039,0.260579,-0.102887,0.128675
0.261060,1.000000,-0.405160,0.961831,-0.010834,0.225770
-0.115039,-0.405160,1.000000,-0.183289,-0.235636,-0.162107
0.260579,0.961831,-0.183289,1.000000,-0.075179,0.205948
-0.102887,-0.010834,-0.235636,-0.075179,1.000000,0.222237
0.128675,0.225770,-0.162107,0.205948,0.222237,1.000000
