atmos_pressure, temp_mean, rh_mean, vapor_pressure_mean, wspd_arith_mean, tbrg_precip_total_corr
1.000000,-0.084397,0.038477,-0.108180,-0.316750,-0.058326
-0.084397,1.000000,-0.414207,0.911793,-0.044752,0.198933
0.038477,-0.414207,1.000000,-0.042193,-0.111931,-0.093268
-0.108180,0.911793,-0.042193,1.000000,-0.096722,0.201221
-0.316750,-0.044752,-0.111931,-0.096722,1.000000,0.069662
-0.058326,0.198933,-0.093268,0.201221,0.069662,1.000000
