atmos_pressure, temp_mean, rh_mean, vapor_pressure_mean, wspd_arith_mean, tbrg_precip_total_corr
1.000000,0.062399,0.144688,0.178839,-0.274871,-0.131711
0.062399,1.000000,-0.362040,0.936689,0.140879,0.160666
0.144688,-0.362040,1.000000,-0.091330,-0.126353,-0.016703
0.178839,0.936689,-0.091330,1.000000,0.095625,0.173948
-0.274871,0.140879,-0.126353,0.095625,1.000000,0.223176
-0.131711,0.160666,-0.016703,0.173948,0.223176,1.000000
