atmos_pressure, temp_mean, rh_mean, vapor_pressure_mean, wspd_arith_mean
1.000000,-0.393601,-0.084746,-0.427097,-0.298682
-0.393601,1.000000,-0.326717,0.818403,0.169541
-0.084746,-0.326717,1.000000,0.199099,-0.141644
-0.427097,0.818403,0.199099,1.000000,0.141726
-0.298682,0.169541,-0.141644,0.141726,1.000000
