atmos_pressure, temp_mean, rh_mean, vapor_pressure_mean, wspd_arith_mean, tbrg_precip_total_corr
1.000000,-0.596623,-0.257188,-0.668854,-0.191790,nan
-0.596623,1.000000,-0.190253,0.747526,0.254687,nan
-0.257188,-0.190253,1.000000,0.506319,-0.583271,nan
-0.668854,0.747526,0.506319,1.000000,-0.155199,nan
-0.191790,0.254687,-0.583271,-0.155199,1.000000,nan
nan,nan,nan,nan,nan,nan
