atmos_pressure, temp_mean, rh_mean, vapor_pressure_mean, wspd_arith_mean
1.000000,-0.512210,-0.008923,-0.419921,-0.369914
-0.512210,1.000000,-0.224258,0.828117,0.192985
-0.008923,-0.224258,1.000000,0.289154,-0.157579
-0.419921,0.828117,0.289154,1.000000,0.114681
-0.369914,0.192985,-0.157579,0.114681,1.000000
