atmos_pressure, temp_mean, rh_mean, vapor_pressure_mean, wspd_arith_mean
1.000000,-0.598872,0.031404,-0.626444,-0.324136
-0.598872,1.000000,-0.554485,0.605543,0.286349
0.031404,-0.554485,1.000000,0.265811,-0.221145
-0.626444,0.605543,0.265811,1.000000,0.138883
-0.324136,0.286349,-0.221145,0.138883,1.000000
