atmos_pressure, temp_mean, rh_mean, vapor_pressure_mean, wspd_arith_mean, tbrg_precip_total_corr
1.000000,-0.354331,0.374563,0.270575,-0.759884,nan
-0.354331,1.000000,-0.188578,0.152814,-0.150875,nan
0.374563,-0.188578,1.000000,0.941561,-0.692498,nan
0.270575,0.152814,0.941561,1.000000,-0.759779,nan
-0.759884,-0.150875,-0.692498,-0.759779,1.000000,nan
nan,nan,nan,nan,nan,nan
