atmos_pressure, temp_mean, rh_mean, vapor_pressure_mean, wspd_arith_mean
1.000000,-0.772310,0.853959,0.498764,-0.138448
-0.772310,1.000000,-0.897234,-0.174759,0.418798
0.853959,-0.897234,1.000000,0.579829,-0.088134
0.498764,-0.174759,0.579829,1.000000,0.604909
-0.138448,0.418798,-0.088134,0.604909,1.000000
