atmos_pressure, temp_mean, rh_mean, vapor_pressure_mean, wspd_arith_mean
1.000000,-0.845425,0.233859,-0.843540,-0.759253
-0.845425,1.000000,-0.610682,0.688736,0.662996
0.233859,-0.610682,1.000000,0.142578,0.014665
-0.843540,0.688736,0.142578,1.000000,0.857409
-0.759253,0.662996,0.014665,0.857409,1.000000
