atmos_pressure, temp_mean, rh_mean, vapor_pressure_mean, wspd_arith_mean, tbrg_precip_total_corr
1.000000,-0.741765,-0.011180,-0.773052,-0.386083,-0.177359
-0.741765,1.000000,-0.360371,0.868691,0.490468,0.207577
-0.011180,-0.360371,1.000000,0.125884,-0.422082,-0.007368
-0.773052,0.868691,0.125884,1.000000,0.318599,0.235955
-0.386083,0.490468,-0.422082,0.318599,1.000000,0.117522
-0.177359,0.207577,-0.007368,0.235955,0.117522,1.000000
