atmos_pressure, temp_mean, rh_mean, vapor_pressure_mean, wspd_arith_mean, tbrg_precip_total_corr
1.000000,-0.740956,-0.013552,-0.682678,-0.602815,-0.088879
-0.740956,1.000000,-0.208150,0.969279,0.619070,0.267426
-0.013552,-0.208150,1.000000,-0.006390,-0.025634,-0.104785
-0.682678,0.969279,-0.006390,1.000000,0.572886,0.271063
-0.602815,0.619070,-0.025634,0.572886,1.000000,0.194204
-0.088879,0.267426,-0.104785,0.271063,0.194204,1.000000
