atmos_pressure, temp_mean, rh_mean, vapor_pressure_mean, wspd_arith_mean
1.000000,-0.882478,0.754355,-0.780777,-0.653370
-0.882478,1.000000,-0.937017,0.758853,0.574284
0.754355,-0.937017,1.000000,-0.505625,-0.669748
-0.780777,0.758853,-0.505625,1.000000,0.181213
-0.653370,0.574284,-0.669748,0.181213,1.000000
