atmos_pressure, temp_mean, rh_mean, vapor_pressure_mean, wspd_arith_mean, tbrg_precip_total_corr
1.000000,-0.601161,-0.116450,-0.617827,-0.664342,-0.235936
-0.601161,1.000000,-0.049702,0.877481,0.490955,0.325356
-0.116450,-0.049702,1.000000,0.408376,0.135907,0.021379
-0.617827,0.877481,0.408376,1.000000,0.500409,0.321537
-0.664342,0.490955,0.135907,0.500409,1.000000,0.249252
-0.235936,0.325356,0.021379,0.321537,0.249252,1.000000
