atmos_pressure, temp_mean, rh_mean, vapor_pressure_mean, wspd_arith_mean, tbrg_precip_total_corr
1.000000,-0.067028,-0.153871,-0.165579,-0.245143,-0.092610
-0.067028,1.000000,-0.348741,0.850457,0.572992,0.077651
-0.153871,-0.348741,1.000000,0.149145,-0.260048,-0.077285
-0.165579,0.850457,0.149145,1.000000,0.424868,0.029444
-0.245143,0.572992,-0.260048,0.424868,1.000000,0.147428
-0.092610,0.077651,-0.077285,0.029444,0.147428,1.000000
