atmos_pressure, temp_mean, rh_mean, vapor_pressure_mean, wspd_arith_mean, tbrg_precip_total_corr
1.000000,-0.328406,0.080102,-0.390991,-0.302514,-0.166539
-0.328406,1.000000,-0.654803,0.911299,0.331204,0.218153
0.080102,-0.654803,1.000000,-0.328564,-0.369466,-0.221687
-0.390991,0.911299,-0.328564,1.000000,0.283456,0.159974
-0.302514,0.331204,-0.369466,0.283456,1.000000,0.134187
-0.166539,0.218153,-0.221687,0.159974,0.134187,1.000000
