atmos_pressure, temp_mean, rh_mean, vapor_pressure_mean, wspd_arith_mean, tbrg_precip_total_corr
1.000000,-0.280708,0.078989,-0.224960,-0.456662,-0.024181
-0.280708,1.000000,-0.334188,0.804853,0.082835,0.200359
0.078989,-0.334188,1.000000,0.254607,-0.200636,-0.018026
-0.224960,0.804853,0.254607,1.000000,-0.048103,0.186394
-0.456662,0.082835,-0.200636,-0.048103,1.000000,-0.052381
-0.024181,0.200359,-0.018026,0.186394,-0.052381,1.000000
