atmos_pressure, temp_mean, rh_mean, vapor_pressure_mean, wspd_arith_mean
1.000000,-0.778252,0.395429,-0.550215,-0.756442
-0.778252,1.000000,-0.812264,0.359520,0.871883
0.395429,-0.812264,1.000000,0.226809,-0.621500
-0.550215,0.359520,0.226809,1.000000,0.472641
-0.756442,0.871883,-0.621500,0.472641,1.000000
