atmos_pressure, temp_mean, rh_mean, vapor_pressure_mean, wspd_arith_mean
1.000000,-0.270536,-0.128233,-0.323612,-0.287675
-0.270536,1.000000,-0.365458,0.811569,-0.017370
-0.128233,-0.365458,1.000000,0.180204,-0.118911
-0.323612,0.811569,0.180204,1.000000,-0.046966
-0.287675,-0.017370,-0.118911,-0.046966,1.000000
