atmos_pressure, temp_mean, rh_mean, vapor_pressure_mean, wspd_arith_mean
1.000000,-0.699579,0.091153,-0.692235,-0.303012
-0.699579,1.000000,-0.523814,0.674718,0.252774
0.091153,-0.523814,1.000000,0.170902,-0.169330
-0.692235,0.674718,0.170902,1.000000,0.173685
-0.303012,0.252774,-0.169330,0.173685,1.000000
