atmos_pressure, temp_mean, rh_mean, vapor_pressure_mean, wspd_arith_mean, tbrg_precip_total_corr
1.000000,0.288749,-0.044666,0.285811,-0.051724,0.081027
0.288749,1.000000,-0.208195,0.911029,-0.190560,0.201022
-0.044666,-0.208195,1.000000,0.194587,-0.138401,-0.227052
0.285811,0.911029,0.194587,1.000000,-0.223958,0.107228
-0.051724,-0.190560,-0.138401,-0.223958,1.000000,0.253198
0.081027,0.201022,-0.227052,0.107228,0.253198,1.000000
