atmos_pressure, temp_mean, rh_mean, vapor_pressure_mean, wspd_arith_mean, tbrg_precip_total_corr
1.000000,0.161271,0.011826,0.179120,-0.189291,0.169254
0.161271,1.000000,-0.381054,0.669635,-0.002501,0.170647
0.011826,-0.381054,1.000000,0.414397,0.087355,-0.249905
0.179120,0.669635,0.414397,1.000000,0.056553,-0.038561
-0.189291,-0.002501,0.087355,0.056553,1.000000,-0.022922
0.169254,0.170647,-0.249905,-0.038561,-0.022922,1.000000
