atmos_pressure, temp_mean, rh_mean, vapor_pressure_mean, wspd_arith_mean
1.000000,-0.429303,-0.009404,-0.472774,-0.337491
-0.429303,1.000000,-0.487862,0.671994,0.083191
-0.009404,-0.487862,1.000000,0.250939,-0.089819
-0.472774,0.671994,0.250939,1.000000,0.072693
-0.337491,0.083191,-0.089819,0.072693,1.000000
