atmos_pressure, temp_mean, rh_mean, vapor_pressure_mean, wspd_arith_mean, tbrg_precip_total_corr
1.000000,-0.327944,0.764594,0.898474,-0.159662,nan
-0.327944,1.000000,-0.799817,-0.350545,0.242564,nan
0.764594,-0.799817,1.000000,0.842325,-0.092436,nan
0.898474,-0.350545,0.842325,1.000000,0.076532,nan
-0.159662,0.242564,-0.092436,0.076532,1.000000,nan
nan,nan,nan,nan,nan,nan
