atmos_pressure, temp_mean, rh_mean, vapor_pressure_mean, wspd_arith_mean
1.000000,-0.809644,0.834100,0.530931,-0.229757
-0.809644,1.000000,-0.880290,-0.356914,0.180716
0.834100,-0.880290,1.000000,0.755162,-0.213036
0.530931,-0.356914,0.755162,1.000000,-0.157381
-0.229757,0.180716,-0.213036,-0.157381,1.000000
