atmos_pressure, temp_mean, rh_mean, vapor_pressure_mean, wspd_arith_mean
1.000000,0.473710,-0.579305,-0.663468,-0.633004
0.473710,1.000000,-0.968570,-0.503867,-0.777068
-0.579305,-0.968570,1.000000,0.673347,0.753381
-0.663468,-0.503867,0.673347,1.000000,0.495276
-0.633004,-0.777068,0.753381,0.495276,1.000000
