atmos_pressure, temp_mean, rh_mean, vapor_pressure_mean, wspd_arith_mean
1.000000,-0.903203,0.587534,-0.941168,0.124432
-0.903203,1.000000,-0.824786,0.965445,-0.070643
0.587534,-0.824786,1.000000,-0.649438,-0.181884
-0.941168,0.965445,-0.649438,1.000000,-0.180651
0.124432,-0.070643,-0.181884,-0.180651,1.000000
