atmos_pressure, temp_mean, rh_mean, vapor_pressure_mean, wspd_arith_mean
1.000000,0.862301,-0.919663,-0.720664,0.436209
0.862301,1.000000,-0.883109,-0.497938,0.323049
-0.919663,-0.883109,1.000000,0.838324,-0.465861
-0.720664,-0.497938,0.838324,1.000000,-0.428988
0.436209,0.323049,-0.465861,-0.428988,1.000000
