atmos_pressure, temp_mean, rh_mean, vapor_pressure_mean, wspd_arith_mean, tbrg_precip_total_corr
1.000000,-0.377381,0.050508,-0.335483,-0.409765,-0.100684
-0.377381,1.000000,-0.536190,0.794214,0.474161,0.213548
0.050508,-0.536190,1.000000,0.035551,-0.080173,-0.138785
-0.335483,0.794214,0.035551,1.000000,0.590490,0.235548
-0.409765,0.474161,-0.080173,0.590490,1.000000,0.252878
-0.100684,0.213548,-0.138785,0.235548,0.252878,1.000000
