atmos_pressure, temp_mean, rh_mean, vapor_pressure_mean, wspd_arith_mean, tbrg_precip_total_corr
1.000000,0.033211,-0.021931,0.033703,-0.053464,-0.010487
0.033211,1.000000,-0.239008,0.944312,0.066799,0.105288
-0.021931,-0.239008,1.000000,0.052464,-0.317467,-0.084759
0.033703,0.944312,0.052464,1.000000,-0.026060,0.077422
-0.053464,0.066799,-0.317467,-0.026060,1.000000,0.209600
-0.010487,0.105288,-0.084759,0.077422,0.209600,1.000000
