atmos_pressure, temp_mean, rh_mean, vapor_pressure_mean, wspd_arith_mean
1.000000,-0.408982,0.429966,-0.250767,0.258393
-0.408982,1.000000,-0.708250,0.835867,-0.029235
0.429966,-0.708250,1.000000,-0.207394,0.359994
-0.250767,0.835867,-0.207394,1.000000,0.253260
0.258393,-0.029235,0.359994,0.253260,1.000000
