atmos_pressure, temp_mean, rh_mean, vapor_pressure_mean, wspd_arith_mean
1.000000,-0.449183,-0.037456,-0.389640,-0.403118
-0.449183,1.000000,-0.224299,0.808785,0.163569
-0.037456,-0.224299,1.000000,0.307764,-0.195871
-0.389640,0.808785,0.307764,1.000000,0.038650
-0.403118,0.163569,-0.195871,0.038650,1.000000
