atmos_pressure, temp_mean, rh_mean, vapor_pressure_mean, wspd_arith_mean
1.000000,0.656791,-0.418777,0.318122,0.345605
0.656791,1.000000,-0.933988,-0.280129,0.479807
-0.418777,-0.933988,1.000000,0.589070,-0.362399
0.318122,-0.280129,0.589070,1.000000,0.090214
0.345605,0.479807,-0.362399,0.090214,1.000000
