atmos_pressure, temp_mean, rh_mean, vapor_pressure_mean, wspd_arith_mean, tbrg_precip_total_corr
1.000000,-0.221556,0.151780,-0.132384,-0.545807,-0.068614
-0.221556,1.000000,-0.480098,0.743738,0.321210,0.154507
0.151780,-0.480098,1.000000,0.185865,-0.270956,-0.089595
-0.132384,0.743738,0.185865,1.000000,0.186718,0.125012
-0.545807,0.321210,-0.270956,0.186718,1.000000,0.065464
-0.068614,0.154507,-0.089595,0.125012,0.065464,1.000000
