atmos_pressure, temp_mean, rh_mean, vapor_pressure_mean, wspd_arith_mean
1.000000,-0.666764,-0.054451,-0.699490,-0.321844
-0.666764,1.000000,-0.421209,0.672530,0.287613
-0.054451,-0.421209,1.000000,0.314981,-0.130350
-0.699490,0.672530,0.314981,1.000000,0.239649
-0.321844,0.287613,-0.130350,0.239649,1.000000
