atmos_pressure, temp_mean, rh_mean, vapor_pressure_mean, wspd_arith_mean
1.000000,-0.779204,0.599508,-0.279962,-0.286751
-0.779204,1.000000,-0.894979,0.338114,0.553405
0.599508,-0.894979,1.000000,0.057646,-0.340817
-0.279962,0.338114,0.057646,1.000000,0.497333
-0.286751,0.553405,-0.340817,0.497333,1.000000
