atmos_pressure, temp_mean, rh_mean, vapor_pressure_mean, wspd_arith_mean
1.000000,-0.481875,-0.027833,-0.430665,-0.260022
-0.481875,1.000000,-0.364571,0.827560,0.111659
-0.027833,-0.364571,1.000000,0.145446,-0.212113
-0.430665,0.827560,0.145446,1.000000,-0.000706
-0.260022,0.111659,-0.212113,-0.000706,1.000000
