atmos_pressure, temp_mean, rh_mean, vapor_pressure_mean, wspd_arith_mean, tbrg_precip_total_corr
1.000000,-0.276621,0.051130,-0.234783,-0.212069,-0.115149
-0.276621,1.000000,-0.522227,0.808409,0.404010,0.178583
0.051130,-0.522227,1.000000,0.029112,-0.226828,-0.089278
-0.234783,0.808409,0.029112,1.000000,0.311412,0.139079
-0.212069,0.404010,-0.226828,0.311412,1.000000,0.127361
-0.115149,0.178583,-0.089278,0.139079,0.127361,1.000000
