atmos_pressure, temp_mean, rh_mean, vapor_pressure_mean, wspd_arith_mean, tbrg_precip_total_corr
1.000000,0.076076,-0.021655,0.071832,-0.114290,-0.014570
0.076076,1.000000,0.198026,0.964438,0.000383,0.179955
-0.021655,0.198026,1.000000,0.358352,-0.112543,-0.033862
0.071832,0.964438,0.358352,1.000000,-0.049238,0.153866
-0.114290,0.000383,-0.112543,-0.049238,1.000000,0.247497
-0.014570,0.179955,-0.033862,0.153866,0.247497,1.000000
