atmos_pressure, temp_mean, rh_mean, vapor_pressure_mean, wspd_arith_mean
1.000000,-0.512447,0.082569,-0.445129,-0.308116
-0.512447,1.000000,-0.450676,0.837778,0.229998
0.082569,-0.450676,1.000000,0.037595,-0.321628
-0.445129,0.837778,0.037595,1.000000,0.069660
-0.308116,0.229998,-0.321628,0.069660,1.000000
