atmos_pressure, temp_mean, rh_mean, vapor_pressure_mean, wspd_arith_mean, tbrg_precip_total_corr
1.000000,-0.379785,-0.063176,-0.403805,-0.455375,-0.129321
-0.379785,1.000000,-0.362865,0.855527,0.194103,0.185308
-0.063176,-0.362865,1.000000,0.126623,0.022105,-0.069714
-0.403805,0.855527,0.126623,1.000000,0.191199,0.160133
-0.455375,0.194103,0.022105,0.191199,1.000000,0.083936
-0.129321,0.185308,-0.069714,0.160133,0.083936,1.000000
