atmos_pressure, temp_mean, rh_mean, vapor_pressure_mean, wspd_arith_mean, tbrg_precip_total_corr
1.000000,-0.157961,0.122202,-0.090226,-0.148804,-0.119949
-0.157961,1.000000,-0.217293,0.965349,-0.096794,0.175582
0.122202,-0.217293,1.000000,-0.036727,-0.111877,-0.022237
-0.090226,0.965349,-0.036727,1.000000,-0.097374,0.175176
-0.148804,-0.096794,-0.111877,-0.097374,1.000000,0.223685
-0.119949,0.175582,-0.022237,0.175176,0.223685,1.000000
