atmos_pressure, temp_mean, rh_mean, vapor_pressure_mean, wspd_arith_mean, tbrg_precip_total_corr
1.000000,-0.144853,0.048615,-0.128688,-0.241529,0.055324
-0.144853,1.000000,-0.352170,0.942809,0.217845,0.125425
0.048615,-0.352170,1.000000,-0.072292,-0.220350,-0.234264
-0.128688,0.942809,-0.072292,1.000000,0.180928,0.049427
-0.241529,0.217845,-0.220350,0.180928,1.000000,0.071604
0.055324,0.125425,-0.234264,0.049427,0.071604,1.000000
