atmos_pressure, temp_mean, rh_mean, vapor_pressure_mean, wspd_arith_mean
1.000000,-0.477008,0.084157,-0.475021,-0.281481
-0.477008,1.000000,-0.531572,0.762396,0.221025
0.084157,-0.531572,1.000000,0.071238,-0.278114
-0.475021,0.762396,0.071238,1.000000,0.100541
-0.281481,0.221025,-0.278114,0.100541,1.000000
