atmos_pressure, temp_mean, rh_mean, vapor_pressure_mean, wspd_arith_mean, tbrg_precip_total_corr
1.000000,-0.538487,0.312415,-0.374952,-0.383408,-0.142025
-0.538487,1.000000,-0.517464,0.712390,0.403790,0.054499
0.312415,-0.517464,1.000000,0.189508,-0.421552,-0.066943
-0.374952,0.712390,0.189508,1.000000,0.151548,-0.006133
-0.383408,0.403790,-0.421552,0.151548,1.000000,-0.036220
-0.142025,0.054499,-0.066943,-0.006133,-0.036220,1.000000
