atmos_pressure, temp_mean, rh_mean, vapor_pressure_mean, wspd_arith_mean
1.000000,-0.436547,0.081598,-0.351962,-0.221750
-0.436547,1.000000,-0.371608,0.833106,0.095168
0.081598,-0.371608,1.000000,0.121381,-0.339972
-0.351962,0.833106,0.121381,1.000000,-0.075382
-0.221750,0.095168,-0.339972,-0.075382,1.000000
