atmos_pressure, temp_mean, rh_mean, vapor_pressure_mean, wspd_arith_mean, tbrg_precip_total_corr
1.000000,-0.162710,-0.073470,-0.133145,-0.153435,-0.119099
-0.162710,1.000000,-0.108149,0.975816,-0.071307,0.185635
-0.073470,-0.108149,1.000000,0.036546,-0.023573,0.022832
-0.133145,0.975816,0.036546,1.000000,-0.089267,0.185563
-0.153435,-0.071307,-0.023573,-0.089267,1.000000,0.285014
-0.119099,0.185635,0.022832,0.185563,0.285014,1.000000
