atmos_pressure, temp_mean, rh_mean, vapor_pressure_mean, wspd_arith_mean, tbrg_precip_total_corr
1.000000,-0.087477,0.244798,0.047392,-0.363718,-0.095608
-0.087477,1.000000,-0.032859,0.947712,0.114361,0.205229
0.244798,-0.032859,1.000000,0.190790,-0.209328,-0.107973
0.047392,0.947712,0.190790,1.000000,0.045986,0.177424
-0.363718,0.114361,-0.209328,0.045986,1.000000,0.365002
-0.095608,0.205229,-0.107973,0.177424,0.365002,1.000000
