atmos_pressure, temp_mean, rh_mean, vapor_pressure_mean, wspd_arith_mean, tbrg_precip_total_corr
1.000000,-0.106630,0.057033,-0.087692,-0.350336,-0.082533
-0.106630,1.000000,-0.425326,0.809172,-0.091376,0.135111
0.057033,-0.425326,1.000000,0.142635,-0.306385,0.002480
-0.087692,0.809172,0.142635,1.000000,-0.280892,0.158750
-0.350336,-0.091376,-0.306385,-0.280892,1.000000,-0.059084
-0.082533,0.135111,0.002480,0.158750,-0.059084,1.000000
