atmos_pressure, temp_mean, rh_mean, vapor_pressure_mean, wspd_arith_mean, tbrg_precip_total_corr
1.000000,-0.347038,-0.005532,-0.173545,-0.319936,-0.021962
-0.347038,1.000000,0.033770,0.932179,0.111317,0.182392
-0.005532,0.033770,1.000000,0.217602,-0.046712,0.002701
-0.173545,0.932179,0.217602,1.000000,0.054767,0.202357
-0.319936,0.111317,-0.046712,0.054767,1.000000,0.389641
-0.021962,0.182392,0.002701,0.202357,0.389641,1.000000
