atmos_pressure, temp_mean, rh_mean, vapor_pressure_mean, wspd_arith_mean
1.000000,-0.580161,0.247771,-0.524035,-0.287100
-0.580161,1.000000,-0.672933,0.767277,0.256820
0.247771,-0.672933,1.000000,-0.121230,-0.330521
-0.524035,0.767277,-0.121230,1.000000,0.092368
-0.287100,0.256820,-0.330521,0.092368,1.000000
