atmos_pressure, temp_mean, rh_mean, vapor_pressure_mean, wspd_arith_mean
1.000000,-0.267204,-0.038026,-0.330060,-0.263413
-0.267204,1.000000,0.362095,0.753131,0.206037
-0.038026,0.362095,1.000000,0.464981,-0.178479
-0.330060,0.753131,0.464981,1.000000,0.075774
-0.263413,0.206037,-0.178479,0.075774,1.000000
