atmos_pressure, temp_mean, rh_mean, vapor_pressure_mean, wspd_arith_mean, tbrg_precip_total_corr
1.000000,-0.449311,0.386715,-0.301154,-0.460528,-0.071399
-0.449311,1.000000,-0.497715,0.859474,0.426889,0.117161
0.386715,-0.497715,1.000000,-0.027072,-0.534999,-0.040698
-0.301154,0.859474,-0.027072,1.000000,0.242878,0.118416
-0.460528,0.426889,-0.534999,0.242878,1.000000,-0.048355
-0.071399,0.117161,-0.040698,0.118416,-0.048355,1.000000
