atmos_pressure, temp_mean, rh_mean, vapor_pressure_mean, wspd_arith_mean
1.000000,-0.558004,0.157392,-0.394077,-0.299585
-0.558004,1.000000,-0.347807,0.805981,0.180271
0.157392,-0.347807,1.000000,0.182583,-0.381066
-0.394077,0.805981,0.182583,1.000000,-0.017621
-0.299585,0.180271,-0.381066,-0.017621,1.000000
