atmos_pressure, temp_mean, rh_mean, vapor_pressure_mean, wspd_arith_mean, tbrg_precip_total_corr
1.000000,-0.549801,0.116600,-0.478104,-0.179075,-0.019561
-0.549801,1.000000,-0.441941,0.831375,0.315125,0.131565
0.116600,-0.441941,1.000000,0.058304,-0.137385,-0.072865
-0.478104,0.831375,0.058304,1.000000,0.300629,0.122877
-0.179075,0.315125,-0.137385,0.300629,1.000000,0.039425
-0.019561,0.131565,-0.072865,0.122877,0.039425,1.000000
