atmos_pressure, temp_mean, rh_mean, vapor_pressure_mean, wspd_arith_mean
1.000000,-0.451309,0.072057,-0.379080,-0.307582
-0.451309,1.000000,-0.354079,0.834882,0.154277
0.072057,-0.354079,1.000000,0.143545,-0.355353
-0.379080,0.834882,0.143545,1.000000,-0.016628
-0.307582,0.154277,-0.355353,-0.016628,1.000000
