atmos_pressure, temp_mean, rh_mean, vapor_pressure_mean, wspd_arith_mean
1.000000,-0.448989,0.096647,-0.357099,-0.260922
-0.448989,1.000000,-0.407530,0.848906,0.198533
0.096647,-0.407530,1.000000,0.055017,-0.376957
-0.357099,0.848906,0.055017,1.000000,0.033707
-0.260922,0.198533,-0.376957,0.033707,1.000000
