atmos_pressure, temp_mean, rh_mean, vapor_pressure_mean, wspd_arith_mean, tbrg_precip_total_corr
1.000000,-0.414607,0.158778,-0.321386,-0.568758,-0.147605
-0.414607,1.000000,-0.371156,0.797267,0.314602,0.251974
0.158778,-0.371156,1.000000,0.221301,-0.379452,-0.081376
-0.321386,0.797267,0.221301,1.000000,0.084835,0.211434
-0.568758,0.314602,-0.379452,0.084835,1.000000,0.034311
-0.147605,0.251974,-0.081376,0.211434,0.034311,1.000000
