atmos_pressure, temp_mean, rh_mean, vapor_pressure_mean, wspd_arith_mean, tbrg_precip_total_corr
1.000000,-0.104457,-0.159871,-0.107575,-0.274246,0.045492
-0.104457,1.000000,-0.393844,0.963967,0.309971,0.198573
-0.159871,-0.393844,1.000000,-0.221760,-0.132439,-0.260264
-0.107575,0.963967,-0.221760,1.000000,0.316034,0.156776
-0.274246,0.309971,-0.132439,0.316034,1.000000,0.277340
0.045492,0.198573,-0.260264,0.156776,0.277340,1.000000
