atmos_pressure, temp_mean, rh_mean, vapor_pressure_mean, wspd_arith_mean, tbrg_precip_total_corr
1.000000,-0.267476,-0.006436,-0.301211,-0.389723,-0.135164
-0.267476,1.000000,-0.552917,0.808882,0.197054,0.101347
-0.006436,-0.552917,1.000000,-0.009858,-0.330107,-0.067438
-0.301211,0.808882,-0.009858,1.000000,-0.002324,0.032788
-0.389723,0.197054,-0.330107,-0.002324,1.000000,-0.028293
-0.135164,0.101347,-0.067438,0.032788,-0.028293,1.000000
