atmos_pressure, temp_mean, rh_mean, vapor_pressure_mean, wspd_arith_mean, tbrg_precip_total_corr
1.000000,0.153413,-0.126501,0.146677,-0.133053,0.091982
0.153413,1.000000,-0.164818,0.952334,0.158090,0.094403
-0.126501,-0.164818,1.000000,0.074638,-0.119416,-0.073810
0.146677,0.952334,0.074638,1.000000,0.113446,0.062667
-0.133053,0.158090,-0.119416,0.113446,1.000000,0.106224
0.091982,0.094403,-0.073810,0.062667,0.106224,1.000000
