atmos_pressure, temp_mean, rh_mean, vapor_pressure_mean, wspd_arith_mean, tbrg_precip_total_corr
1.000000,-0.212754,-0.073579,-0.168856,-0.119430,-0.103089
-0.212754,1.000000,-0.264904,0.942108,0.050657,0.187823
-0.073579,-0.264904,1.000000,0.008620,-0.126184,-0.059873
-0.168856,0.942108,0.008620,1.000000,0.017014,0.166524
-0.119430,0.050657,-0.126184,0.017014,1.000000,0.168574
-0.103089,0.187823,-0.059873,0.166524,0.168574,1.000000
