atmos_pressure, temp_mean, rh_mean, vapor_pressure_mean, wspd_arith_mean
1.000000,-0.553688,0.094553,-0.411666,-0.355739
-0.553688,1.000000,-0.286090,0.804843,0.154739
0.094553,-0.286090,1.000000,0.247582,-0.349911
-0.411666,0.804843,0.247582,1.000000,-0.033117
-0.355739,0.154739,-0.349911,-0.033117,1.000000
