atmos_pressure, temp_mean, rh_mean, vapor_pressure_mean, wspd_arith_mean, tbrg_precip_total_corr
1.000000,-0.179190,-0.173079,-0.163787,-0.320719,0.003192
-0.179190,1.000000,0.159552,0.940500,0.006693,0.210366
-0.173079,0.159552,1.000000,0.374289,0.000063,-0.001863
-0.163787,0.940500,0.374289,1.000000,-0.020667,0.242684
-0.320719,0.006693,0.000063,-0.020667,1.000000,0.056140
0.003192,0.210366,-0.001863,0.242684,0.056140,1.000000
