atmos_pressure, temp_mean, rh_mean, vapor_pressure_mean, wspd_arith_mean, tbrg_precip_total_corr
1.000000,-0.108541,-0.007478,-0.078538,-0.216707,-0.100687
-0.108541,1.000000,-0.032276,0.961482,0.018988,0.133387
-0.007478,-0.032276,1.000000,0.159441,-0.082560,-0.077342
-0.078538,0.961482,0.159441,1.000000,0.000058,0.092267
-0.216707,0.018988,-0.082560,0.000058,1.000000,0.241568
-0.100687,0.133387,-0.077342,0.092267,0.241568,1.000000
