atmos_pressure, temp_mean, rh_mean, vapor_pressure_mean, wspd_arith_mean
1.000000,-0.476995,0.042214,-0.485839,-0.295294
-0.476995,1.000000,-0.503673,0.725783,0.157369
0.042214,-0.503673,1.000000,0.152724,-0.187680
-0.485839,0.725783,0.152724,1.000000,0.080789
-0.295294,0.157369,-0.187680,0.080789,1.000000
