atmos_pressure, temp_mean, rh_mean, vapor_pressure_mean, wspd_arith_mean
1.000000,-0.452344,0.050916,-0.369319,-0.376961
-0.452344,1.000000,-0.326077,0.823544,0.187324
0.050916,-0.326077,1.000000,0.197396,-0.350662
-0.369319,0.823544,0.197396,1.000000,-0.006003
-0.376961,0.187324,-0.350662,-0.006003,1.000000
