atmos_pressure, temp_mean, rh_mean, vapor_pressure_mean, wspd_arith_mean, tbrg_precip_total_corr
1.000000,0.121722,0.169605,0.207151,-0.134783,-0.046950
0.121722,1.000000,-0.127673,0.949405,0.108181,0.161563
0.169605,-0.127673,1.000000,0.125637,0.022175,-0.057627
0.207151,0.949405,0.125637,1.000000,0.096828,0.138041
-0.134783,0.108181,0.022175,0.096828,1.000000,0.358838
-0.046950,0.161563,-0.057627,0.138041,0.358838,1.000000
