atmos_pressure, temp_mean, rh_mean, vapor_pressure_mean, wspd_arith_mean, tbrg_precip_total_corr
1.000000,-0.109000,-0.140742,-0.084466,-0.228940,-0.050981
-0.109000,1.000000,-0.047633,0.968964,-0.077789,0.217067
-0.140742,-0.047633,1.000000,0.129667,-0.042794,-0.101359
-0.084466,0.968964,0.129667,1.000000,-0.126393,0.179006
-0.228940,-0.077789,-0.042794,-0.126393,1.000000,0.213648
-0.050981,0.217067,-0.101359,0.179006,0.213648,1.000000
