atmos_pressure, temp_mean, rh_mean, vapor_pressure_mean, wspd_arith_mean
1.000000,-0.441735,0.030920,-0.377868,-0.315103
-0.441735,1.000000,-0.390353,0.831443,0.191135
0.030920,-0.390353,1.000000,0.104368,-0.320838
-0.377868,0.831443,0.104368,1.000000,0.045393
-0.315103,0.191135,-0.320838,0.045393,1.000000
