atmos_pressure, temp_mean, rh_mean, vapor_pressure_mean, wspd_arith_mean, tbrg_precip_total_corr
1.000000,0.307890,-0.086588,0.371377,-0.284680,0.158425
0.307890,1.000000,-0.352483,0.956546,-0.063267,0.259313
-0.086588,-0.352483,1.000000,-0.106873,-0.087199,-0.100395
0.371377,0.956546,-0.106873,1.000000,-0.114792,0.255285
-0.284680,-0.063267,-0.087199,-0.114792,1.000000,0.123378
0.158425,0.259313,-0.100395,0.255285,0.123378,1.000000
