atmos_pressure, temp_mean, rh_mean, vapor_pressure_mean, wspd_arith_mean
1.000000,-0.540870,-0.046424,-0.513546,-0.211011
-0.540870,1.000000,-0.366413,0.824184,0.126173
-0.046424,-0.366413,1.000000,0.142848,-0.256993
-0.513546,0.824184,0.142848,1.000000,0.001153
-0.211011,0.126173,-0.256993,0.001153,1.000000
