atmos_pressure, temp_mean, rh_mean, vapor_pressure_mean, wspd_arith_mean, tbrg_precip_total_corr
1.000000,-0.617680,-0.012121,-0.716894,-0.412976,-0.100741
-0.617680,1.000000,-0.533749,0.718190,0.414957,-0.004170
-0.012121,-0.533749,1.000000,0.152392,-0.243188,0.101876
-0.716894,0.718190,0.152392,1.000000,0.374775,0.064069
-0.412976,0.414957,-0.243188,0.374775,1.000000,-0.047033
-0.100741,-0.004170,0.101876,0.064069,-0.047033,1.000000
