atmos_pressure, temp_mean, rh_mean, vapor_pressure_mean, wspd_arith_mean
1.000000,-0.458695,-0.022763,-0.417364,-0.362189
-0.458695,1.000000,-0.304312,0.849123,0.090077
-0.022763,-0.304312,1.000000,0.171092,-0.266812
-0.417364,0.849123,0.171092,1.000000,-0.037961
-0.362189,0.090077,-0.266812,-0.037961,1.000000
