atmos_pressure, temp_mean, rh_mean, vapor_pressure_mean, wspd_arith_mean
1.000000,-0.439714,0.020836,-0.375924,-0.267678
-0.439714,1.000000,-0.338352,0.826146,0.091054
0.020836,-0.338352,1.000000,0.167661,-0.306537
-0.375924,0.826146,0.167661,1.000000,-0.064122
-0.267678,0.091054,-0.306537,-0.064122,1.000000
