atmos_pressure, temp_mean, rh_mean, vapor_pressure_mean, wspd_arith_mean
1.000000,-0.436730,0.066327,-0.338555,-0.337886
-0.436730,1.000000,-0.317491,0.804403,0.203243
0.066327,-0.317491,1.000000,0.239047,-0.320764
-0.338555,0.804403,0.239047,1.000000,0.013563
-0.337886,0.203243,-0.320764,0.013563,1.000000
