atmos_pressure, temp_mean, rh_mean, vapor_pressure_mean, wspd_arith_mean
1.000000,-0.570132,0.198963,-0.504838,-0.299958
-0.570132,1.000000,-0.613016,0.761140,0.205517
0.198963,-0.613016,1.000000,-0.031786,-0.210657
-0.504838,0.761140,-0.031786,1.000000,0.098235
-0.299958,0.205517,-0.210657,0.098235,1.000000
