atmos_pressure, temp_mean, rh_mean, vapor_pressure_mean, wspd_arith_mean, tbrg_precip_total_corr
1.000000,0.163748,-0.235616,0.122410,-0.115479,0.003199
0.163748,1.000000,-0.365773,0.910886,0.265547,0.166781
-0.235616,-0.365773,1.000000,-0.010729,-0.275608,-0.096436
0.122410,0.910886,-0.010729,1.000000,0.220678,0.145574
-0.115479,0.265547,-0.275608,0.220678,1.000000,0.159847
0.003199,0.166781,-0.096436,0.145574,0.159847,1.000000
