atmos_pressure, temp_mean, rh_mean, vapor_pressure_mean, wspd_arith_mean, tbrg_precip_total_corr
1.000000,0.271499,-0.025236,0.342897,-0.329907,-0.000574
0.271499,1.000000,-0.224418,0.957730,-0.031119,0.176044
-0.025236,-0.224418,1.000000,-0.000419,-0.108771,-0.206553
0.342897,0.957730,-0.000419,1.000000,-0.117493,0.121400
-0.329907,-0.031119,-0.108771,-0.117493,1.000000,0.181148
-0.000574,0.176044,-0.206553,0.121400,0.181148,1.000000
