atmos_pressure, temp_mean, rh_mean, vapor_pressure_mean, wspd_arith_mean, tbrg_precip_total_corr
1.000000,-0.668499,0.420964,-0.419026,-0.563818,-0.185396
-0.668499,1.000000,-0.432538,0.756098,0.436105,0.196372
0.420964,-0.432538,1.000000,0.232312,-0.506306,-0.029973
-0.419026,0.756098,0.232312,1.000000,0.111420,0.192959
-0.563818,0.436105,-0.506306,0.111420,1.000000,0.088030
-0.185396,0.196372,-0.029973,0.192959,0.088030,1.000000
