atmos_pressure, temp_mean, rh_mean, vapor_pressure_mean, wspd_arith_mean, tbrg_precip_total_corr
1.000000,-0.499485,-0.163419,-0.640772,-0.334077,-0.107434
-0.499485,1.000000,-0.509103,0.598932,0.274070,0.074117
-0.163419,-0.509103,1.000000,0.334399,0.043587,-0.001017
-0.640772,0.598932,0.334399,1.000000,0.384719,0.057987
-0.334077,0.274070,0.043587,0.384719,1.000000,-0.188718
-0.107434,0.074117,-0.001017,0.057987,-0.188718,1.000000
