atmos_pressure, temp_mean, rh_mean, vapor_pressure_mean, wspd_arith_mean
1.000000,-0.493675,0.030582,-0.421756,-0.324341
-0.493675,1.000000,-0.371991,0.833345,0.200861
0.030582,-0.371991,1.000000,0.130938,-0.243899
-0.421756,0.833345,0.130938,1.000000,0.061062
-0.324341,0.200861,-0.243899,0.061062,1.000000
