atmos_pressure, temp_mean, rh_mean, vapor_pressure_mean, wspd_arith_mean
1.000000,-0.438128,0.008571,-0.368857,-0.343199
-0.438128,1.000000,-0.259545,0.829353,0.102701
0.008571,-0.259545,1.000000,0.250311,-0.274379
-0.368857,0.829353,0.250311,1.000000,-0.041052
-0.343199,0.102701,-0.274379,-0.041052,1.000000
