atmos_pressure, temp_mean, rh_mean, vapor_pressure_mean, wspd_arith_mean, tbrg_precip_total_corr
1.000000,-0.201518,0.069915,-0.192530,-0.313899,-0.156591
-0.201518,1.000000,-0.188250,0.964627,-0.089454,0.213380
0.069915,-0.188250,1.000000,0.026073,-0.109758,-0.009164
-0.192530,0.964627,0.026073,1.000000,-0.126547,0.212884
-0.313899,-0.089454,-0.109758,-0.126547,1.000000,0.348819
-0.156591,0.213380,-0.009164,0.212884,0.348819,1.000000
