atmos_pressure, temp_mean, rh_mean, vapor_pressure_mean, wspd_arith_mean, tbrg_precip_total_corr
1.000000,-0.152299,-0.055337,-0.123963,-0.098578,-0.006096
-0.152299,1.000000,-0.125054,0.943724,0.072585,0.150079
-0.055337,-0.125054,1.000000,0.113616,-0.028536,-0.189033
-0.123963,0.943724,0.113616,1.000000,0.047643,0.087079
-0.098578,0.072585,-0.028536,0.047643,1.000000,0.225573
-0.006096,0.150079,-0.189033,0.087079,0.225573,1.000000
