atmos_pressure, temp_mean, rh_mean, vapor_pressure_mean, wspd_arith_mean, tbrg_precip_total_corr
1.000000,-0.168261,-0.023626,-0.121737,-0.269436,-0.031814
-0.168261,1.000000,-0.133471,0.944095,0.192236,0.224755
-0.023626,-0.133471,1.000000,0.111351,-0.135811,-0.126107
-0.121737,0.944095,0.111351,1.000000,0.156441,0.217034
-0.269436,0.192236,-0.135811,0.156441,1.000000,0.197543
-0.031814,0.224755,-0.126107,0.217034,0.197543,1.000000
