atmos_pressure, temp_mean, rh_mean, vapor_pressure_mean, wspd_arith_mean, tbrg_precip_total_corr
1.000000,-0.064226,-0.083188,-0.018627,-0.405623,-0.028035
-0.064226,1.000000,-0.047741,0.930047,-0.024927,0.212708
-0.083188,-0.047741,1.000000,0.234763,-0.162095,-0.090240
-0.018627,0.930047,0.234763,1.000000,-0.106973,0.192942
-0.405623,-0.024927,-0.162095,-0.106973,1.000000,0.228356
-0.028035,0.212708,-0.090240,0.192942,0.228356,1.000000
