atmos_pressure, temp_mean, rh_mean, vapor_pressure_mean, wspd_arith_mean, tbrg_precip_total_corr
1.000000,0.012163,-0.136564,0.033070,-0.259099,-0.012347
0.012163,1.000000,-0.044889,0.968568,-0.051373,0.218394
-0.136564,-0.044889,1.000000,0.156237,0.065249,0.013041
0.033070,0.968568,0.156237,1.000000,-0.059169,0.224705
-0.259099,-0.051373,0.065249,-0.059169,1.000000,0.239156
-0.012347,0.218394,0.013041,0.224705,0.239156,1.000000
