atmos_pressure, temp_mean, rh_mean, vapor_pressure_mean, wspd_arith_mean, tbrg_precip_total_corr
1.000000,-0.211792,-0.179982,-0.299308,-0.452502,-0.027437
-0.211792,1.000000,-0.278496,0.770603,0.225108,0.194657
-0.179982,-0.278496,1.000000,0.352401,-0.109573,-0.033115
-0.299308,0.770603,0.352401,1.000000,0.127646,0.178863
-0.452502,0.225108,-0.109573,0.127646,1.000000,0.076710
-0.027437,0.194657,-0.033115,0.178863,0.076710,1.000000
