atmos_pressure, temp_mean, rh_mean, vapor_pressure_mean, wspd_arith_mean
1.000000,-0.450983,0.014509,-0.452499,-0.309391
-0.450983,1.000000,-0.438356,0.738558,0.157613
0.014509,-0.438356,1.000000,0.209183,-0.142540
-0.452499,0.738558,0.209183,1.000000,0.107267
-0.309391,0.157613,-0.142540,0.107267,1.000000
