atmos_pressure, temp_mean, rh_mean, vapor_pressure_mean, wspd_arith_mean, tbrg_precip_total_corr
1.000000,-0.426146,0.163040,-0.417827,-0.327227,-0.090630
-0.426146,1.000000,-0.475447,0.831579,0.432786,0.134032
0.163040,-0.475447,1.000000,0.049058,-0.419926,-0.071722
-0.417827,0.831579,0.049058,1.000000,0.266813,0.120320
-0.327227,0.432786,-0.419926,0.266813,1.000000,0.074704
-0.090630,0.134032,-0.071722,0.120320,0.074704,1.000000
