atmos_pressure, temp_mean, rh_mean, vapor_pressure_mean, wspd_arith_mean, tbrg_precip_total_corr
1.000000,-0.331747,0.138021,-0.295974,-0.354438,-0.117468
-0.331747,1.000000,-0.474716,0.934403,0.278923,0.180062
0.138021,-0.474716,1.000000,-0.193537,-0.209621,-0.178978
-0.295974,0.934403,-0.193537,1.000000,0.256644,0.134718
-0.354438,0.278923,-0.209621,0.256644,1.000000,0.218475
-0.117468,0.180062,-0.178978,0.134718,0.218475,1.000000
