atmos_pressure, temp_mean, rh_mean, vapor_pressure_mean, wspd_arith_mean, tbrg_precip_total_corr
1.000000,-0.782608,0.328499,-0.481073,-0.081859,-0.138952
-0.782608,1.000000,-0.490890,0.605191,0.094485,0.194784
0.328499,-0.490890,1.000000,0.335460,0.155706,-0.174942
-0.481073,0.605191,0.335460,1.000000,0.297852,0.053565
-0.081859,0.094485,0.155706,0.297852,1.000000,-0.095675
-0.138952,0.194784,-0.174942,0.053565,-0.095675,1.000000
