atmos_pressure, temp_mean, rh_mean, vapor_pressure_mean, wspd_arith_mean, tbrg_precip_total_corr
1.000000,-0.343670,-0.257531,-0.455864,-0.443541,-0.110509
-0.343670,1.000000,-0.421575,0.785829,0.265309,0.170111
-0.257531,-0.421575,1.000000,0.132970,-0.179120,-0.006714
-0.455864,0.785829,0.132970,1.000000,0.182626,0.224902
-0.443541,0.265309,-0.179120,0.182626,1.000000,-0.019634
-0.110509,0.170111,-0.006714,0.224902,-0.019634,1.000000
