atmos_pressure, temp_mean, rh_mean, vapor_pressure_mean, wspd_arith_mean
1.000000,-0.545214,0.146933,-0.375195,-0.368400
-0.545214,1.000000,-0.312328,0.791155,0.197609
0.146933,-0.312328,1.000000,0.244195,-0.329573
-0.375195,0.791155,0.244195,1.000000,0.008723
-0.368400,0.197609,-0.329573,0.008723,1.000000
