atmos_pressure, temp_mean, rh_mean, vapor_pressure_mean, wspd_arith_mean, tbrg_precip_total_corr
1.000000,-0.161614,0.091130,-0.129752,-0.393775,-0.008544
-0.161614,1.000000,-0.621881,0.898649,-0.085285,0.166264
0.091130,-0.621881,1.000000,-0.251407,0.118223,-0.151353
-0.129752,0.898649,-0.251407,1.000000,-0.065484,0.125996
-0.393775,-0.085285,0.118223,-0.065484,1.000000,-0.113466
-0.008544,0.166264,-0.151353,0.125996,-0.113466,1.000000
