atmos_pressure, temp_mean, rh_mean, vapor_pressure_mean, wspd_arith_mean, tbrg_precip_total_corr
1.000000,-0.195585,0.008500,-0.197392,-0.015962,-0.152771
-0.195585,1.000000,-0.019062,0.908446,0.204539,0.195891
0.008500,-0.019062,1.000000,0.298406,-0.073701,-0.078968
-0.197392,0.908446,0.298406,1.000000,0.165593,0.134186
-0.015962,0.204539,-0.073701,0.165593,1.000000,0.159355
-0.152771,0.195891,-0.078968,0.134186,0.159355,1.000000
