atmos_pressure, temp_mean, rh_mean, vapor_pressure_mean, wspd_arith_mean, tbrg_precip_total_corr
1.000000,-0.475891,-0.033236,-0.497899,-0.444484,-0.176945
-0.475891,1.000000,-0.253835,0.838350,0.294402,0.091689
-0.033236,-0.253835,1.000000,0.273021,-0.277379,-0.076125
-0.497899,0.838350,0.273021,1.000000,0.131281,0.049445
-0.444484,0.294402,-0.277379,0.131281,1.000000,0.046918
-0.176945,0.091689,-0.076125,0.049445,0.046918,1.000000
