atmos_pressure, temp_mean, rh_mean, vapor_pressure_mean, wspd_arith_mean
1.000000,-0.443742,0.032070,-0.345777,-0.269446
-0.443742,1.000000,-0.284274,0.842282,0.103774
0.032070,-0.284274,1.000000,0.201234,-0.315385
-0.345777,0.842282,0.201234,1.000000,-0.059452
-0.269446,0.103774,-0.315385,-0.059452,1.000000
