atmos_pressure, temp_mean, rh_mean, vapor_pressure_mean, wspd_arith_mean
1.000000,-0.551709,0.082811,-0.519119,-0.278857
-0.551709,1.000000,-0.517228,0.747564,0.156863
0.082811,-0.517228,1.000000,0.104884,-0.151958
-0.519119,0.747564,0.104884,1.000000,0.085625
-0.278857,0.156863,-0.151958,0.085625,1.000000
