atmos_pressure, temp_mean, rh_mean, vapor_pressure_mean, wspd_arith_mean, tbrg_precip_total_corr
1.000000,-0.723585,-0.054338,-0.702398,-0.369325,-0.096876
-0.723585,1.000000,-0.126378,0.849678,0.375311,0.129723
-0.054338,-0.126378,1.000000,0.364022,-0.029205,-0.023513
-0.702398,0.849678,0.364022,1.000000,0.332237,0.101629
-0.369325,0.375311,-0.029205,0.332237,1.000000,0.041355
-0.096876,0.129723,-0.023513,0.101629,0.041355,1.000000
