atmos_pressure, temp_mean, rh_mean, vapor_pressure_mean, wspd_arith_mean
1.000000,-0.497336,-0.083790,-0.488406,-0.159358
-0.497336,1.000000,-0.309361,0.743283,0.011646
-0.083790,-0.309361,1.000000,0.336367,-0.178631
-0.488406,0.743283,0.336367,1.000000,-0.097339
-0.159358,0.011646,-0.178631,-0.097339,1.000000
