atmos_pressure, temp_mean, rh_mean, vapor_pressure_mean, wspd_arith_mean, tbrg_precip_total_corr
1.000000,-0.332000,0.050582,-0.267489,-0.255989,-0.117983
-0.332000,1.000000,-0.291992,0.847112,0.129623,0.191049
0.050582,-0.291992,1.000000,0.190298,-0.385726,-0.181873
-0.267489,0.847112,0.190298,1.000000,-0.056846,0.102986
-0.255989,0.129623,-0.385726,-0.056846,1.000000,0.062916
-0.117983,0.191049,-0.181873,0.102986,0.062916,1.000000
