atmos_pressure, temp_mean, rh_mean, vapor_pressure_mean, wspd_arith_mean, tbrg_precip_total_corr
1.000000,-0.240200,-0.074922,-0.169618,-0.260555,-0.094802
-0.240200,1.000000,0.249746,0.963078,0.038313,0.205704
-0.074922,0.249746,1.000000,0.419517,0.000628,-0.024230
-0.169618,0.963078,0.419517,1.000000,0.014094,0.206977
-0.260555,0.038313,0.000628,0.014094,1.000000,0.219208
-0.094802,0.205704,-0.024230,0.206977,0.219208,1.000000
