atmos_pressure, temp_mean, rh_mean, vapor_pressure_mean, wspd_arith_mean, tbrg_precip_total_corr
1.000000,-0.534364,-0.040184,-0.555376,-0.170922,-0.142591
-0.534364,1.000000,-0.273208,0.787597,0.023716,0.105619
-0.040184,-0.273208,1.000000,0.303502,-0.259689,0.154707
-0.555376,0.787597,0.303502,1.000000,-0.133993,0.203572
-0.170922,0.023716,-0.259689,-0.133993,1.000000,-0.064326
-0.142591,0.105619,0.154707,0.203572,-0.064326,1.000000
