atmos_pressure, temp_mean, rh_mean, vapor_pressure_mean, wspd_arith_mean
1.000000,-0.462594,-0.065914,-0.387152,-0.215928
-0.462594,1.000000,-0.196773,0.845554,-0.032731
-0.065914,-0.196773,1.000000,0.268155,-0.236162
-0.387152,0.845554,0.268155,1.000000,-0.157625
-0.215928,-0.032731,-0.236162,-0.157625,1.000000
