atmos_pressure, temp_mean, rh_mean, vapor_pressure_mean, wspd_arith_mean, tbrg_precip_total_corr
1.000000,0.177934,0.038470,0.212538,-0.293860,-0.072829
0.177934,1.000000,-0.170448,0.960955,-0.019171,0.195074
0.038470,-0.170448,1.000000,0.045906,-0.117690,0.007520
0.212538,0.960955,0.045906,1.000000,-0.034873,0.212483
-0.293860,-0.019171,-0.117690,-0.034873,1.000000,0.310945
-0.072829,0.195074,0.007520,0.212483,0.310945,1.000000
