atmos_pressure, temp_mean, rh_mean, vapor_pressure_mean, wspd_arith_mean, tbrg_precip_total_corr
1.000000,-0.161418,0.045771,-0.111851,-0.208616,-0.124818
-0.161418,1.000000,-0.023959,0.955481,0.167469,0.028586
0.045771,-0.023959,1.000000,0.192796,-0.237474,-0.168255
-0.111851,0.955481,0.192796,1.000000,0.085952,-0.028778
-0.208616,0.167469,-0.237474,0.085952,1.000000,0.141423
-0.124818,0.028586,-0.168255,-0.028778,0.141423,1.000000
