atmos_pressure, temp_mean, rh_mean, vapor_pressure_mean, wspd_arith_mean, tbrg_precip_total_corr
1.000000,-0.241074,-0.177613,-0.230568,-0.040932,-0.149279
-0.241074,1.000000,-0.332701,0.958835,0.218575,0.127579
-0.177613,-0.332701,1.000000,-0.105464,-0.214184,-0.051779
-0.230568,0.958835,-0.105464,1.000000,0.192361,0.104631
-0.040932,0.218575,-0.214184,0.192361,1.000000,0.359925
-0.149279,0.127579,-0.051779,0.104631,0.359925,1.000000
