atmos_pressure, temp_mean, rh_mean, vapor_pressure_mean, wspd_arith_mean
1.000000,-0.514518,-0.179489,-0.490826,-0.091307
-0.514518,1.000000,-0.166144,0.844282,-0.104034
-0.179489,-0.166144,1.000000,0.303259,-0.130866
-0.490826,0.844282,0.303259,1.000000,-0.168454
-0.091307,-0.104034,-0.130866,-0.168454,1.000000
