atmos_pressure, temp_mean, rh_mean, vapor_pressure_mean, wspd_arith_mean, tbrg_precip_total_corr
1.000000,-0.397091,-0.108450,-0.391343,-0.176904,-0.083848
-0.397091,1.000000,-0.229849,0.845861,-0.156940,0.163921
-0.108450,-0.229849,1.000000,0.271105,0.023688,0.030246
-0.391343,0.845861,0.271105,1.000000,-0.141121,0.193431
-0.176904,-0.156940,0.023688,-0.141121,1.000000,-0.043582
-0.083848,0.163921,0.030246,0.193431,-0.043582,1.000000
