atmos_pressure, temp_mean, rh_mean, vapor_pressure_mean, wspd_arith_mean, tbrg_precip_total_corr
1.000000,0.141375,-0.436740,0.025956,-0.191367,-0.049914
0.141375,1.000000,0.074987,0.928249,-0.131904,0.220842
-0.436740,0.074987,1.000000,0.383118,-0.102843,-0.016247
0.025956,0.928249,0.383118,1.000000,-0.130769,0.214575
-0.191367,-0.131904,-0.102843,-0.130769,1.000000,0.238159
-0.049914,0.220842,-0.016247,0.214575,0.238159,1.000000
