atmos_pressure, temp_mean, rh_mean, vapor_pressure_mean, wspd_arith_mean, tbrg_precip_total_corr
1.000000,-0.395539,-0.019808,-0.315208,-0.306032,-0.143591
-0.395539,1.000000,-0.078774,0.843444,0.059819,0.177390
-0.019808,-0.078774,1.000000,0.426161,-0.252229,-0.026891
-0.315208,0.843444,0.426161,1.000000,-0.122704,0.141258
-0.306032,0.059819,-0.252229,-0.122704,1.000000,-0.022623
-0.143591,0.177390,-0.026891,0.141258,-0.022623,1.000000
