atmos_pressure, temp_mean, rh_mean, vapor_pressure_mean, wspd_arith_mean
1.000000,-0.565087,-0.015136,-0.430950,-0.215475
-0.565087,1.000000,-0.070637,0.838300,-0.063126
-0.015136,-0.070637,1.000000,0.393385,-0.314949
-0.430950,0.838300,0.393385,1.000000,-0.213028
-0.215475,-0.063126,-0.314949,-0.213028,1.000000
