atmos_pressure, temp_mean, rh_mean, vapor_pressure_mean, wspd_arith_mean
1.000000,-0.501854,-0.117135,-0.462399,-0.151690
-0.501854,1.000000,-0.233614,0.858973,-0.075992
-0.117135,-0.233614,1.000000,0.226099,-0.167692
-0.462399,0.858973,0.226099,1.000000,-0.177334
-0.151690,-0.075992,-0.167692,-0.177334,1.000000
