atmos_pressure, temp_mean, rh_mean, vapor_pressure_mean, wspd_arith_mean, tbrg_precip_total_corr
1.000000,-0.228820,-0.087315,-0.233580,-0.027719,-0.107968
-0.228820,1.000000,0.072767,0.935055,0.157942,0.162468
-0.087315,0.072767,1.000000,0.329483,-0.071782,0.045780
-0.233580,0.935055,0.329483,1.000000,0.154234,0.166593
-0.027719,0.157942,-0.071782,0.154234,1.000000,0.280806
-0.107968,0.162468,0.045780,0.166593,0.280806,1.000000
