atmos_pressure, temp_mean, rh_mean, vapor_pressure_mean, wspd_arith_mean
1.000000,-0.472390,-0.189665,-0.433980,-0.212320
-0.472390,1.000000,-0.060252,0.843247,-0.126438
-0.189665,-0.060252,1.000000,0.411812,-0.225132
-0.433980,0.843247,0.411812,1.000000,-0.241341
-0.212320,-0.126438,-0.225132,-0.241341,1.000000
