atmos_pressure, temp_mean, rh_mean, vapor_pressure_mean, wspd_arith_mean, tbrg_precip_total_corr
1.000000,-0.360720,0.058476,-0.294351,-0.398131,-0.080567
-0.360720,1.000000,-0.256259,0.880649,0.108058,0.047559
0.058476,-0.256259,1.000000,0.174002,-0.356325,-0.105918
-0.294351,0.880649,0.174002,1.000000,-0.079411,-0.016939
-0.398131,0.108058,-0.356325,-0.079411,1.000000,0.115776
-0.080567,0.047559,-0.105918,-0.016939,0.115776,1.000000
