atmos_pressure, temp_mean, rh_mean, vapor_pressure_mean, wspd_arith_mean, tbrg_precip_total_corr
1.000000,0.005281,-0.246498,-0.006146,-0.114031,-0.131433
0.005281,1.000000,-0.062038,0.975991,-0.027865,0.171090
-0.246498,-0.062038,1.000000,0.077268,-0.117811,0.003275
-0.006146,0.975991,0.077268,1.000000,-0.069691,0.163605
-0.114031,-0.027865,-0.117811,-0.069691,1.000000,0.188037
-0.131433,0.171090,0.003275,0.163605,0.188037,1.000000
