atmos_pressure, temp_mean, rh_mean, vapor_pressure_mean, wspd_arith_mean, tbrg_precip_total_corr
1.000000,-0.581467,-0.087062,-0.476920,-0.045431,-0.125988
-0.581467,1.000000,-0.061347,0.828906,-0.008925,0.185804
-0.087062,-0.061347,1.000000,0.458211,-0.281852,0.027902
-0.476920,0.828906,0.458211,1.000000,-0.190305,0.187246
-0.045431,-0.008925,-0.281852,-0.190305,1.000000,-0.079001
-0.125988,0.185804,0.027902,0.187246,-0.079001,1.000000
