atmos_pressure, temp_mean, rh_mean, vapor_pressure_mean, wspd_arith_mean, tbrg_precip_total_corr
1.000000,-0.443345,0.191069,-0.369143,-0.356460,-0.061183
-0.443345,1.000000,-0.493520,0.787857,0.175487,0.055913
0.191069,-0.493520,1.000000,0.083535,-0.393660,-0.070942
-0.369143,0.787857,0.083535,1.000000,-0.068860,-0.029241
-0.356460,0.175487,-0.393660,-0.068860,1.000000,0.045508
-0.061183,0.055913,-0.070942,-0.029241,0.045508,1.000000
