atmos_pressure, temp_mean, rh_mean, vapor_pressure_mean, wspd_arith_mean, tbrg_precip_total_corr
1.000000,-0.140962,-0.120751,-0.119983,-0.291207,-0.119774
-0.140962,1.000000,-0.081371,0.936328,-0.046803,0.090169
-0.120751,-0.081371,1.000000,0.208363,-0.026197,-0.002061
-0.119983,0.936328,0.208363,1.000000,-0.101548,0.070741
-0.291207,-0.046803,-0.026197,-0.101548,1.000000,0.303542
-0.119774,0.090169,-0.002061,0.070741,0.303542,1.000000
