atmos_pressure, temp_mean, rh_mean, vapor_pressure_mean, wspd_arith_mean, tbrg_precip_total_corr
1.000000,-0.179617,0.050308,-0.079043,-0.452164,-0.088217
-0.179617,1.000000,-0.456552,0.852180,0.197046,-0.165310
0.050308,-0.456552,1.000000,0.015384,-0.305631,0.317266
-0.079043,0.852180,0.015384,1.000000,0.003180,-0.086149
-0.452164,0.197046,-0.305631,0.003180,1.000000,-0.009545
-0.088217,-0.165310,0.317266,-0.086149,-0.009545,1.000000
