atmos_pressure, temp_mean, rh_mean, vapor_pressure_mean, wspd_arith_mean, tbrg_precip_total_corr
1.000000,-0.143418,-0.118601,-0.106717,-0.142446,-0.075574
-0.143418,1.000000,0.014694,0.977945,-0.189282,0.196918
-0.118601,0.014694,1.000000,0.109246,-0.084848,-0.022863
-0.106717,0.977945,0.109246,1.000000,-0.198887,0.184632
-0.142446,-0.189282,-0.084848,-0.198887,1.000000,0.043299
-0.075574,0.196918,-0.022863,0.184632,0.043299,1.000000
