atmos_pressure, temp_mean, rh_mean, vapor_pressure_mean, wspd_arith_mean, tbrg_precip_total_corr
1.000000,-0.506617,-0.242722,-0.608229,-0.350687,-0.143457
-0.506617,1.000000,-0.232919,0.805878,0.135774,0.073307
-0.242722,-0.232919,1.000000,0.297006,-0.103871,0.089533
-0.608229,0.805878,0.297006,1.000000,0.097322,0.110716
-0.350687,0.135774,-0.103871,0.097322,1.000000,-0.126867
-0.143457,0.073307,0.089533,0.110716,-0.126867,1.000000
