atmos_pressure, temp_mean, rh_mean, vapor_pressure_mean, wspd_arith_mean
1.000000,-0.387456,-0.104220,-0.352420,-0.253832
-0.387456,1.000000,-0.307749,0.800275,0.243449
-0.104220,-0.307749,1.000000,0.244363,-0.366628
-0.352420,0.800275,0.244363,1.000000,0.030732
-0.253832,0.243449,-0.366628,0.030732,1.000000
