atmos_pressure, temp_mean, rh_mean, vapor_pressure_mean, wspd_arith_mean
1.000000,-0.423039,0.058403,-0.346961,-0.321519
-0.423039,1.000000,-0.383663,0.800190,0.253150
0.058403,-0.383663,1.000000,0.179801,-0.431704
-0.346961,0.800190,0.179801,1.000000,0.004780
-0.321519,0.253150,-0.431704,0.004780,1.000000
