atmos_pressure, temp_mean, rh_mean, vapor_pressure_mean, wspd_arith_mean, tbrg_precip_total_corr
1.000000,0.144943,0.001297,0.133285,-0.132422,-0.054534
0.144943,1.000000,-0.108873,0.964718,-0.123567,0.111966
0.001297,-0.108873,1.000000,0.069093,-0.218995,-0.083435
0.133285,0.964718,0.069093,1.000000,-0.187213,0.097319
-0.132422,-0.123567,-0.218995,-0.187213,1.000000,0.273249
-0.054534,0.111966,-0.083435,0.097319,0.273249,1.000000
