atmos_pressure, temp_mean, rh_mean, vapor_pressure_mean, wspd_arith_mean, tbrg_precip_total_corr
1.000000,0.185230,0.140808,0.218112,-0.292037,-0.021869
0.185230,1.000000,0.016736,0.966271,0.026092,0.165096
0.140808,0.016736,1.000000,0.203705,-0.286229,-0.067503
0.218112,0.966271,0.203705,1.000000,-0.043997,0.151774
-0.292037,0.026092,-0.286229,-0.043997,1.000000,0.303894
-0.021869,0.165096,-0.067503,0.151774,0.303894,1.000000
