atmos_pressure, temp_mean, rh_mean, vapor_pressure_mean, wspd_arith_mean, tbrg_precip_total_corr
1.000000,-0.236346,0.205530,-0.134315,-0.330729,-0.015222
-0.236346,1.000000,-0.285292,0.761573,0.256659,0.112684
0.205530,-0.285292,1.000000,0.357702,-0.316077,0.067582
-0.134315,0.761573,0.357702,1.000000,0.052675,0.153188
-0.330729,0.256659,-0.316077,0.052675,1.000000,-0.038334
-0.015222,0.112684,0.067582,0.153188,-0.038334,1.000000
