atmos_pressure, temp_mean, rh_mean, vapor_pressure_mean, wspd_arith_mean
1.000000,-0.377408,-0.117534,-0.337830,-0.347542
-0.377408,1.000000,-0.174121,0.893216,0.004923
-0.117534,-0.174121,1.000000,0.189007,-0.248770
-0.337830,0.893216,0.189007,1.000000,-0.096015
-0.347542,0.004923,-0.248770,-0.096015,1.000000
