atmos_pressure, temp_mean, rh_mean, vapor_pressure_mean, wspd_arith_mean, tbrg_precip_total_corr
1.000000,-0.226531,0.003498,-0.190380,-0.213513,0.030287
-0.226531,1.000000,-0.613932,0.830985,0.394622,0.180633
0.003498,-0.613932,1.000000,-0.121796,-0.385623,-0.049528
-0.190380,0.830985,-0.121796,1.000000,0.264984,0.198689
-0.213513,0.394622,-0.385623,0.264984,1.000000,-0.001937
0.030287,0.180633,-0.049528,0.198689,-0.001937,1.000000
