atmos_pressure, temp_mean, rh_mean, vapor_pressure_mean, wspd_arith_mean
1.000000,-0.522458,0.052042,-0.487878,-0.296395
-0.522458,1.000000,-0.482717,0.854020,0.204628
0.052042,-0.482717,1.000000,-0.032267,-0.280338
-0.487878,0.854020,-0.032267,1.000000,0.075995
-0.296395,0.204628,-0.280338,0.075995,1.000000
