atmos_pressure, temp_mean, rh_mean, vapor_pressure_mean, wspd_arith_mean, tbrg_precip_total_corr
1.000000,-0.025970,-0.036523,0.011099,-0.020352,-0.054980
-0.025970,1.000000,-0.049679,0.950806,0.071452,0.102023
-0.036523,-0.049679,1.000000,0.199473,-0.124638,0.011924
0.011099,0.950806,0.199473,1.000000,0.019470,0.090549
-0.020352,0.071452,-0.124638,0.019470,1.000000,0.297670
-0.054980,0.102023,0.011924,0.090549,0.297670,1.000000
