atmos_pressure, temp_mean, rh_mean, vapor_pressure_mean, wspd_arith_mean, tbrg_precip_total_corr
1.000000,0.000093,-0.333480,-0.054325,-0.291828,-0.059246
0.000093,1.000000,-0.222668,0.976717,0.036116,0.287554
-0.333480,-0.222668,1.000000,-0.083660,0.128343,-0.000104
-0.054325,0.976717,-0.083660,1.000000,0.032704,0.305371
-0.291828,0.036116,0.128343,0.032704,1.000000,0.165846
-0.059246,0.287554,-0.000104,0.305371,0.165846,1.000000
