atmos_pressure, temp_mean, rh_mean, vapor_pressure_mean, wspd_arith_mean, tbrg_precip_total_corr
1.000000,-0.202035,-0.117090,-0.175050,-0.374792,-0.084207
-0.202035,1.000000,-0.362791,0.896458,-0.096775,0.085956
-0.117090,-0.362791,1.000000,-0.015539,0.090856,0.032468
-0.175050,0.896458,-0.015539,1.000000,-0.098943,0.123748
-0.374792,-0.096775,0.090856,-0.098943,1.000000,0.243273
-0.084207,0.085956,0.032468,0.123748,0.243273,1.000000
