atmos_pressure, temp_mean, rh_mean, vapor_pressure_mean, wspd_arith_mean
1.000000,-0.420813,-0.068518,-0.385492,-0.244800
-0.420813,1.000000,-0.364774,0.807229,0.167490
-0.068518,-0.364774,1.000000,0.174924,-0.323654
-0.385492,0.807229,0.174924,1.000000,-0.011020
-0.244800,0.167490,-0.323654,-0.011020,1.000000
