atmos_pressure, temp_mean, rh_mean, vapor_pressure_mean, wspd_arith_mean, tbrg_precip_total_corr
1.000000,-0.252249,-0.265228,-0.474157,-0.448843,-0.143938
-0.252249,1.000000,-0.447501,0.770639,0.117088,0.125324
-0.265228,-0.447501,1.000000,0.161998,-0.150875,-0.012621
-0.474157,0.770639,0.161998,1.000000,0.069169,0.149437
-0.448843,0.117088,-0.150875,0.069169,1.000000,0.071324
-0.143938,0.125324,-0.012621,0.149437,0.071324,1.000000
