atmos_pressure, temp_mean, rh_mean, vapor_pressure_mean, wspd_arith_mean, tbrg_precip_total_corr
1.000000,-0.512904,-0.242348,-0.493012,-0.350778,-0.112361
-0.512904,1.000000,0.137428,0.983793,0.028343,0.242512
-0.242348,0.137428,1.000000,0.234836,-0.306372,-0.099989
-0.493012,0.983793,0.234836,1.000000,-0.026074,0.238229
-0.350778,0.028343,-0.306372,-0.026074,1.000000,0.116811
-0.112361,0.242512,-0.099989,0.238229,0.116811,1.000000
