atmos_pressure, temp_mean, rh_mean, vapor_pressure_mean, wspd_arith_mean, tbrg_precip_total_corr
1.000000,-0.663236,0.120768,-0.679929,-0.474894,-0.121241
-0.663236,1.000000,-0.572148,0.701346,0.520943,0.071623
0.120768,-0.572148,1.000000,0.139987,-0.398799,-0.048258
-0.679929,0.701346,0.139987,1.000000,0.354019,0.065605
-0.474894,0.520943,-0.398799,0.354019,1.000000,-0.011314
-0.121241,0.071623,-0.048258,0.065605,-0.011314,1.000000
