atmos_pressure, temp_mean, rh_mean, vapor_pressure_mean, wspd_arith_mean
1.000000,-0.423945,0.036021,-0.327166,-0.332662
-0.423945,1.000000,-0.263077,0.826120,0.145461
0.036021,-0.263077,1.000000,0.250359,-0.372118
-0.327166,0.826120,0.250359,1.000000,-0.071444
-0.332662,0.145461,-0.372118,-0.071444,1.000000
