atmos_pressure, temp_mean, rh_mean, vapor_pressure_mean, wspd_arith_mean, tbrg_precip_total_corr
1.000000,-0.262270,0.011522,-0.235137,-0.292849,-0.112971
-0.262270,1.000000,-0.341608,0.863130,0.128414,0.151007
0.011522,-0.341608,1.000000,0.117929,-0.404155,-0.111162
-0.235137,0.863130,0.117929,1.000000,-0.101889,0.108004
-0.292849,0.128414,-0.404155,-0.101889,1.000000,-0.016187
-0.112971,0.151007,-0.111162,0.108004,-0.016187,1.000000
