atmos_pressure, temp_mean, rh_mean, vapor_pressure_mean, wspd_arith_mean, tbrg_precip_total_corr
1.000000,-0.055078,0.029940,0.036385,-0.386714,-0.044347
-0.055078,1.000000,0.066983,0.950152,0.051728,0.146128
0.029940,0.066983,1.000000,0.269719,-0.275951,-0.073873
0.036385,0.950152,0.269719,1.000000,-0.070838,0.118535
-0.386714,0.051728,-0.275951,-0.070838,1.000000,0.317260
-0.044347,0.146128,-0.073873,0.118535,0.317260,1.000000
