atmos_pressure, temp_mean, rh_mean, vapor_pressure_mean, wspd_arith_mean, tbrg_precip_total_corr
1.000000,-0.395801,0.070820,-0.333256,-0.296097,-0.027461
-0.395801,1.000000,-0.541730,0.857931,0.300211,0.187039
0.070820,-0.541730,1.000000,-0.083181,-0.315889,-0.136353
-0.333256,0.857931,-0.083181,1.000000,0.159220,0.136576
-0.296097,0.300211,-0.315889,0.159220,1.000000,0.006240
-0.027461,0.187039,-0.136353,0.136576,0.006240,1.000000
