atmos_pressure, temp_mean, rh_mean, vapor_pressure_mean, wspd_arith_mean
1.000000,-0.484691,0.053907,-0.484889,-0.279293
-0.484691,1.000000,-0.483202,0.759687,0.152049
0.053907,-0.483202,1.000000,0.132298,-0.212236
-0.484889,0.759687,0.132298,1.000000,0.062560
-0.279293,0.152049,-0.212236,0.062560,1.000000
