atmos_pressure, temp_mean, rh_mean, vapor_pressure_mean, wspd_arith_mean, tbrg_precip_total_corr
1.000000,-0.322529,-0.108017,-0.281208,-0.170909,-0.007159
-0.322529,1.000000,-0.153706,0.974532,-0.095621,0.199776
-0.108017,-0.153706,1.000000,-0.026534,0.006988,-0.044512
-0.281208,0.974532,-0.026534,1.000000,-0.141712,0.188847
-0.170909,-0.095621,0.006988,-0.141712,1.000000,0.112442
-0.007159,0.199776,-0.044512,0.188847,0.112442,1.000000
