atmos_pressure, temp_mean, rh_mean, vapor_pressure_mean, wspd_arith_mean
1.000000,-0.530129,0.068587,-0.387309,-0.289095
-0.530129,1.000000,-0.209006,0.828481,0.043732
0.068587,-0.209006,1.000000,0.278361,-0.353719
-0.387309,0.828481,0.278361,1.000000,-0.150631
-0.289095,0.043732,-0.353719,-0.150631,1.000000
