atmos_pressure, temp_mean, rh_mean, vapor_pressure_mean, wspd_arith_mean, tbrg_precip_total_corr
1.000000,-0.449676,0.096211,-0.388611,-0.359997,-0.112576
-0.449676,1.000000,-0.176750,0.887298,0.090700,0.210771
0.096211,-0.176750,1.000000,0.210761,-0.416564,-0.078952
-0.388611,0.887298,0.210761,1.000000,-0.123090,0.195259
-0.359997,0.090700,-0.416564,-0.123090,1.000000,0.068543
-0.112576,0.210771,-0.078952,0.195259,0.068543,1.000000
