atmos_pressure, temp_mean, rh_mean, vapor_pressure_mean, wspd_arith_mean, tbrg_precip_total_corr
1.000000,-0.151673,-0.054470,-0.139199,-0.074557,-0.040808
-0.151673,1.000000,-0.326516,0.945864,0.078023,0.162642
-0.054470,-0.326516,1.000000,-0.068117,-0.251446,-0.112795
-0.139199,0.945864,-0.068117,1.000000,0.028966,0.143692
-0.074557,0.078023,-0.251446,0.028966,1.000000,0.159031
-0.040808,0.162642,-0.112795,0.143692,0.159031,1.000000
