atmos_pressure, temp_mean, rh_mean, vapor_pressure_mean, wspd_arith_mean, tbrg_precip_total_corr
1.000000,-0.169956,-0.156388,-0.120271,-0.314088,-0.062644
-0.169956,1.000000,0.499549,0.962400,0.016700,0.205560
-0.156388,0.499549,1.000000,0.451582,-0.000920,0.010817
-0.120271,0.962400,0.451582,1.000000,-0.062884,0.196561
-0.314088,0.016700,-0.000920,-0.062884,1.000000,0.322794
-0.062644,0.205560,0.010817,0.196561,0.322794,1.000000
