atmos_pressure, temp_mean, rh_mean, vapor_pressure_mean, wspd_arith_mean
1.000000,-0.556908,0.248548,-0.487402,-0.265693
-0.556908,1.000000,-0.660212,0.746634,0.161660
0.248548,-0.660212,1.000000,-0.048512,-0.260606
-0.487402,0.746634,-0.048512,1.000000,-0.014560
-0.265693,0.161660,-0.260606,-0.014560,1.000000
