atmos_pressure, temp_mean, rh_mean, vapor_pressure_mean, wspd_arith_mean, tbrg_precip_total_corr
1.000000,-0.365694,-0.088489,-0.360918,-0.540322,-0.147990
-0.365694,1.000000,-0.235488,0.800328,0.114079,0.119880
-0.088489,-0.235488,1.000000,0.329895,-0.239369,0.095528
-0.360918,0.800328,0.329895,1.000000,-0.032727,0.188741
-0.540322,0.114079,-0.239369,-0.032727,1.000000,0.014157
-0.147990,0.119880,0.095528,0.188741,0.014157,1.000000
