atmos_pressure, temp_mean, rh_mean, vapor_pressure_mean, wspd_arith_mean, tbrg_precip_total_corr
1.000000,-0.049118,-0.174799,0.030831,-0.475752,-0.073772
-0.049118,1.000000,-0.143943,0.949936,-0.070138,0.076601
-0.174799,-0.143943,1.000000,0.020932,-0.032861,-0.031421
0.030831,0.949936,0.020932,1.000000,-0.156595,0.055548
-0.475752,-0.070138,-0.032861,-0.156595,1.000000,0.216704
-0.073772,0.076601,-0.031421,0.055548,0.216704,1.000000
