atmos_pressure, temp_mean, rh_mean, vapor_pressure_mean, wspd_arith_mean, tbrg_precip_total_corr
1.000000,-0.237297,-0.231395,-0.321423,-0.515825,-0.162585
-0.237297,1.000000,-0.224796,0.774629,-0.095513,0.107987
-0.231395,-0.224796,1.000000,0.383043,0.005106,0.047383
-0.321423,0.774629,0.383043,1.000000,-0.065587,0.141205
-0.515825,-0.095513,0.005106,-0.065587,1.000000,0.127560
-0.162585,0.107987,0.047383,0.141205,0.127560,1.000000
