atmos_pressure, temp_mean, rh_mean, vapor_pressure_mean, wspd_arith_mean
1.000000,-0.483324,0.015670,-0.351036,-0.360556
-0.483324,1.000000,-0.121660,0.839731,0.082711
0.015670,-0.121660,1.000000,0.340282,-0.236133
-0.351036,0.839731,0.340282,1.000000,-0.044428
-0.360556,0.082711,-0.236133,-0.044428,1.000000
