atmos_pressure, temp_mean, rh_mean, vapor_pressure_mean, wspd_arith_mean, tbrg_precip_total_corr
1.000000,-0.523765,-0.085116,-0.536760,-0.325238,-0.122561
-0.523765,1.000000,-0.263490,0.883418,0.336815,0.142093
-0.085116,-0.263490,1.000000,0.157487,-0.185294,0.040171
-0.536760,0.883418,0.157487,1.000000,0.217367,0.163101
-0.325238,0.336815,-0.185294,0.217367,1.000000,-0.028182
-0.122561,0.142093,0.040171,0.163101,-0.028182,1.000000
