atmos_pressure, temp_mean, rh_mean, vapor_pressure_mean, wspd_arith_mean, tbrg_precip_total_corr
1.000000,-0.431824,-0.332775,-0.642914,-0.296745,0.137759
-0.431824,1.000000,-0.374737,0.733300,0.279683,-0.333897
-0.332775,-0.374737,1.000000,0.310333,-0.113014,0.054658
-0.642914,0.733300,0.310333,1.000000,0.229813,-0.299698
-0.296745,0.279683,-0.113014,0.229813,1.000000,0.119912
0.137759,-0.333897,0.054658,-0.299698,0.119912,1.000000
