atmos_pressure, temp_mean, rh_mean, vapor_pressure_mean, wspd_arith_mean, tbrg_precip_total_corr
1.000000,-0.310331,-0.120752,-0.307756,-0.379470,-0.058776
-0.310331,1.000000,0.040811,0.900683,-0.082697,0.121052
-0.120752,0.040811,1.000000,0.404336,-0.188576,0.129113
-0.307756,0.900683,0.404336,1.000000,-0.199972,0.170475
-0.379470,-0.082697,-0.188576,-0.199972,1.000000,-0.053922
-0.058776,0.121052,0.129113,0.170475,-0.053922,1.000000
