atmos_pressure, temp_mean, rh_mean, vapor_pressure_mean, wspd_arith_mean
1.000000,-0.422063,-0.152317,-0.393969,-0.297704
-0.422063,1.000000,-0.234567,0.873663,0.090526
-0.152317,-0.234567,1.000000,0.185895,-0.127478
-0.393969,0.873663,0.185895,1.000000,0.007329
-0.297704,0.090526,-0.127478,0.007329,1.000000
