atmos_pressure, temp_mean, rh_mean, vapor_pressure_mean, wspd_arith_mean, tbrg_precip_total_corr
1.000000,-0.621252,0.092910,-0.583540,-0.396465,-0.159419
-0.621252,1.000000,-0.424611,0.759649,0.369054,0.125566
0.092910,-0.424611,1.000000,0.204757,-0.243450,0.027915
-0.583540,0.759649,0.204757,1.000000,0.308788,0.179872
-0.396465,0.369054,-0.243450,0.308788,1.000000,-0.031190
-0.159419,0.125566,0.027915,0.179872,-0.031190,1.000000
