atmos_pressure, temp_mean, rh_mean, vapor_pressure_mean, wspd_arith_mean
1.000000,-0.481318,0.021442,-0.392989,-0.378109
-0.481318,1.000000,-0.280851,0.815766,0.258140
0.021442,-0.280851,1.000000,0.253782,-0.410208
-0.392989,0.815766,0.253782,1.000000,0.029082
-0.378109,0.258140,-0.410208,0.029082,1.000000
