atmos_pressure, temp_mean, rh_mean, vapor_pressure_mean, wspd_arith_mean, tbrg_precip_total_corr
1.000000,-0.687946,-0.166123,-0.587309,-0.091937,-0.083110
-0.687946,1.000000,-0.120907,0.711807,0.323262,0.070053
-0.166123,-0.120907,1.000000,0.593341,-0.661938,0.152924
-0.587309,0.711807,0.593341,1.000000,-0.211026,0.147061
-0.091937,0.323262,-0.661938,-0.211026,1.000000,-0.137020
-0.083110,0.070053,0.152924,0.147061,-0.137020,1.000000
