atmos_pressure, temp_mean, rh_mean, vapor_pressure_mean, wspd_arith_mean, tbrg_precip_total_corr
1.000000,-0.384657,0.061522,-0.394015,-0.525038,-0.053424
-0.384657,1.000000,-0.459879,0.811479,0.244423,0.098508
0.061522,-0.459879,1.000000,0.110275,-0.268774,-0.073035
-0.394015,0.811479,0.110275,1.000000,0.042132,0.060381
-0.525038,0.244423,-0.268774,0.042132,1.000000,0.054907
-0.053424,0.098508,-0.073035,0.060381,0.054907,1.000000
