atmos_pressure, temp_mean, rh_mean, vapor_pressure_mean, wspd_arith_mean, tbrg_precip_total_corr
1.000000,-0.415789,-0.174044,-0.440041,-0.295872,-0.198737
-0.415789,1.000000,-0.254472,0.795082,0.144943,0.115790
-0.174044,-0.254472,1.000000,0.306719,-0.315985,0.109579
-0.440041,0.795082,0.306719,1.000000,-0.013960,0.192497
-0.295872,0.144943,-0.315985,-0.013960,1.000000,0.047744
-0.198737,0.115790,0.109579,0.192497,0.047744,1.000000
