atmos_pressure, temp_mean, rh_mean, vapor_pressure_mean, wspd_arith_mean, tbrg_precip_total_corr
1.000000,-0.205212,-0.081638,-0.135617,-0.273019,-0.074251
-0.205212,1.000000,0.231153,0.961607,0.020886,0.202970
-0.081638,0.231153,1.000000,0.376302,-0.173754,-0.084291
-0.135617,0.961607,0.376302,1.000000,-0.045240,0.185924
-0.273019,0.020886,-0.173754,-0.045240,1.000000,0.304435
-0.074251,0.202970,-0.084291,0.185924,0.304435,1.000000
