atmos_pressure, temp_mean, rh_mean, vapor_pressure_mean, wspd_arith_mean, tbrg_precip_total_corr
1.000000,-0.486287,0.075435,-0.434301,-0.493715,-0.099725
-0.486287,1.000000,-0.283761,0.881361,0.127183,0.181009
0.075435,-0.283761,1.000000,0.153709,-0.282088,0.005733
-0.434301,0.881361,0.153709,1.000000,-0.041338,0.202941
-0.493715,0.127183,-0.282088,-0.041338,1.000000,0.015357
-0.099725,0.181009,0.005733,0.202941,0.015357,1.000000
