atmos_pressure, temp_mean, rh_mean, vapor_pressure_mean, wspd_arith_mean
1.000000,-0.578490,0.099683,-0.426800,-0.364059
-0.578490,1.000000,-0.238960,0.813749,0.202051
0.099683,-0.238960,1.000000,0.283630,-0.376974
-0.426800,0.813749,0.283630,1.000000,0.004414
-0.364059,0.202051,-0.376974,0.004414,1.000000
