atmos_pressure, temp_mean, rh_mean, vapor_pressure_mean, wspd_arith_mean, tbrg_precip_total_corr
1.000000,0.059596,0.100000,0.080546,-0.257896,-0.104378
0.059596,1.000000,-0.286129,0.929380,0.020696,0.132163
0.100000,-0.286129,1.000000,0.027199,-0.258927,-0.155880
0.080546,0.929380,0.027199,1.000000,-0.053664,0.084300
-0.257896,0.020696,-0.258927,-0.053664,1.000000,0.135957
-0.104378,0.132163,-0.155880,0.084300,0.135957,1.000000
