atmos_pressure, temp_mean, rh_mean, vapor_pressure_mean, wspd_arith_mean, tbrg_precip_total_corr
1.000000,-0.543680,0.040703,-0.447208,-0.297893,-0.064549
-0.543680,1.000000,-0.281605,0.764058,0.222987,0.116844
0.040703,-0.281605,1.000000,0.356427,-0.233240,0.063863
-0.447208,0.764058,0.356427,1.000000,0.082895,0.157775
-0.297893,0.222987,-0.233240,0.082895,1.000000,-0.032820
-0.064549,0.116844,0.063863,0.157775,-0.032820,1.000000
