atmos_pressure, temp_mean, rh_mean, vapor_pressure_mean, wspd_arith_mean, tbrg_precip_total_corr
1.000000,-0.708632,0.037023,-0.637436,-0.270761,-0.212285
-0.708632,1.000000,-0.217076,0.939388,-0.008184,0.383732
0.037023,-0.217076,1.000000,0.105188,-0.158564,-0.273427
-0.637436,0.939388,0.105188,1.000000,-0.099821,0.311847
-0.270761,-0.008184,-0.158564,-0.099821,1.000000,0.200176
-0.212285,0.383732,-0.273427,0.311847,0.200176,1.000000
