atmos_pressure, temp_mean, rh_mean, vapor_pressure_mean, wspd_arith_mean
1.000000,-0.485841,-0.003702,-0.486210,-0.274463
-0.485841,1.000000,-0.395826,0.756328,0.142306
-0.003702,-0.395826,1.000000,0.229077,-0.122043
-0.486210,0.756328,0.229077,1.000000,0.093491
-0.274463,0.142306,-0.122043,0.093491,1.000000
