atmos_pressure, temp_mean, rh_mean, vapor_pressure_mean, wspd_arith_mean, tbrg_precip_total_corr
1.000000,-0.440953,0.065960,-0.394739,-0.482802,-0.146058
-0.440953,1.000000,-0.285377,0.896237,0.094088,0.206516
0.065960,-0.285377,1.000000,0.115098,-0.189098,0.013221
-0.394739,0.896237,0.115098,1.000000,-0.035042,0.223544
-0.482802,0.094088,-0.189098,-0.035042,1.000000,-0.049939
-0.146058,0.206516,0.013221,0.223544,-0.049939,1.000000
