atmos_pressure, temp_mean, rh_mean, vapor_pressure_mean, wspd_arith_mean, tbrg_precip_total_corr
1.000000,-0.203221,-0.150002,-0.171151,-0.210629,-0.145485
-0.203221,1.000000,0.003028,0.977520,0.012011,0.250151
-0.150002,0.003028,1.000000,0.140192,-0.020876,0.043680
-0.171151,0.977520,0.140192,1.000000,-0.020627,0.247875
-0.210629,0.012011,-0.020876,-0.020627,1.000000,0.210342
-0.145485,0.250151,0.043680,0.247875,0.210342,1.000000
