atmos_pressure, temp_mean, rh_mean, vapor_pressure_mean, wspd_arith_mean
1.000000,-0.504405,-0.022479,-0.451276,-0.310550
-0.504405,1.000000,-0.329857,0.861403,0.173901
-0.022479,-0.329857,1.000000,0.125833,-0.215858
-0.451276,0.861403,0.125833,1.000000,0.057215
-0.310550,0.173901,-0.215858,0.057215,1.000000
