atmos_pressure, temp_mean, rh_mean, vapor_pressure_mean, wspd_arith_mean
1.000000,-0.438535,-0.025071,-0.364558,-0.310189
-0.438535,1.000000,-0.289797,0.800427,0.155706
-0.025071,-0.289797,1.000000,0.265426,-0.225789
-0.364558,0.800427,0.265426,1.000000,0.009917
-0.310189,0.155706,-0.225789,0.009917,1.000000
