atmos_pressure, temp_mean, rh_mean, vapor_pressure_mean, wspd_arith_mean, tbrg_precip_total_corr
1.000000,-0.633773,-0.103058,-0.632772,-0.375323,-0.047988
-0.633773,1.000000,-0.249421,0.761717,0.385338,0.106618
-0.103058,-0.249421,1.000000,0.373878,-0.250588,0.060634
-0.632772,0.761717,0.373878,1.000000,0.231734,0.156605
-0.375323,0.385338,-0.250588,0.231734,1.000000,-0.111666
-0.047988,0.106618,0.060634,0.156605,-0.111666,1.000000
