atmos_pressure, temp_mean, rh_mean, vapor_pressure_mean, wspd_arith_mean, tbrg_precip_total_corr
1.000000,0.060272,0.127911,0.125668,-0.043910,-0.001392
0.060272,1.000000,-0.277349,0.948543,0.104155,0.172743
0.127911,-0.277349,1.000000,-0.021924,-0.258922,-0.281627
0.125668,0.948543,-0.021924,1.000000,0.046477,0.097624
-0.043910,0.104155,-0.258922,0.046477,1.000000,0.263081
-0.001392,0.172743,-0.281627,0.097624,0.263081,1.000000
