atmos_pressure, temp_mean, rh_mean, vapor_pressure_mean, wspd_arith_mean
1.000000,-0.480605,-0.018817,-0.442645,-0.286118
-0.480605,1.000000,-0.400237,0.844832,0.156165
-0.018817,-0.400237,1.000000,0.077885,-0.223566
-0.442645,0.844832,0.077885,1.000000,0.037342
-0.286118,0.156165,-0.223566,0.037342,1.000000
