atmos_pressure, temp_mean, rh_mean, vapor_pressure_mean, wspd_arith_mean, tbrg_precip_total_corr
1.000000,-0.457451,-0.213517,-0.581285,-0.306592,-0.264507
-0.457451,1.000000,-0.222095,0.693428,0.014670,0.105723
-0.213517,-0.222095,1.000000,0.496593,-0.121511,0.080705
-0.581285,0.693428,0.496593,1.000000,-0.012269,0.162833
-0.306592,0.014670,-0.121511,-0.012269,1.000000,0.026703
-0.264507,0.105723,0.080705,0.162833,0.026703,1.000000
