atmos_pressure, temp_mean, rh_mean, vapor_pressure_mean, wspd_arith_mean, tbrg_precip_total_corr
1.000000,-0.235218,0.016106,-0.219470,-0.467560,-0.094470
-0.235218,1.000000,-0.368399,0.753243,0.239753,0.114854
0.016106,-0.368399,1.000000,0.302213,-0.338463,-0.188999
-0.219470,0.753243,0.302213,1.000000,-0.009106,-0.020118
-0.467560,0.239753,-0.338463,-0.009106,1.000000,0.191254
-0.094470,0.114854,-0.188999,-0.020118,0.191254,1.000000
