atmos_pressure, temp_mean, rh_mean, vapor_pressure_mean, wspd_arith_mean, tbrg_precip_total_corr
1.000000,-0.445372,0.009960,-0.459298,-0.360591,-0.095883
-0.445372,1.000000,-0.512390,0.769906,0.236826,0.195504
0.009960,-0.512390,1.000000,0.101433,-0.062395,-0.023415
-0.459298,0.769906,0.101433,1.000000,0.209580,0.213182
-0.360591,0.236826,-0.062395,0.209580,1.000000,0.029365
-0.095883,0.195504,-0.023415,0.213182,0.029365,1.000000
