atmos_pressure, temp_mean, rh_mean, vapor_pressure_mean, wspd_arith_mean, tbrg_precip_total_corr
1.000000,-0.310413,-0.111200,-0.284860,-0.243106,-0.051227
-0.310413,1.000000,-0.421364,0.873627,0.483503,0.147458
-0.111200,-0.421364,1.000000,0.013198,-0.306965,-0.075757
-0.284860,0.873627,0.013198,1.000000,0.391602,0.133241
-0.243106,0.483503,-0.306965,0.391602,1.000000,0.082062
-0.051227,0.147458,-0.075757,0.133241,0.082062,1.000000
