atmos_pressure, temp_mean, rh_mean, vapor_pressure_mean, wspd_arith_mean, tbrg_precip_total_corr
1.000000,0.248103,0.049563,0.344764,-0.382693,0.012262
0.248103,1.000000,-0.250123,0.965122,-0.023895,0.139177
0.049563,-0.250123,1.000000,-0.047875,-0.152773,-0.128949
0.344764,0.965122,-0.047875,1.000000,-0.116914,0.116874
-0.382693,-0.023895,-0.152773,-0.116914,1.000000,0.156446
0.012262,0.139177,-0.128949,0.116874,0.156446,1.000000
