atmos_pressure, temp_mean, rh_mean, vapor_pressure_mean, wspd_arith_mean
1.000000,-0.529911,-0.074502,-0.511674,-0.200451
-0.529911,1.000000,-0.360139,0.818972,0.107464
-0.074502,-0.360139,1.000000,0.161589,-0.204438
-0.511674,0.818972,0.161589,1.000000,-0.000482
-0.200451,0.107464,-0.204438,-0.000482,1.000000
