atmos_pressure, temp_mean, rh_mean, vapor_pressure_mean, wspd_arith_mean, tbrg_precip_total_corr
1.000000,-0.502390,0.134927,-0.393403,-0.223733,-0.153441
-0.502390,1.000000,-0.143693,0.920970,0.124521,0.181521
0.134927,-0.143693,1.000000,0.086394,-0.229498,-0.143974
-0.393403,0.920970,0.086394,1.000000,0.075024,0.165203
-0.223733,0.124521,-0.229498,0.075024,1.000000,0.185641
-0.153441,0.181521,-0.143974,0.165203,0.185641,1.000000
