atmos_pressure, temp_mean, rh_mean, vapor_pressure_mean, wspd_arith_mean
1.000000,-0.532727,0.117843,-0.394590,-0.333845
-0.532727,1.000000,-0.324732,0.808826,0.146940
0.117843,-0.324732,1.000000,0.204323,-0.329199
-0.394590,0.808826,0.204323,1.000000,-0.023676
-0.333845,0.146940,-0.329199,-0.023676,1.000000
