atmos_pressure, temp_mean, rh_mean, vapor_pressure_mean, wspd_arith_mean
1.000000,-0.442327,0.084578,-0.357206,-0.326728
-0.442327,1.000000,-0.404236,0.804377,0.222134
0.084578,-0.404236,1.000000,0.152243,-0.392881
-0.357206,0.804377,0.152243,1.000000,0.005506
-0.326728,0.222134,-0.392881,0.005506,1.000000
