atmos_pressure, temp_mean, rh_mean, vapor_pressure_mean, wspd_arith_mean
1.000000,-0.498089,0.039535,-0.447302,-0.258776
-0.498089,1.000000,-0.435432,0.836768,0.143546
0.039535,-0.435432,1.000000,0.062035,-0.288125
-0.447302,0.836768,0.062035,1.000000,-0.006923
-0.258776,0.143546,-0.288125,-0.006923,1.000000
