atmos_pressure, temp_mean, rh_mean, vapor_pressure_mean, wspd_arith_mean, tbrg_precip_total_corr
1.000000,-0.318830,0.053146,-0.250251,-0.256111,-0.008994
-0.318830,1.000000,-0.216025,0.970669,-0.120846,0.202482
0.053146,-0.216025,1.000000,-0.070901,-0.186157,-0.167630
-0.250251,0.970669,-0.070901,1.000000,-0.169498,0.199647
-0.256111,-0.120846,-0.186157,-0.169498,1.000000,0.148192
-0.008994,0.202482,-0.167630,0.199647,0.148192,1.000000
