atmos_pressure, temp_mean, rh_mean, vapor_pressure_mean, wspd_arith_mean, tbrg_precip_total_corr
1.000000,-0.227593,0.139839,-0.155844,-0.174887,-0.108816
-0.227593,1.000000,-0.412728,0.947494,0.081937,0.197410
0.139839,-0.412728,1.000000,-0.157612,-0.171031,-0.152266
-0.155844,0.947494,-0.157612,1.000000,0.064757,0.167984
-0.174887,0.081937,-0.171031,0.064757,1.000000,0.304097
-0.108816,0.197410,-0.152266,0.167984,0.304097,1.000000
