atmos_pressure, temp_mean, rh_mean, vapor_pressure_mean, wspd_arith_mean, tbrg_precip_total_corr
1.000000,0.229548,0.103539,0.387039,-0.407281,0.041160
0.229548,1.000000,0.386637,0.873792,-0.002139,0.194125
0.103539,0.386637,1.000000,0.261468,-0.054740,0.008121
0.387039,0.873792,0.261468,1.000000,-0.168964,0.215211
-0.407281,-0.002139,-0.054740,-0.168964,1.000000,0.210231
0.041160,0.194125,0.008121,0.215211,0.210231,1.000000
