atmos_pressure, temp_mean, rh_mean, vapor_pressure_mean, wspd_arith_mean
1.000000,-0.592893,0.361466,-0.525687,-0.285741
-0.592893,1.000000,-0.783534,0.733690,0.182351
0.361466,-0.783534,1.000000,-0.219147,-0.204737
-0.525687,0.733690,-0.219147,1.000000,0.077624
-0.285741,0.182351,-0.204737,0.077624,1.000000
