atmos_pressure, temp_mean, rh_mean, vapor_pressure_mean, wspd_arith_mean, tbrg_precip_total_corr
1.000000,-0.249265,0.134386,-0.174303,-0.262947,-0.138570
-0.249265,1.000000,-0.109285,0.938505,-0.075815,0.141090
0.134386,-0.109285,1.000000,0.084524,-0.098312,0.015151
-0.174303,0.938505,0.084524,1.000000,-0.109438,0.161157
-0.262947,-0.075815,-0.098312,-0.109438,1.000000,0.345710
-0.138570,0.141090,0.015151,0.161157,0.345710,1.000000
