atmos_pressure, temp_mean, rh_mean, vapor_pressure_mean, wspd_arith_mean
1.000000,-0.367571,0.006928,-0.351977,-0.240789
-0.367571,1.000000,-0.249250,0.778536,0.138110
0.006928,-0.249250,1.000000,0.249249,-0.272480
-0.351977,0.778536,0.249249,1.000000,-0.019690
-0.240789,0.138110,-0.272480,-0.019690,1.000000
