atmos_pressure, temp_mean, rh_mean, vapor_pressure_mean, wspd_arith_mean, tbrg_precip_total_corr
1.000000,-0.618211,0.065746,-0.471085,-0.184299,-0.169959
-0.618211,1.000000,-0.186985,0.805880,0.726380,-0.012221
0.065746,-0.186985,1.000000,0.422969,-0.082184,0.168970
-0.471085,0.805880,0.422969,1.000000,0.644560,0.071341
-0.184299,0.726380,-0.082184,0.644560,1.000000,-0.043527
-0.169959,-0.012221,0.168970,0.071341,-0.043527,1.000000
