atmos_pressure, temp_mean, rh_mean, vapor_pressure_mean, wspd_arith_mean, tbrg_precip_total_corr
1.000000,-0.375351,-0.009054,-0.351529,-0.441963,-0.049698
-0.375351,1.000000,-0.353766,0.803479,0.124048,0.182954
-0.009054,-0.353766,1.000000,0.211578,-0.178552,-0.086761
-0.351529,0.803479,0.211578,1.000000,-0.031740,0.155697
-0.441963,0.124048,-0.178552,-0.031740,1.000000,-0.105852
-0.049698,0.182954,-0.086761,0.155697,-0.105852,1.000000
