atmos_pressure, temp_mean, rh_mean, vapor_pressure_mean, wspd_arith_mean, tbrg_precip_total_corr
1.000000,0.260008,0.205165,0.405307,-0.355758,0.173842
0.260008,1.000000,-0.092435,0.916483,-0.067842,0.290771
0.205165,-0.092435,1.000000,0.272492,-0.159332,-0.210359
0.405307,0.916483,0.272492,1.000000,-0.179599,0.203594
-0.355758,-0.067842,-0.159332,-0.179599,1.000000,0.058901
0.173842,0.290771,-0.210359,0.203594,0.058901,1.000000
