atmos_pressure, temp_mean, rh_mean, vapor_pressure_mean, wspd_arith_mean, tbrg_precip_total_corr
1.000000,-0.268327,-0.092591,-0.192041,-0.229558,-0.018970
-0.268327,1.000000,-0.321549,0.877086,0.387551,0.191227
-0.092591,-0.321549,1.000000,0.121075,-0.324547,-0.027457
-0.192041,0.877086,0.121075,1.000000,0.231892,0.171541
-0.229558,0.387551,-0.324547,0.231892,1.000000,0.159873
-0.018970,0.191227,-0.027457,0.171541,0.159873,1.000000
