atmos_pressure, temp_mean, rh_mean, vapor_pressure_mean, wspd_arith_mean
1.000000,-0.373393,0.050750,-0.378827,-0.242958
-0.373393,1.000000,-0.552558,0.719837,0.519485
0.050750,-0.552558,1.000000,0.149840,-0.240728
-0.378827,0.719837,0.149840,1.000000,0.415766
-0.242958,0.519485,-0.240728,0.415766,1.000000
