atmos_pressure, temp_mean, rh_mean, vapor_pressure_mean, wspd_arith_mean, tbrg_precip_total_corr
1.000000,-0.773602,-0.361242,-0.750183,0.060094,-0.042778
-0.773602,1.000000,0.194845,0.981679,-0.257249,0.245830
-0.361242,0.194845,1.000000,0.281937,0.101231,-0.103557
-0.750183,0.981679,0.281937,1.000000,-0.261259,0.247538
0.060094,-0.257249,0.101231,-0.261259,1.000000,0.006462
-0.042778,0.245830,-0.103557,0.247538,0.006462,1.000000
