atmos_pressure, temp_mean, rh_mean, vapor_pressure_mean, wspd_arith_mean, tbrg_precip_total_corr
1.000000,-0.350972,0.013092,-0.293584,-0.375007,-0.048051
-0.350972,1.000000,-0.256055,0.874130,0.039041,-0.000427
0.013092,-0.256055,1.000000,0.191450,-0.237071,0.015033
-0.293584,0.874130,0.191450,1.000000,-0.166461,0.011504
-0.375007,0.039041,-0.237071,-0.166461,1.000000,-0.069634
-0.048051,-0.000427,0.015033,0.011504,-0.069634,1.000000
