atmos_pressure, temp_mean, rh_mean, vapor_pressure_mean, wspd_arith_mean, tbrg_precip_total_corr
1.000000,-0.079977,0.091186,-0.025199,-0.106978,0.009905
-0.079977,1.000000,-0.021370,0.959749,-0.116844,0.157597
0.091186,-0.021370,1.000000,0.182269,-0.212016,-0.115099
-0.025199,0.959749,0.182269,1.000000,-0.171787,0.121877
-0.106978,-0.116844,-0.212016,-0.171787,1.000000,0.325233
0.009905,0.157597,-0.115099,0.121877,0.325233,1.000000
