atmos_pressure, temp_mean, rh_mean, vapor_pressure_mean, wspd_arith_mean
1.000000,-0.356196,0.048388,-0.265125,-0.251519
-0.356196,1.000000,-0.283680,0.819269,0.018543
0.048388,-0.283680,1.000000,0.226701,-0.308889
-0.265125,0.819269,0.226701,1.000000,-0.147076
-0.251519,0.018543,-0.308889,-0.147076,1.000000
