atmos_pressure, temp_mean, rh_mean, vapor_pressure_mean, wspd_arith_mean, tbrg_precip_total_corr
1.000000,-0.190058,0.275756,0.013019,-0.422331,-0.119456
-0.190058,1.000000,-0.401031,0.720335,0.053683,0.182731
0.275756,-0.401031,1.000000,0.300197,-0.465912,-0.061740
0.013019,0.720335,0.300197,1.000000,-0.252774,0.136025
-0.422331,0.053683,-0.465912,-0.252774,1.000000,0.005882
-0.119456,0.182731,-0.061740,0.136025,0.005882,1.000000
