atmos_pressure, temp_mean, rh_mean, vapor_pressure_mean, wspd_arith_mean
1.000000,-0.394207,-0.001666,-0.304484,-0.234235
-0.394207,1.000000,-0.215685,0.838872,-0.008358
-0.001666,-0.215685,1.000000,0.255018,-0.272423
-0.304484,0.838872,0.255018,1.000000,-0.139431
-0.234235,-0.008358,-0.272423,-0.139431,1.000000
