atmos_pressure, temp_mean, rh_mean, vapor_pressure_mean, wspd_arith_mean, tbrg_precip_total_corr
1.000000,-0.119482,0.242145,-0.012953,-0.453690,-0.051312
-0.119482,1.000000,-0.397199,0.798384,-0.131258,0.180289
0.242145,-0.397199,1.000000,0.199328,-0.320731,-0.021585
-0.012953,0.798384,0.199328,1.000000,-0.267772,0.180291
-0.453690,-0.131258,-0.320731,-0.267772,1.000000,-0.107798
-0.051312,0.180289,-0.021585,0.180291,-0.107798,1.000000
