atmos_pressure, temp_mean, rh_mean, vapor_pressure_mean, wspd_arith_mean
1.000000,-0.375044,0.016989,-0.324581,-0.326703
-0.375044,1.000000,-0.342185,0.869581,0.084754
0.016989,-0.342185,1.000000,0.080351,-0.291035
-0.324581,0.869581,0.080351,1.000000,-0.032420
-0.326703,0.084754,-0.291035,-0.032420,1.000000
