atmos_pressure, temp_mean, rh_mean, vapor_pressure_mean, wspd_arith_mean, tbrg_precip_total_corr
1.000000,-0.458340,0.239171,-0.383988,-0.422521,-0.053781
-0.458340,1.000000,-0.358124,0.830334,0.402865,0.114468
0.239171,-0.358124,1.000000,0.150161,-0.422032,0.033334
-0.383988,0.830334,0.150161,1.000000,0.164423,0.157761
-0.422521,0.402865,-0.422032,0.164423,1.000000,-0.013184
-0.053781,0.114468,0.033334,0.157761,-0.013184,1.000000
