atmos_pressure, temp_mean, rh_mean, vapor_pressure_mean, wspd_arith_mean, tbrg_precip_total_corr
1.000000,-0.164366,-0.315225,-0.114157,-0.112607,-0.113867
-0.164366,1.000000,-0.088294,0.940886,0.251794,0.173349
-0.315225,-0.088294,1.000000,0.135450,-0.048133,-0.020981
-0.114157,0.940886,0.135450,1.000000,0.217721,0.152230
-0.112607,0.251794,-0.048133,0.217721,1.000000,0.317782
-0.113867,0.173349,-0.020981,0.152230,0.317782,1.000000
