atmos_pressure, temp_mean, rh_mean, vapor_pressure_mean, wspd_arith_mean
1.000000,-0.411488,0.015663,-0.328797,-0.290600
-0.411488,1.000000,-0.297392,0.834902,0.160745
0.015663,-0.297392,1.000000,0.184908,-0.299715
-0.328797,0.834902,0.184908,1.000000,0.016913
-0.290600,0.160745,-0.299715,0.016913,1.000000
