atmos_pressure, temp_mean, rh_mean, vapor_pressure_mean, wspd_arith_mean, tbrg_precip_total_corr
1.000000,-0.002482,-0.100498,-0.059063,-0.068888,0.018740
-0.002482,1.000000,-0.100261,0.914595,-0.141676,-0.006950
-0.100498,-0.100261,1.000000,0.274080,-0.083522,-0.082583
-0.059063,0.914595,0.274080,1.000000,-0.183108,-0.054451
-0.068888,-0.141676,-0.083522,-0.183108,1.000000,0.333941
0.018740,-0.006950,-0.082583,-0.054451,0.333941,1.000000
