atmos_pressure, temp_mean, rh_mean, vapor_pressure_mean, wspd_arith_mean, tbrg_precip_total_corr
1.000000,0.178973,0.071415,0.201935,-0.258645,-0.067119
0.178973,1.000000,0.204210,0.931630,-0.022166,0.168150
0.071415,0.204210,1.000000,0.486484,-0.091640,0.040819
0.201935,0.931630,0.486484,1.000000,-0.071269,0.153161
-0.258645,-0.022166,-0.091640,-0.071269,1.000000,0.454212
-0.067119,0.168150,0.040819,0.153161,0.454212,1.000000
