atmos_pressure, temp_mean, rh_mean, vapor_pressure_mean, wspd_arith_mean, tbrg_precip_total_corr
1.000000,0.029259,-0.009757,0.110712,-0.023094,0.057472
0.029259,1.000000,0.096431,0.954131,0.115470,0.211358
-0.009757,0.096431,1.000000,0.280720,0.076304,-0.073533
0.110712,0.954131,0.280720,1.000000,0.100146,0.176580
-0.023094,0.115470,0.076304,0.100146,1.000000,0.248961
0.057472,0.211358,-0.073533,0.176580,0.248961,1.000000
