atmos_pressure, temp_mean, rh_mean, vapor_pressure_mean, wspd_arith_mean, tbrg_precip_total_corr
1.000000,-0.082126,-0.130137,-0.012598,-0.235853,0.026545
-0.082126,1.000000,0.440022,0.871085,0.136212,0.213879
-0.130137,0.440022,1.000000,0.312611,-0.095584,-0.026685
-0.012598,0.871085,0.312611,1.000000,0.174498,0.240809
-0.235853,0.136212,-0.095584,0.174498,1.000000,0.262238
0.026545,0.213879,-0.026685,0.240809,0.262238,1.000000
