atmos_pressure, temp_mean, rh_mean, vapor_pressure_mean, wspd_arith_mean, tbrg_precip_total_corr
1.000000,-0.285519,0.170314,-0.197360,-0.448696,0.059210
-0.285519,1.000000,-0.331863,0.835914,0.148165,0.121451
0.170314,-0.331863,1.000000,0.198821,-0.447301,-0.037357
-0.197360,0.835914,0.198821,1.000000,-0.081970,0.116831
-0.448696,0.148165,-0.447301,-0.081970,1.000000,-0.047583
0.059210,0.121451,-0.037357,0.116831,-0.047583,1.000000
