atmos_pressure, temp_mean, rh_mean, vapor_pressure_mean, wspd_arith_mean, tbrg_precip_total_corr
1.000000,-0.000956,-0.096478,0.030488,-0.189941,-0.114795
-0.000956,1.000000,0.122867,0.963600,0.031203,0.214165
-0.096478,0.122867,1.000000,0.291429,-0.236339,0.036904
0.030488,0.963600,0.291429,1.000000,-0.025148,0.213371
-0.189941,0.031203,-0.236339,-0.025148,1.000000,0.173045
-0.114795,0.214165,0.036904,0.213371,0.173045,1.000000
