atmos_pressure, temp_mean, rh_mean, vapor_pressure_mean, wspd_arith_mean, tbrg_precip_total_corr
1.000000,0.125622,-0.094570,0.119470,-0.129884,-0.010253
0.125622,1.000000,-0.092060,0.972469,0.061625,0.199360
-0.094570,-0.092060,1.000000,0.045364,-0.214359,0.002651
0.119470,0.972469,0.045364,1.000000,0.026506,0.206715
-0.129884,0.061625,-0.214359,0.026506,1.000000,0.209944
-0.010253,0.199360,0.002651,0.206715,0.209944,1.000000
