atmos_pressure, temp_mean, rh_mean, vapor_pressure_mean, wspd_arith_mean, tbrg_precip_total_corr
1.000000,-0.063351,0.204544,0.008489,-0.233972,-0.104364
-0.063351,1.000000,-0.115030,0.943535,-0.018764,0.119301
0.204544,-0.115030,1.000000,0.150779,-0.344998,-0.115895
0.008489,0.943535,0.150779,1.000000,-0.111211,0.081546
-0.233972,-0.018764,-0.344998,-0.111211,1.000000,0.183732
-0.104364,0.119301,-0.115895,0.081546,0.183732,1.000000
