atmos_pressure, temp_mean, rh_mean, vapor_pressure_mean, wspd_arith_mean
1.000000,-0.433336,-0.061782,-0.380728,-0.202972
-0.433336,1.000000,-0.204166,0.870345,0.066396
-0.061782,-0.204166,1.000000,0.201326,-0.406595
-0.380728,0.870345,0.201326,1.000000,-0.104210
-0.202972,0.066396,-0.406595,-0.104210,1.000000
