atmos_pressure, temp_mean, rh_mean, vapor_pressure_mean, wspd_arith_mean, tbrg_precip_total_corr
1.000000,-0.284341,0.355993,-0.065562,-0.112201,-0.083679
-0.284341,1.000000,-0.487483,0.735118,-0.044453,0.078022
0.355993,-0.487483,1.000000,0.190123,-0.271864,-0.013104
-0.065562,0.735118,0.190123,1.000000,-0.268977,0.069812
-0.112201,-0.044453,-0.271864,-0.268977,1.000000,-0.130090
-0.083679,0.078022,-0.013104,0.069812,-0.130090,1.000000
