atmos_pressure, temp_mean, rh_mean, vapor_pressure_mean, wspd_arith_mean, tbrg_precip_total_corr
1.000000,-0.453494,0.127225,-0.315448,-0.244153,-0.127182
-0.453494,1.000000,-0.455363,0.478285,0.119119,0.027492
0.127225,-0.455363,1.000000,0.515565,-0.135637,-0.079044
-0.315448,0.478285,0.515565,1.000000,-0.060795,-0.056316
-0.244153,0.119119,-0.135637,-0.060795,1.000000,0.047774
-0.127182,0.027492,-0.079044,-0.056316,0.047774,1.000000
