atmos_pressure, temp_mean, rh_mean, vapor_pressure_mean, wspd_arith_mean
1.000000,-0.318647,0.077217,-0.200778,-0.221460
-0.318647,1.000000,-0.304296,0.763385,0.049972
0.077217,-0.304296,1.000000,0.300399,-0.237232
-0.200778,0.763385,0.300399,1.000000,-0.115542
-0.221460,0.049972,-0.237232,-0.115542,1.000000
