atmos_pressure, temp_mean, rh_mean, vapor_pressure_mean, wspd_arith_mean, tbrg_precip_total_corr
1.000000,0.091289,0.161592,0.201022,-0.235787,-0.094035
0.091289,1.000000,-0.348901,0.949158,0.149205,0.189157
0.161592,-0.348901,1.000000,-0.120030,-0.166442,-0.039052
0.201022,0.949158,-0.120030,1.000000,0.112344,0.198362
-0.235787,0.149205,-0.166442,0.112344,1.000000,0.216879
-0.094035,0.189157,-0.039052,0.198362,0.216879,1.000000
