atmos_pressure, temp_mean, rh_mean, vapor_pressure_mean, wspd_arith_mean, tbrg_precip_total_corr
1.000000,-0.378041,-0.178571,-0.447301,-0.487373,-0.091773
-0.378041,1.000000,-0.280041,0.806059,0.149698,0.164197
-0.178571,-0.280041,1.000000,0.269743,-0.027508,0.009415
-0.447301,0.806059,0.269743,1.000000,0.147152,0.197149
-0.487373,0.149698,-0.027508,0.147152,1.000000,0.052165
-0.091773,0.164197,0.009415,0.197149,0.052165,1.000000
