atmos_pressure, temp_mean, rh_mean, vapor_pressure_mean, wspd_arith_mean, tbrg_precip_total_corr
1.000000,-0.128999,-0.097239,-0.077170,-0.156015,-0.039629
-0.128999,1.000000,0.108642,0.973426,-0.122975,0.224363
-0.097239,0.108642,1.000000,0.254503,-0.065707,0.026146
-0.077170,0.973426,0.254503,1.000000,-0.160227,0.220728
-0.156015,-0.122975,-0.065707,-0.160227,1.000000,0.140105
-0.039629,0.224363,0.026146,0.220728,0.140105,1.000000
