atmos_pressure, temp_mean, rh_mean, vapor_pressure_mean, wspd_arith_mean
1.000000,-0.517392,0.046228,-0.383591,-0.345265
-0.517392,1.000000,-0.204530,0.831550,0.079516
0.046228,-0.204530,1.000000,0.276595,-0.227980
-0.383591,0.831550,0.276595,1.000000,-0.036401
-0.345265,0.079516,-0.227980,-0.036401,1.000000
