atmos_pressure, temp_mean, rh_mean, vapor_pressure_mean, wspd_arith_mean
1.000000,-0.424941,-0.043275,-0.462445,-0.312934
-0.424941,1.000000,-0.445361,0.741748,0.077283
-0.043275,-0.445361,1.000000,0.196763,-0.064641
-0.462445,0.741748,0.196763,1.000000,0.076544
-0.312934,0.077283,-0.064641,0.076544,1.000000
