atmos_pressure, temp_mean, rh_mean, vapor_pressure_mean, wspd_arith_mean, tbrg_precip_total_corr
1.000000,0.300626,-0.079795,0.319933,-0.148341,0.050360
0.300626,1.000000,-0.101209,0.966380,-0.048212,0.167335
-0.079795,-0.101209,1.000000,0.074122,-0.236910,-0.074703
0.319933,0.966380,0.074122,1.000000,-0.104258,0.148048
-0.148341,-0.048212,-0.236910,-0.104258,1.000000,0.172951
0.050360,0.167335,-0.074703,0.148048,0.172951,1.000000
