atmos_pressure, temp_mean, rh_mean, vapor_pressure_mean, wspd_arith_mean, tbrg_precip_total_corr
1.000000,-0.312950,-0.009930,-0.311390,-0.207422,-0.150844
-0.312950,1.000000,-0.165937,0.926683,-0.048568,0.129003
-0.009930,-0.165937,1.000000,0.147560,-0.179603,-0.075147
-0.311390,0.926683,0.147560,1.000000,-0.140581,0.094091
-0.207422,-0.048568,-0.179603,-0.140581,1.000000,0.355933
-0.150844,0.129003,-0.075147,0.094091,0.355933,1.000000
