atmos_pressure, temp_mean, rh_mean, vapor_pressure_mean, wspd_arith_mean
1.000000,-0.409997,-0.012389,-0.343458,-0.329440
-0.409997,1.000000,-0.304233,0.846648,0.125848
-0.012389,-0.304233,1.000000,0.161566,-0.226024
-0.343458,0.846648,0.161566,1.000000,0.026426
-0.329440,0.125848,-0.226024,0.026426,1.000000
