atmos_pressure, temp_mean, rh_mean, vapor_pressure_mean, wspd_arith_mean
1.000000,-0.374639,-0.145880,-0.348414,-0.265759
-0.374639,1.000000,-0.216726,0.816049,0.055914
-0.145880,-0.216726,1.000000,0.299287,-0.165270
-0.348414,0.816049,0.299287,1.000000,-0.027399
-0.265759,0.055914,-0.165270,-0.027399,1.000000
