atmos_pressure, temp_mean, rh_mean, vapor_pressure_mean, wspd_arith_mean, tbrg_precip_total_corr
1.000000,-0.517941,-0.330672,-0.646115,-0.379461,-0.002018
-0.517941,1.000000,-0.254307,0.722996,0.285825,0.061777
-0.330672,-0.254307,1.000000,0.422030,-0.147706,-0.076297
-0.646115,0.722996,0.422030,1.000000,0.165726,0.038093
-0.379461,0.285825,-0.147706,0.165726,1.000000,-0.001778
-0.002018,0.061777,-0.076297,0.038093,-0.001778,1.000000
