atmos_pressure, temp_mean, rh_mean, vapor_pressure_mean, wspd_arith_mean
1.000000,-0.452578,-0.087571,-0.420069,-0.304117
-0.452578,1.000000,-0.317912,0.858499,0.091886
-0.087571,-0.317912,1.000000,0.135068,-0.148107
-0.420069,0.858499,0.135068,1.000000,0.001915
-0.304117,0.091886,-0.148107,0.001915,1.000000
