atmos_pressure, temp_mean, rh_mean, vapor_pressure_mean, wspd_arith_mean, tbrg_precip_total_corr
1.000000,-0.729678,0.233234,-0.653367,-0.197113,-0.187047
-0.729678,1.000000,-0.510313,0.694593,0.040755,0.203668
0.233234,-0.510313,1.000000,0.184606,0.009033,-0.158843
-0.653367,0.694593,0.184606,1.000000,0.056649,0.109644
-0.197113,0.040755,0.009033,0.056649,1.000000,-0.036979
-0.187047,0.203668,-0.158843,0.109644,-0.036979,1.000000
