atmos_pressure, temp_mean, rh_mean, vapor_pressure_mean, wspd_arith_mean
1.000000,-0.415920,-0.015823,-0.335313,-0.374010
-0.415920,1.000000,-0.209587,0.832124,0.124644
-0.015823,-0.209587,1.000000,0.291457,-0.210401
-0.335313,0.832124,0.291457,1.000000,-0.001159
-0.374010,0.124644,-0.210401,-0.001159,1.000000
