atmos_pressure, temp_mean, rh_mean, vapor_pressure_mean, wspd_arith_mean, tbrg_precip_total_corr
1.000000,-0.143979,-0.061491,-0.097921,-0.124315,-0.011301
-0.143979,1.000000,-0.151710,0.976395,-0.046889,0.283163
-0.061491,-0.151710,1.000000,-0.045225,-0.117799,-0.068145
-0.097921,0.976395,-0.045225,1.000000,-0.085921,0.284732
-0.124315,-0.046889,-0.117799,-0.085921,1.000000,0.151616
-0.011301,0.283163,-0.068145,0.284732,0.151616,1.000000
