atmos_pressure, temp_mean, rh_mean, vapor_pressure_mean, wspd_arith_mean, tbrg_precip_total_corr
1.000000,-0.355324,-0.098860,-0.369998,-0.525309,-0.115302
-0.355324,1.000000,-0.277851,0.822236,0.239938,0.247658
-0.098860,-0.277851,1.000000,0.261129,-0.065992,-0.001576
-0.369998,0.822236,0.261129,1.000000,0.179246,0.248890
-0.525309,0.239938,-0.065992,0.179246,1.000000,0.102807
-0.115302,0.247658,-0.001576,0.248890,0.102807,1.000000
