atmos_pressure, temp_mean, rh_mean, vapor_pressure_mean, wspd_arith_mean
1.000000,-0.404835,-0.072543,-0.355870,-0.215713
-0.404835,1.000000,-0.204634,0.858250,0.024350
-0.072543,-0.204634,1.000000,0.236462,-0.148073
-0.355870,0.858250,0.236462,1.000000,-0.055194
-0.215713,0.024350,-0.148073,-0.055194,1.000000
