atmos_pressure, temp_mean, rh_mean, vapor_pressure_mean, wspd_arith_mean
1.000000,-0.577938,0.095296,-0.584218,-0.326141
-0.577938,1.000000,-0.544400,0.800429,0.203653
0.095296,-0.544400,1.000000,-0.017074,-0.145547
-0.584218,0.800429,-0.017074,1.000000,0.160538
-0.326141,0.203653,-0.145547,0.160538,1.000000
